Truth,Model,Critic
C,"To find the activation energy $ E_a $, we use the **Arrhenius equation** in its two-temperature form:

$$
\ln\left(\frac{k_2}{k_1}\right) = -\frac{E_a}{R} \left( \frac{1}{T_2} - \frac{1}{T_1} \right)
$$

Where:
- $ k_2/k_1 = 30 $ (rate at 75.0°C is 30 times faster than at 25.0°C)
- $ T_1 = 25.0^\circ C = 298.15 \, \text{K} $
- $ T_2 = 75.0^\circ C = 348.15 \, \text{K} $
- $ R = 8.314 \, \text{J/mol·K} $

Now plug in the values:

$$
\ln(30) = -\frac{E_a}{8.314} \left( \frac{1}{348.15} - \frac{1}{298.15} \right)
$$

First, calculate the temperature difference term:

$$
\frac{1}{348.15} - \frac{1}{298.15} = \frac{298.15 - 348.15}{348.15 \cdot 298.15} = \frac{-50}{348.15 \cdot 298.15}
$$

$$
\approx \frac{-50}{103742.32} \approx -0.0004823
$$

Now plug into the equation:

$$
\ln(30) = -\frac{E_a}{8.314} \cdot (-0.0004823)
$$

$$
3.4012 = \frac{E_a}{8.314} \cdot 0.0004823
$$

$$
E_a = \frac{3.4012 \cdot 8.314}{0.0004823}
$$

$$
E_a \approx \frac{28.34}{0.0004823} \approx 58630 \, \text{J/mol} = 58.6 \, \text{kJ/mol}
$$

### Answer: **C**",yes
B,"The correct answer is **B**.

**Explanation:**  
A catalyst increases the rate of a reaction by providing an alternative reaction pathway with a lower activation energy. This applies to both the forward and reverse reactions. Therefore, a catalyst decreases the activation energies of both the direct and reverse reactions equally, which allows more molecules to have enough energy to overcome the activation barrier, thus increasing the reaction rate.

**Answer: B**",yes
C,"The most common hybridization of the carbon atoms in the 1,4-cyclohexadiene molecule is **sp²**.

In 1,4-cyclohexadiene, the carbon atoms in the double bonds (positions 1 and 4) are each bonded to two other carbon atoms and one double bond, which means they are **sp² hybridized**. The other carbon atoms in the ring are single-bonded and are **sp³ hybridized**, but the question asks for the **most common** hybridization, which refers to the double-bonded carbons.

Answer: **C**",yes
A,"To determine which compound has the highest boiling point based on intermolecular forces, we need to consider the strength of the intermolecular forces (primarily London dispersion forces) in each compound.

### Key Concepts:
- **Boiling point** is determined by the strength of intermolecular forces.
- **London dispersion forces** are the primary intermolecular forces in nonpolar molecules and increase with molecular size and surface area.
- **Polar molecules** (like ethers) may have dipole-dipole interactions in addition to London dispersion forces, which can also influence boiling point.

### Compounds:
- **(A) 2-methylbutane**: A branched alkane. It has a smaller surface area and lower molecular weight than straight-chain alkanes of similar molecular weight.
- **(B) 2-methylpropane**: A branched alkane with a smaller molecular weight than butane.
- **(C) Butane**: A straight-chain alkane with a higher molecular weight than 2-methylbutane and 2-methylpropane.
- **(D) Dimethylether**: A polar molecule with dipole-dipole interactions in addition to London dispersion forces.

### Analysis:
- **Butane (C)** is a straight-chain alkane with a higher molecular weight than 2-methylbutane and 2-methylpropane, so it has stronger London dispersion forces.
- **Dimethylether (D)** is a polar molecule with dipole-dipole interactions, which can increase its boiling point compared to nonpolar alkanes of similar molecular weight.
- However, **butane** has a **higher molecular weight** than dimethylether (butane is C₄H₁₀, dimethylether is C₂H₆O), so it has stronger London dispersion forces, leading to a **higher boiling point** than dimethylether.

### Conclusion:
The compound with the **highest boiling point** is **butane (C)**.

**Answer: C**",No.
-285.8,"To find the **standard enthalpy change of combustion of H₂**, we need to consider the **combustion reaction of hydrogen gas**:

$$
\ce{H2(g) + 1/2 O2(g) -> H2O(l)}
$$

The **standard enthalpy change of combustion** is the enthalpy change when one mole of a substance is completely burned in oxygen under standard conditions.

We are given:

- ΔHf° of CH₄(g) = -74.8 kJ/mol  
- ΔHf° of H₂O(l) = -285.8 kJ/mol  

However, these values are for **methane** and **water**, not for **hydrogen**. To find the enthalpy change of combustion of **H₂**, we need to use the standard enthalpy of formation of **H₂O(l)** directly.

For the combustion of **H₂**:

$$
\ce{H2(g) + 1/2 O2(g) -> H2O(l)} \quad \Delta H^\circ = \Delta H_f^\circ(\ce{H2O(l)}) - \Delta H_f^\circ(\ce{H2(g)}) - \Delta H_f^\circ(\ce{O2(g)})
$$

Since the standard enthalpy of formation of **H₂(g)** and **O₂(g)** is **0 kJ/mol** (they are in their standard states), the equation simplifies to:

$$
\Delta H^\circ = \Delta H_f^\circ(\ce{H2O(l)}) = -285.8 \, \text{kJ/mol}
$$

### ✅ Final Answer: **-285.8 kJ mol⁻¹**

If you are to choose from options like A, B, C, D, and the value is -285.8, then the correct answer is:

**D** (assuming D is the option for -285.8 kJ mol⁻¹) or **-285.8** if a numerical answer is expected.

Since the question says:  
> ""Reply with the single letter corresponding to the correct answer (e.g., A, B, C, D or a numerical value).""

And the correct value is **-285.8 kJ mol⁻¹**, the answer is:

**-285.8**",yes
26.7,"To find the number of moles of **H₂** at equilibrium, we start with the reaction:

$$
\ce{CO + H2O <=> CO2 + H2}
$$

Given:
- Initial moles:
  - $\ce{CO} = 40$
  - $\ce{H2O} = 40$
  - $\ce{CO2} = 20$
  - $\ce{H2} = 20$
- Total volume is constant (not given, but we can assume it's 1 L for simplicity in calculating $K_p$).
- $K_p = 0.64$ at 1100 K.

Let the change in moles be $x$. Then:

- $\ce{CO}$ decreases by $x$: $40 - x$
- $\ce{H2O}$ decreases by $x$: $40 - x$
- $\ce{CO2}$ increases by $x$: $20 + x$
- $\ce{H2}$ increases by $x$: $20 + x$

Now, express the equilibrium partial pressures in terms of $x$. Assuming ideal gas behavior and that the volume is constant (so partial pressures are proportional to moles), we can write:

$$
K_p = \frac{P_{\ce{CO2}} \cdot P_{\ce{H2}}}{P_{\ce{CO}} \cdot P_{\ce{H2O}}}
$$

Since the volume is constant, and assuming pressure is proportional to moles:

$$
K_p = \frac{(20 + x)(20 + x)}{(40 - x)(40 - x)} = \frac{(20 + x)^2}{(40 - x)^2}
$$

Given $K_p = 0.64$, so:

$$
\frac{(20 + x)^2}{(40 - x)^2} = 0.64
$$

Take square root of both sides:

$$
\frac{20 + x}{40 - x} = \sqrt{0.64} = 0.8
$$

Now solve for $x$:

$$
20 + x = 0.8(40 - x) \\
20 + x = 32 - 0.8x \\
x + 0.8x = 32 - 20 \\
1.8x = 12 \\
x = \frac{12}{1.8} = 6.6667
$$

So, the final moles of $\ce{H2}$ is:

$$
20 + x = 20 + 6.6667 = 26.6667 \approx 26.67
$$

**Answer: D (26.67)**

But since the question asks to reply with a **single letter** corresponding to the correct answer, and no options are given, we assume the answer is expected to be a **numerical value**.

### ✅ Final Answer: **26.67** (numerical value)",yes
55.5,"To convert the density of water from $\pu{1 g cm^{-3}}$ to $\pu{mol dm^{-3}}$, follow these steps:

1. **Understand the units:**
   - $\pu{1 g cm^{-3}}$ is the density of water.
   - $\pu{dm^3}$ is a cubic decimeter, which is equal to $1000 \, \pu{cm^3}$.
   - $\pu{mol dm^{-3}}$ is molarity (moles per cubic decimeter).

2. **Convert density to $\pu{g dm^{-3}}$:**
   $$
   \pu{1 g cm^{-3}} = \pu{1 g cm^{-3}} \times \frac{1000 \, \pu{cm^3}}{1 \, \pu{dm^3}} = \pu{1000 g dm^{-3}}
   $$

3. **Find the molar mass of water:**
   - Water ($\mathrm{H_2O}$) has a molar mass of approximately $18.015 \, \pu{g/mol}$.

4. **Calculate the molarity:**
   $$
   \text{Molarity} = \frac{\text{Density (g dm}^{-3})}{\text{Molar mass (g/mol)}} = \frac{1000}{18.015} \approx 55.5 \, \pu{mol dm^{-3}}
   $$

**Answer: 55.5**",yes
C,"To find the **percentage of ionized oxalic acid** in the solution, we need to use the **freezing point depression** formula:

$$
\Delta T_f = i K_f m
$$

Where:

- $\Delta T_f = 1.31^\circ C$ (observed freezing point depression)
- $K_f = 1.86^\circ C \cdot mol^{-1}$ (freezing point depression constant for water)
- $m$ = molality of the solution
- $i$ = van't Hoff factor (which depends on the degree of ionization)

---

### Step 1: Calculate the molality of the solution

Molar mass of oxalic acid ($\ce{H2C2O4}$) = 90.04 g/mol  
Mass of oxalic acid = 5.00 g  
Mass of water = 100.0 g = 0.100 kg

$$
\text{Moles of oxalic acid} = \frac{5.00}{90.04} \approx 0.0555 \, \text{mol}
$$

$$
\text{Molality} = \frac{0.0555}{0.100} = 0.555 \, \text{mol/kg}
$$

---

### Step 2: Use the freezing point depression formula

$$
\Delta T_f = i K_f m
$$

$$
1.31 = i \times 1.86 \times 0.555
$$

$$
1.31 = i \times 1.0317
$$

$$
i = \frac{1.31}{1.0317} \approx 1.27
$$

---

### Step 3: Determine the van't Hoff factor for oxalic acid

Oxalic acid is a **dibasic acid**, so it can dissociate as:

$$
\ce{H2C2O4 -> 2H+ + C2O4^{2-}}
$$

So, the van't Hoff factor $i$ is:

$$
i = 1 + \alpha(2 - 1) = 1 + \alpha
$$

Where $\alpha$ is the degree of ionization.

We found $i = 1.27$, so:

$$
1.27 = 1 + \alpha \Rightarrow \alpha = 0.27
$$

Therefore, the **percentage ionization** is:

$$
\alpha \times 100 = 27\%
$$

---

### Final Answer:

**(C) 26.8**

$\boxed{\text{C}}$",yes
3.86,"The pKa of a substance is calculated using the formula:

$$
\text{pKa} = -\log(K_a)
$$

Given that the acid dissociation constant $ K_a $ of lactic acid is $ 1.38 \times 10^{-4} $, we can calculate the pKa as follows:

$$
\text{pKa} = -\log(1.38 \times 10^{-4})
$$

Using a calculator:

$$
\log(1.38 \times 10^{-4}) = \log(1.38) + \log(10^{-4}) = 0.14 - 4 = -3.86
$$

$$
\text{pKa} = -(-3.86) = 3.86
$$

**Answer: 3.86**",yes
1,"We are given a reaction:

$$
\ce{Xe + xF2 -> XeF4}
$$

And the rate equation is given as:

$$
r = k[\ce{Xe}]^y
$$

We are asked to find the value of $ y $, which is the **order of the reaction with respect to Xe**.

We are given three experimental data points:

---

### **Data 1:**
- $ \text{moles of Xe} = 1 $
- $ \text{moles of F}_2 = 5 $
- Rate $ r_1 = 3.6 \times 10^5 \, \text{mol dm}^{-3} \text{s}^{-1} $

### **Data 2:**
- $ \text{moles of Xe} = 1 $
- $ \text{moles of F}_2 = 10 $
- Rate $ r_2 = 3.6 \times 10^5 \, \text{mol dm}^{-3} \text{s}^{-1} $

### **Data 3:**
- $ \text{moles of Xe} = 2 $
- $ \text{moles of F}_2 = 10 $
- Rate $ r_3 = 7.2 \times 10^5 \, \text{mol dm}^{-3} \text{s}^{-1} $

---

### **Step 1: Analyze Data 1 and Data 2**

In Data 1 and Data 2, the **concentration of Xe is the same** (1 mole), but the **concentration of F₂ doubles** (from 5 to 10 moles). The rate **does not change**.

This implies that the rate is **independent of the concentration of F₂**, so the reaction is **zero-order** with respect to F₂.

But the rate equation is given as:

$$
r = k[\ce{Xe}]^y
$$

So, the rate **depends only on [Xe]**, and **not on [F₂]**. Therefore, the rate is **first-order** in Xe if $ y = 1 $, **second-order** if $ y = 2 $, etc.

---

### **Step 2: Analyze Data 1 and Data 3**

In Data 1:  
- [Xe] = 1  
- [F₂] = 5  
- Rate = $ 3.6 \times 10^5 $

In Data 3:  
- [Xe] = 2  
- [F₂] = 10  
- Rate = $ 7.2 \times 10^5 $

We can now find the ratio of the rates:

$$
\frac{r_3}{r_1} = \frac{7.2 \times 10^5}{3.6 \times 10^5} = 2
$$

Also, the ratio of [Xe] is:

$$
\frac{[\ce{Xe}]_3}{[\ce{Xe}]_1} = \frac{2}{1} = 2
$$

So,

$$
\frac{r_3}{r_1} = \left( \frac{[\ce{Xe}]_3}{[\ce{Xe}]_1} \right)^y = 2^y
$$

We know that $ \frac{r_3}{r_1} = 2 $, so:

$$
2 = 2^y \Rightarrow y = 1
$$

---

### ✅ Final Answer:

**A. 1**",yes
C,"To determine which solution has the **highest normal boiling point**, we need to consider the **van't Hoff factor (i)** and the **molarity (M)** of each solution. The boiling point elevation is given by the formula:

$$
\Delta T = i \cdot K_b \cdot m
$$

Where:
- $ \Delta T $ is the boiling point elevation,
- $ i $ is the van't Hoff factor (number of particles the solute dissociates into),
- $ K_b $ is the ebullioscopic constant (which is the same for all solutions in this case),
- $ m $ is the molality (molarity in this case, since the solution is dilute).

Since $ K_b $ is constant, the solution with the **highest value of $ i \cdot m $** will have the **highest boiling point**.

Let’s analyze each option:

---

### (A) 0.10 M Na₃PO₄

- Na₃PO₄ dissociates into 3 Na⁺ + PO₄³⁻ → **i = 4**
- $ i \cdot m = 4 \cdot 0.10 = 0.40 $

---

### (B) 0.30 M Na₂HPO₄

- Na₂HPO₄ dissociates into 2 Na⁺ + HPO₄²⁻ → **i = 3**
- $ i \cdot m = 3 \cdot 0.30 = 0.90 $

---

### (C) 0.50 M NaH₂PO₄

- NaH₂PO₄ dissociates into Na⁺ + H₂PO₄⁻ → **i = 2**
- $ i \cdot m = 2 \cdot 0.50 = 1.00 $

---

### (D) 0.70 M H₃PO₄

- H₃PO₄ is a **weak acid**, and in dilute solution, it dissociates only partially.
- In dilute solution, H₃PO₄ dissociates as:
  - H₃PO₄ ⇌ H⁺ + H₂PO₄⁻ (i = 2)
  - H₂PO₄⁻ ⇌ H⁺ + HPO₄²⁻ (i = 3)
  - HPO₄²⁻ ⇌ H⁺ + PO₄³⁻ (i = 4)
- However, since H₃PO₄ is a **weak acid**, it does **not fully dissociate**, so the **van't Hoff factor is less than 4**.
- For example, if only **one** dissociation step is significant, then i ≈ 2.
- If we assume i = 2 (as a rough estimate for dilute solution), then:
  - $ i \cdot m = 2 \cdot 0.70 = 1.40 $

But since H₃PO₄ is a **weak acid**, and not a strong electrolyte, its **actual i is less than 2**, so the **actual value of i·m is less than 1.40**.

---

### Conclusion:

- (A): 0.40
- (B): 0.90
- (C): 1.00
- (D): < 1.40 (but less than 1.40 due to incomplete dissociation)

Thus, **(D) has the highest i·m**, even though it's a weak acid, and **exhibits the highest boiling point**.

### ✅ Answer: **D**",No.
C,"The correct answer is **(C) By operating in the presence of an excess of steam**.

**Explanation:**

The steam reforming reaction is:

$$
\ce{CH4 + H2O <-> CO + H2}
$$

Carbon deposition (i.e., the reverse of the methane decomposition reaction: $\ce{CH4 <-> C + H2}$) is a problem because it reduces the efficiency of the reaction and can clog the catalyst.

To avoid carbon formation, thermodynamic principles suggest that **increasing the amount of steam (H₂O)** shifts the equilibrium to the right, favoring the formation of CO and H₂ and reducing the likelihood of carbon deposition. This is because the reaction is **endothermic**, and **Le Chatelier's principle** tells us that increasing the concentration of a reactant (in this case, steam) will shift the equilibrium toward the products.

- **(A) All the answers are correct** is incorrect because not all the options are necessarily correct based on thermodynamics.
- **(B) By increasing the temperature** may help, but it is not the primary thermodynamic solution for avoiding carbon formation.
- **(C) By operating in the presence of an excess of steam** is the correct thermodynamic approach.
- **(D) Using a noble metal catalyst that is more resistant to carbon deposition** is a practical engineering solution, but it is not based on thermodynamics.

Thus, the correct answer is: **C**.",yes
994,"To calculate the total mass of PAM required for an 80 kg person over 24 hours, follow these steps:

### Step 1: Determine the total moles of PAM needed per day
- Dose per hour: 3 mmol/kg
- Total dose per day:  
  $$
  3 \, \text{mmol/kg} \times 80 \, \text{kg} \times 24 \, \text{hours} = 5760 \, \text{mmol} = 5.76 \, \text{mol}
  $$

### Step 2: Convert moles to grams using molar mass
- Molar mass of PAM = 172.612 g/mol  
- Total mass of PAM:  
  $$
  5.76 \, \text{mol} \times 172.612 \, \text{g/mol} = 995.38 \, \text{g}
  $$

### Final Answer:
**B. 995.38 g**",yes
3.27E-22,"To find the mass of one gold atom, we can use the following information:

- **Avogadro's constant** $ N_A = 6.02 \times 10^{23} \, \text{mol}^{-1} $
- **Molar mass of gold** $ M = 197 \, \text{g/mol} $ (since gold has only one isotope with a relative mass of 197)
- **Mass of one gold atom** $ m = \frac{M}{N_A} $

$$
m = \frac{197 \, \text{g/mol}}{6.02 \times 10^{23} \, \text{mol}^{-1}} \approx 3.27 \times 10^{-22} \, \text{g}
$$

**Answer: $ \boxed{3.27 \times 10^{-22}} $** (numerical value)",yes
A,"The correct answer is: **B**.

**Explanation:**

- **(A) $\Delta G$ is positive for the chemical process during electrolysis**  
  This is **correct** in a general sense, because electrolysis is a non-spontaneous process. However, this is **not the best** or **most specific** answer among the choices. The key point is that **electrolysis requires an external energy source (electric current)** to drive a non-spontaneous reaction, which is what **(B)** states.

- **(B) Electric current is used to drive a non-spontaneous reaction**  
  This is **correct** and **most directly describes the purpose of electrolysis**. Electrolysis is used to drive reactions that would not occur spontaneously under standard conditions.

- **(C) Overvoltage is generally associated with the evolution of $\ce{O2}$ gas**  
  This is **not entirely accurate**. Overvoltage is generally associated with the **evolution of hydrogen gas ($\ce{H2}$)** during electrolysis, not oxygen ($\ce{O2}$). Oxygen evolution typically has a lower overvoltage compared to hydrogen evolution.

Thus, the **best and most accurate** answer is: **B**.",no
B,"To determine the correct order of elements from **least to most charge required** for electroplating 0.1 g of each, we need to calculate the **total charge required** for each element, which is related to the **number of moles of the element** and the **number of electrons transferred per atom** (i.e., the **oxidation state**).

---

### Step 1: Define the variables

Let:
- Atomic mass of X = $ M $
- Atomic mass of W = $ 2M $
- Atomic mass of Y = $ 1.5M $
- Atomic mass of Z = $ 1.25M $

Oxidation states:
- X: $ +2 $
- W: $ +1 $
- Y: $ +3 $
- Z: $ +2 $

We are electroplating **0.1 g** of each element. The **charge required** is:

$$
\text{Charge} = \text{moles} \times \text{charge per mole}
$$

Where:
- **Moles** = $ \frac{\text{mass}}{\text{atomic mass}} $
- **Charge per mole** = $ \text{oxidation state} \times F $, where $ F $ is the Faraday constant (approximately $ 96485 \, \text{C/mol e}^- $)

However, since we are only comparing the **relative** charge required, we can ignore the constant $ F $, and focus on:

$$
\text{Charge} \propto \frac{\text{mass}}{\text{atomic mass}} \times \text{oxidation state}
$$

So, we compute for each element:

---

### Step 2: Compute the charge proportionality

#### For X:
$$
\text{Moles} = \frac{0.1}{M}, \quad \text{Charge} \propto \frac{0.1}{M} \times 2 = \frac{0.2}{M}
$$

#### For W:
$$
\text{Moles} = \frac{0.1}{2M}, \quad \text{Charge} \propto \frac{0.1}{2M} \times 1 = \frac{0.05}{M}
$$

#### For Y:
$$
\text{Moles} = \frac{0.1}{1.5M}, \quad \text{Charge} \propto \frac{0.1}{1.5M} \times 3 = \frac{0.2}{1.5M} = \frac{0.1333}{M}
$$

#### For Z:
$$
\text{Moles} = \frac{0.1}{1.25M}, \quad \text{Charge} \propto \frac{0.1}{1.25M} \times 2 = \frac{0.16}{M}
$$

---

### Step 3: Compare the charge proportions

$$
\text{W} = \frac{0.05}{M}, \quad \text{X} = \frac{0.2}{M}, \quad \text{Y} = \frac{0.1333}{M}, \quad \text{Z} = \frac{0.16}{M}
$$

So the order from **least to most charge required** is:

$$
\text{W} < \text{Y} < \text{Z} < \text{X}
$$

But wait — this contradicts the earlier calculation for Y. Let's recheck the values:

- W: $ \frac{0.05}{M} $
- X: $ \frac{0.2}{M} $
- Y: $ \frac{0.1333}{M} $
- Z: $ \frac{0.16}{M} $

So the correct order is:

$$
\text{W} < \text{Y} < \text{Z} < \text{X}
$$

But none of the options match this. Let's recheck the options:

---

### Option (B): W < Z < X = Y

From our values:
- W = 0.05
- Z = 0.16
- X = 0.2
- Y = 0.1333

So:
- W < Z < Y < X

But **Y < Z** is not correct.

Wait — **Y = 0.1333**, **Z = 0.16**, so Y < Z

So the correct order is:

$$
\text{W} < \text{Y} < \text{Z} < \text{X}
$$

But this",No.
98.4,"To find the percentage of the energy released from burning **1 L of E10** fuel relative to **1 L of E5** fuel (with E5 being 100%), we use the formula:

$$
\text{Percentage} = \left( \frac{\text{Energy from E10}}{\text{Energy from E5}} \right) \times 100
$$

Given:
- Energy from E10 = 30680 kJ  
- Energy from E5 = 31170 kJ  

$$
\text{Percentage} = \left( \frac{30680}{31170} \right) \times 100 \approx 98.41\%
$$

**Answer: 98.41**",yes
B,"The correct answer is: **(A) Activation energy of the reverse reaction is greater than that of the direct reaction**

**Explanation:**

In an **endothermic** reaction, the **enthalpy change (ΔH)** is **positive**, meaning the reaction absorbs heat. 

The **activation energy** of a reaction is the **minimum energy required for the reaction to occur**. 

In general:
- The **activation energy of the reverse reaction** is **greater** than that of the **direct reaction** in an **endothermic** reaction. This is because the reverse reaction (which is **exothermic**) has a lower activation energy, while the forward reaction (endothermic) has a higher activation energy.

Therefore, the correct statement is:

**(A) Activation energy of the reverse reaction is greater than that of the direct reaction**.

**Answer: A**",no
B,"The activation energy of a reaction is the minimum energy required for the reactants to undergo a chemical reaction. It is **not directly related to the enthalpy change (ΔH)** of the reaction. 

In this case, the reaction is:

$$
\ce{A + 2B -> C + 2D}, \quad \Delta H = \pu{25 kJ}
$$

This means the reaction is **endothermic** (ΔH is positive), but the activation energy is a separate concept. The activation energy is the energy barrier that must be overcome for the reaction to proceed, and it is **not necessarily equal to the enthalpy change**.

Therefore, the activation energy could be **greater than, less than, or equal to** the enthalpy change, depending on the specific reaction.

However, in most cases, the activation energy is **greater than the enthalpy change** for an endothermic reaction. This is because the activation energy is the energy required to get the reaction started, and the enthalpy change is the overall energy difference between reactants and products.

So, the correct answer is:

**(B) More than 25 kJ**. 

Answer: **B**.",yes
C,"The correct answer is: **(C) This is due to changes in concentration of reactants and products, following the Nernst equation.**

### Explanation:

The **onset potential** of a reaction is the potential at which the reaction begins to occur under given conditions. The shift in onset potential from the standard potential can be explained by changes in the **concentration of reactants and products**, which affects the **Nernst equation**.

The **Nernst equation** is:

$$
E = E^\circ - \frac{RT}{nF} \ln Q
$$

Where:
- $ E^\circ $ is the standard potential,
- $ R $ is the gas constant,
- $ T $ is the temperature,
- $ n $ is the number of electrons transferred,
- $ F $ is Faraday's constant,
- $ Q $ is the reaction quotient.

If the **concentration of reactants or products changes**, the value of $ Q $ changes, which in turn changes the potential $ E $. This can cause the onset potential to shift **toward a higher or lower potential**, depending on the direction of the concentration change.

### Why not the other options?

- **(A)**: A change in electrode material might affect the **catalytic activity**, but the question specifically refers to **shifts in onset potentials** relative to **standard potentials**, which are defined under standard conditions. So, this is less likely the primary cause.
  
- **(B)**: A change in temperature would affect the **kinetic behavior** of the reaction, but the question is about **shifts in onset potentials**, which are more related to **thermodynamic** (Nernst) factors than kinetic ones.

- **(D)**: Experimental error is unlikely, as the question presents a **consistent shift** in both reactions, which suggests a **systematic change**, not random error.

### Final Answer: **C**",yes
B,"To determine when the **oxidation potential** of a hydrogen half-cell is **negative**, we need to understand the **standard hydrogen electrode (SHE)** and how its potential changes with conditions.

---

### Standard Hydrogen Electrode (SHE):
The standard hydrogen electrode is defined as:

$$
\ce{2 H+ + 2 e^- -> H2(g)} \quad E^\circ = 0 \, \text{V}
$$

This is the **reduction** half-reaction. The **oxidation potential** would be the **reverse** of this:

$$
\ce{H2(g) -> 2 H+ + 2 e^-} \quad E^\circ = 0 \, \text{V}
$$

So, the **oxidation potential** is also **0 V** under standard conditions (1 atm H₂, 1 M H⁺).

---

### General Formula for the Hydrogen Electrode:

The **cell potential** (or **electrode potential**) for the hydrogen electrode can be calculated using the Nernst equation:

$$
E = E^\circ - \frac{RT}{nF} \ln Q
$$

For the hydrogen electrode:

$$
\ce{H2(g) -> 2 H+ + 2 e^-}
$$

The reaction quotient $ Q $ is:

$$
Q = \frac{[\ce{H+}]^2}{P_{\ce{H2}}}
$$

So the Nernst equation becomes:

$$
E = 0 - \frac{RT}{nF} \ln \left( \frac{[\ce{H+}]^2}{P_{\ce{H2}}} \right)
$$

Using the simplified form at 25°C (298 K):

$$
E = - \frac{0.0592}{2} \log \left( \frac{[\ce{H+}]^2}{P_{\ce{H2}}} \right)
$$

$$
E = -0.0296 \log \left( \frac{[\ce{H+}]^2}{P_{\ce{H2}}} \right)
$$

$$
E = -0.0296 \log \left( \frac{[\ce{H+}]^2}{P_{\ce{H2}}} \right)
$$

$$
E = -0.0296 \left[ 2 \log [\ce{H+}] - \log P_{\ce{H2}} \right]
$$

$$
E = -0.0296 \left[ 2 \log [\ce{H+}] - \log P_{\ce{H2}} \right]
$$

This is the **oxidation potential** of the hydrogen electrode.

We are looking for when this potential is **negative**.

---

### Let's evaluate each option:

#### (A) $ P_{\ce{H2}} = 0.2 \, \text{atm}, [\ce{H+}] = 0.2 \, \text{M} $

$$
E = -0.0296 \left[ 2 \log(0.2) - \log(0.2) \right] = -0.0296 \left[ \log(0.2) \right]
$$

$$
\log(0.2) = -0.69897 \Rightarrow E = -0.0296 \times (-0.69897) = +0.0207 \, \text{V}
$$

→ **Positive**, not the answer.

---

#### (B) $ P_{\ce{H2}} = 0.2 \, \text{atm}, [\ce{H+}] = 1 \, \text{M} $

$$
E = -0.0296 \left[ 2 \log(1) - \log(0.2) \right] = -0.0296 \left[ 0 - (-0.69897) \right] = -0.0296 \times 0.69897 = -0.0207 \, \text{V}
$$

→ **Negative** → **This is the correct answer.**

---

#### (C) $ P_{\ce{H2}} = 1 \, \text{atm}, [\ce{H+}] = 1 \, \text{M} $

$$
E = -0.0296 \left[ 2 \log(1) - \log(1) \right] = -0.0296 \times 0 = 0 \, \",yes
0,"The Sabatier reaction is:

CO₂(g) + 4H₂(g) → CH₄(g) + 2H₂O(l)

In this reaction, hydrogen is in the form of H₂ gas in the reactants.

The oxidation number of hydrogen in H₂ is **0**.

Answer: 0",yes
C,"At **T = 0 K**, the system is in its **lowest energy state**, and **thermal motion is absent**. This means:

- **Entropy effects are minimal**, because entropy is a measure of disorder, and at absolute zero, the system is in a perfectly ordered state (no randomness).
- **Energy is the dominant factor** in determining the favorability of adsorption. Adsorption is favored when the system achieves a **lower energy state**.

Therefore, **lower energy penalties are favorable for adsorption**, and **entropy effects are minimal**.

The correct answer is: **(C)**

**Answer: C**",yes
A,"To determine which two diatomic gases are isoelectronic with the **carbide ion (C²⁻)**, we need to compare their electron counts.

### Step 1: Determine the electron count of the carbide ion (C²⁻)
- Carbon has an atomic number of **6**.
- The carbide ion (C²⁻) has **6 + 2 = 8 electrons**.

So, the carbide ion has **8 electrons**.

### Step 2: Determine the electron count of each diatomic gas

#### (A) Carbon monoxide (CO) and nitrogen (N₂)
- **CO**: Carbon has 6 electrons, oxygen has 8 electrons → Total = **14 electrons**
- **N₂**: Nitrogen has 7 electrons, so N₂ has **14 electrons**
- **Total electrons**: 14 (CO) and 14 (N₂) → **Not isoelectronic with C²⁻ (8 electrons)**

#### (B) Nitric oxide (NO) and carbon monoxide (CO)
- **NO**: Nitrogen has 7 electrons, oxygen has 8 → Total = **15 electrons**
- **CO**: As above, **14 electrons**
- **Total electrons**: 15 (NO) and 14 (CO) → **Not isoelectronic with C²⁻ (8 electrons)**

#### (C) Nitrogen (N₂) and hydrogen (H₂)
- **N₂**: As above, **14 electrons**
- **H₂**: Hydrogen has 1 electron, so H₂ has **2 electrons**
- **Total electrons**: 14 and 2 → **Not isoelectronic with C²⁻ (8 electrons)**

#### (D) Oxygen (O₂) and fluorine (F₂)
- **O₂**: Oxygen has 8 electrons, so O₂ has **16 electrons**
- **F₂**: Fluorine has 9 electrons, so F₂ has **18 electrons**
- **Total electrons**: 16 and 18 → **Not isoelectronic with C²⁻ (8 electrons)**

### Step 3: Check for isoelectronic pairs
None of the pairs in the options have **8 electrons**.

However, **nitrogen (N₂)** has **14 electrons**, and **carbon monoxide (CO)** has **14 electrons**. These are **isoelectronic with each other**, but **not with C²⁻ (8 electrons)**.

Wait — let's recheck the question:

> Which two of the following diatomic gases **share the same electron count as the carbide ion** (i.e., are isoelectronic)?

So, we are looking for **two diatomic gases that have 8 electrons** (same as C²⁻).

But **none of the options** have two diatomic gases with 8 electrons.

However, **nitrogen (N₂)** has **14 electrons**, and **carbon monoxide (CO)** has **14 electrons**. These are **isoelectronic with each other**, but not with C²⁻.

Wait — this seems contradictory. Let's recheck the **electron counts** of all the possible diatomic gases:

- **C²⁻**: 8 electrons
- **CO**: 14 electrons
- **NO**: 15 electrons
- **N₂**: 14 electrons
- **O₂**: 16 electrons
- **F₂**: 18 electrons
- **H₂**: 2 electrons

So, **none of the diatomic gases in the options have 8 electrons**.

But wait — the question is asking for **two diatomic gases that share the same electron count as the carbide ion (C²⁻)**, i.e., **8 electrons**.

But **none of the options** have two diatomic gases with 8 electrons.

However, **nitrogen (N₂)** has **14 electrons**, and **carbon monoxide (CO)** has **14 electrons**. So, **CO and N₂** are isoelectronic with each other, but not with C²⁻.

But the question is asking for **two diatomic gases that share the same electron count as the carbide ion**.

So, the **correct answer is (B)**: **Nitric oxide (NO) and carbon monoxide (CO)** — but they have **15 and 14 electrons**, which is not 8.

Wait — this is confusing. Let’s recheck the **electron count of the carbide ion (C²⁻)**:

- Carbon has 6 electrons.
- C²⁻ has **6 + 2 = 8 electrons**.

Now, let’s look at the options again:

- **(A)** CO and N₂ → 14 and 14 →",No.
4,"The correct answer is: **B**

**Explanation:**

In a **face-centered cubic (FCC)** structure:

- Each **corner** of the cube is occupied by an atom. There are 8 corners, and each corner atom is shared between 8 adjacent unit cells. So, the contribution of corner atoms to one unit cell is $ \frac{8}{8} = 1 $ atom.
- Each **face center** of the cube is occupied by an atom. There are 6 faces, and each face atom is shared between 2 adjacent unit cells. So, the contribution of face atoms to one unit cell is $ \frac{6}{2} = 3 $ atoms.

Therefore, the total number of atoms per unit cell is:

$$
1 \text{ (from corners) } + 3 \text{ (from faces) } = 4 \text{ atoms}
$$

So, the correct answer is **B** (if the options are labeled A=1, B=4, C=2, D=3, etc.).",yes
D,"For a second-order reaction with respect to A, the rate law is:

$$
\text{Rate} = k[\ce{A}]^2
$$

The integrated rate law for a second-order reaction is:

$$
\frac{1}{[\ce{A}]} = \frac{1}{[\ce{A}]_0} + kt
$$

This equation shows that a plot of $\frac{1}{[\ce{A}]}$ versus time will give a **straight line** with slope $k$ and intercept $\frac{1}{[\ce{A}]_0}$.

### Correct answer: **(D) $\frac{1}{[\ce{A}]}$ vs time**

**Answer: D**",yes
B,"We are given a reaction:

$$
\ce{A + B -> C}
$$

which is **first-order with respect to both A and B**. This means the rate law is:

$$
\text{Rate} = k [A][B]
$$

This is a **second-order reaction** overall (sum of the orders of A and B).

### Step 1: Understand the reaction and the given data

Let’s define the concentrations of A and B as functions of time. Since the reaction is **first-order in both A and B**, and the stoichiometry is 1:1, the concentrations of A and B will both decrease at the same rate, assuming they start at the same concentration.

Let’s denote:

- $[A]_0 = 0.20\ \text{M}$ (initial concentration of A)
- $[B]_0 = 0.010\ \text{M}$ (initial concentration of B)
- $[B] = 0.0050\ \text{M}$ at time $t = 37\ \text{s}$
- $[A] = [B] = 0.0050\ \text{M}$ at that time (since they react in a 1:1 ratio)

So, the concentration of A decreases from 0.20 M to 0.0050 M, and B decreases from 0.010 M to 0.0050 M.

We can use the integrated rate law for a **second-order reaction** when the stoichiometry is 1:1 and the initial concentrations are different.

For a reaction $ \ce{A + B -> C} $, with $[A]_0 \ne [B]_0$, the integrated rate law is:

$$
\frac{1}{[B]} = \frac{1}{[B]_0} + kt
$$

But this is only valid if $[A]_0 = [B]_0$, which is not the case here. So we need a different approach.

### Step 2: Use the differential rate law

The rate law is:

$$
\frac{d[B]}{dt} = -k[A][B]
$$

Since $[A] = [B]_0 - [B]$, we can write:

$$
\frac{d[B]}{dt} = -k([B]_0 - [B])[B]
$$

This is a **differential equation** that can be solved to find the time it takes for $[B]$ to decrease from $[B]_0$ to $[B]$.

Let’s define:

- $[B]_0 = 0.010\ \text{M}$
- $[B] = 0.0050\ \text{M}$
- $t = 37\ \text{s}$

We can use this to find the rate constant $k$.

### Step 3: Solve for $k$

We use the differential equation:

$$
\frac{d[B]}{dt} = -k([B]_0 - [B])[B]
$$

This is a separable differential equation. Let’s rearrange and integrate:

$$
\int_{[B]_0}^{[B]} \frac{d[B]}{[B]([B]_0 - [B])} = -k \int_0^t dt
$$

Use partial fractions:

$$
\frac{1}{[B]([B]_0 - [B])} = \frac{1}{[B]_0} \left( \frac{1}{[B]} + \frac{1}{[B]_0 - [B]} \right)
$$

So:

$$
\int_{[B]_0}^{[B]} \frac{d[B]}{[B]([B]_0 - [B])} = \frac{1}{[B]_0} \int_{[B]_0}^{[B]} \left( \frac{1}{[B]} + \frac{1}{[B]_0 - [B]} \right) d[B]
$$

$$
= \frac{1}{[B]_0} \left( \ln\left( \frac{[B]}{[B]_0} \right) - \ln\left( \frac{[B]_0 - [B]}{[B]_0 - [B]_0} \right) \right)
$$

But this is getting too complex. Instead, we can use the known values to find $k$.

From the given data:

$$
\frac{1}{[B]} = \frac",no
3,"The chemical formula for silver nitrate(V) is **AgNO₃**. 

The correct value of **x** is **3**.

Answer: **3**.",yes
10.2,"To find the **molar volume** of gold, we need to determine the **volume occupied by one mole of gold atoms**.

---

### **Given:**
- Mass of one gold atom = $ 3.27 \times 10^{-22} \, \text{g} $
- Density of gold = $ 19.3 \, \text{g/cm}^3 $
- Molar mass of gold = $ 197.0 \, \text{g/mol} $ (from the periodic table)

---

### **Step 1: Find the number of atoms in one mole of gold**

$$
\text{Number of atoms in 1 mole} = 6.022 \times 10^{23} \, \text{atoms/mol}
$$

---

### **Step 2: Find the total mass of one mole of gold**

$$
\text{Mass of 1 mole} = 197.0 \, \text{g/mol}
$$

---

### **Step 3: Find the volume of one mole of gold**

$$
\text{Volume} = \frac{\text{Mass}}{\text{Density}} = \frac{197.0}{19.3} \approx 10.207 \, \text{cm}^3/\text{mol}
$$

---

### **Answer:**

$$
\boxed{10.2}
$$",yes
-71.5,"To find the standard enthalpy change for the reaction:

$$
\ce{SiO2 + 6NaF + 6HCl -> H2SiF6 + 6NaCl + 2H2O}
$$

We can use **Hess's Law**, which states that the enthalpy change of a reaction is the sum of the enthalpy changes of the individual steps that make up the reaction.

### Step 1: Write the given reactions and their ΔH values:

1. **Reaction A:**  
$$
\ce{NaOH + HCl -> NaCl + H2O} \quad \Delta H_1 = -56.7\ \pu{kJ mol^{-1}}
$$

2. **Reaction B:**  
$$
\ce{SiO2 + 6HF -> H2SiF6 + 2H2O} \quad \Delta H_2 = -100.3\ \pu{kJ mol^{-1}}
$$

3. **Reaction C:**  
$$
\ce{NaOH + HF -> H2O + NaF} \quad \Delta H_3 = -61.5\ \pu{kJ mol^{-1}}
$$

### Step 2: Rearrange the given reactions to match the target reaction.

We need to find the enthalpy change for:

$$
\ce{SiO2 + 6NaF + 6HCl -> H2SiF6 + 6NaCl + 2H2O}
$$

Let’s break it down into steps.

---

### Step 3: Use Reaction B (reverse it if necessary):

$$
\ce{SiO2 + 6HF -> H2SiF6 + 2H2O} \quad \Delta H_2 = -100.3\ \pu{kJ mol^{-1}}
$$

This is **part of the target reaction**, but the target reaction has **NaF** and **HCl**, not **HF**.

---

### Step 4: Use Reaction C to get **NaF**.

Reaction C is:

$$
\ce{NaOH + HF -> H2O + NaF} \quad \Delta H_3 = -61.5\ \pu{kJ mol^{-1}}
$$

We can reverse this reaction to get:

$$
\ce{NaF + H2O -> NaOH + HF} \quad \Delta H = +61.5\ \pu{kJ mol^{-1}}
$$

Now multiply this by **6** to get:

$$
\ce{6NaF + 6H2O -> 6NaOH + 6HF} \quad \Delta H = +6 \times 61.5 = +369\ \pu{kJ mol^{-1}}
$$

---

### Step 5: Use Reaction A to get **NaCl**.

Reaction A is:

$$
\ce{NaOH + HCl -> NaCl + H2O} \quad \Delta H_1 = -56.7\ \pu{kJ mol^{-1}}
$$

Multiply this by **6** to get:

$$
\ce{6NaOH + 6HCl -> 6NaCl + 6H2O} \quad \Delta H = 6 \times (-56.7) = -340.2\ \pu{kJ mol^{-1}}
$$

---

### Step 6: Combine all the reactions.

We now have:

- Reaction B:  
$$
\ce{SiO2 + 6HF -> H2SiF6 + 2H2O} \quad \Delta H_2 = -100.3\ \pu{kJ mol^{-1}}
$$

- Reversed Reaction C × 6:  
$$
\ce{6NaF + 6H2O -> 6NaOH + 6HF} \quad \Delta H = +369\ \pu{kJ mol^{-1}}
$$

- Reaction A × 6:  
$$
\ce{6NaOH + 6HCl -> 6NaCl + 6H2O} \quad \Delta H = -340.2\ \pu{kJ mol^{-1}}
$$

Now add all these together:

$$
\ce{SiO2 + 6HF + 6NaF + 6H2O -> H2SiF6 + 2H2O + 6NaOH + 6HF}
$$
$$
\ce{6NaOH + 6HCl -> 6NaCl + 6H2O}
$$

Cancel out the common terms:

- 6HF on both sides (cancel)
- 6H2O on both sides (cancel)
- 6NaOH on both sides",yes
245,"We are given the following information:

- Temperature: $ 25^\circ \text{C} $
- Volume of the can: $ 250 \, \text{cm}^3 = 0.25 \, \text{dm}^3 $
- Partial pressure of $\ce{CO2}$: $ 3 \, \text{atm} $
- Henry's law constant for $\ce{CO2}$: $ 0.033 \, \text{mol dm}^{-3} \text{atm}^{-1} $
- Mass of $\ce{CO2}$ in the can: $ 1.09 \, \text{g} $

We are to find the **pressure in the can at 25°C in kPa**.

---

### Step 1: Use Henry's Law

Henry's Law is:

$$
P = k_H \cdot C
$$

Where:
- $ P $ is the partial pressure of $\ce{CO2}$ (in atm)
- $ k_H $ is the Henry's law constant (in mol dm⁻³ atm⁻¹)
- $ C $ is the concentration of $\ce{CO2}$ (in mol dm⁻³)

We are given $ k_H = 0.033 \, \text{mol dm}^{-3} \text{atm}^{-1} $, and the **mass of $\ce{CO2}$ is 1.09 g**, so we can compute the concentration $ C $:

$$
\text{Molar mass of } \ce{CO2} = 44.01 \, \text{g/mol}
$$

$$
C = \frac{1.09 \, \text{g}}{44.01 \, \text{g/mol}} = 0.02476 \, \text{mol}
$$

$$
C = \frac{0.02476 \, \text{mol}}{0.25 \, \text{dm}^3} = 0.09904 \, \text{mol dm}^{-3}
$$

Now plug into Henry's Law:

$$
P = 0.033 \cdot 0.09904 = 0.003268 \, \text{atm}
$$

---

### Step 2: Convert pressure to kPa

$$
1 \, \text{atm} = 101.325 \, \text{kPa}
$$

$$
P = 0.003268 \cdot 101.325 = 0.331 \, \text{kPa}
$$

---

### Final Answer:

$$
\boxed{0.331}
$$",No.
B,"To determine the ionization energy of the ground-state of the nitrogen-fluorine (NF) molecule, we need to understand how the ionization energy of a diatomic molecule compares to that of its constituent atoms.

### Key Concept:
The **ionization energy** of a molecule is the energy required to remove an electron from the molecule. In a diatomic molecule like NF, the **bonding electrons** are shared between the two atoms. Therefore, the ionization energy of the molecule is **less than** the ionization energy of either individual atom, because the bonding electrons are more tightly held in the bond and are not as easily removed as the valence electrons of the individual atoms.

### Given:
- Ionization energy of ground-state nitrogen (N): **14.5 eV**
- Ionization energy of ground-state fluorine (F): **17.4 eV**

Since the ionization energy of the molecule is **less than the ionization energy of either atom**, we can estimate it by taking an **average** or a **weighted average** of the two ionization energies. However, since fluorine has a higher ionization energy, and it is more electronegative, it is likely that the ionization energy of the molecule will be **closer to the nitrogen ionization energy**.

But a better approach is to consider the **bond dissociation energy** and **ionization energy** relationship. However, for this question, we are not given bond dissociation energy, so we must estimate based on the given values.

Let’s consider the **average** of the two ionization energies:

$$
\text{Average} = \frac{14.5 + 17.4}{2} = \frac{31.9}{2} = 15.95 \, \text{eV}
$$

Now, this is **higher** than the nitrogen ionization energy, but **lower** than the fluorine ionization energy. However, the actual ionization energy of the molecule will be **less than the ionization energy of either atom**, so the correct value should be **less than 15.95 eV**.

Looking at the options:

- (A) 13.1 eV
- (B) 15.1 eV
- (C) 16.8 eV
- (D) 18.8 eV

We are looking for a value **less than 15.95 eV**. So, **15.1 eV** is the only option that is **less than 15.95 eV** and **closer to 14.5 eV** than to 17.4 eV.

### Final Answer:
**(B) 15.1** ✅

**Answer: B**",yes
D,"The Arrhenius plot is a graph of the natural logarithm of the reaction rate constant (ln k) versus the inverse of the absolute temperature (1/T). The slope of this plot is equal to -Ea/R, where Ea is the activation energy and R is the gas constant.

A change in the slope of the Arrhenius plot indicates a change in the activation energy (Ea) of the reaction. This can occur due to a change in the reaction mechanism, a change in the reaction pathway, or a change in the physical or chemical environment (e.g., a change in the presence of a catalyst or a change in the reaction regime).

However, none of the options directly state a change in activation energy. Let's evaluate the options:

(A) A change in the equilibrium constant of the reaction – This is related to the Gibbs free energy change (ΔG), not the rate of the reaction, so it is not directly indicated by a change in the slope of the Arrhenius plot.

(B) A change in the pre-exponential factor of the reaction – The pre-exponential factor (A) is related to the frequency of collisions and the orientation of the molecules, but it does not directly affect the slope of the Arrhenius plot, which is determined by the activation energy.

(C) A change in the reaction order – The reaction order is a kinetic property that affects the rate law, but it does not directly affect the slope of the Arrhenius plot.

(D) A shift from the chemical regime to the diffusional regime or vice versa – This is a possible interpretation of a change in the slope of the Arrhenius plot. In the chemical regime, the rate is controlled by the activation energy (Ea), while in the diffusional regime, the rate is controlled by diffusion, which can lead to a different slope in the Arrhenius plot.

Therefore, the correct answer is:

**D**",yes
A,"The correct answer is: **A** (There are no alkyne groups in the molecule)

**Explanation:**

The compound is **3-amino-1-phenylpropan-1-ol**. Let's break it down:

- **Propan-1-ol** is a three-carbon chain with a hydroxyl group on carbon 1.
- **1-phenyl** means there is a phenyl group (C₆H₅) attached to carbon 1 of the propane chain.
- **3-amino** means there is an amino group (–NH₂) on carbon 3 of the propane chain.

This molecule has a **propane chain** with a **phenyl group** and an **amino group**, but **no triple bond (alkyne group)**. Therefore, there are **no alkyne groups** in the molecule.

So, the correct answer is: **A**.",yes
C,"The reaction is:

$$
\ce{CO(g) + 2H2(g) -> CH3OH(g)} \quad \Delta H = -125\ \pu{kJ/mol}
$$

This is an **exothermic** reaction (ΔH is negative), and it involves **gases** on both sides.

Let's analyze the options:

**(A) In the presence of a suitable catalyst the equilibrium will be shifted to the right**

- A catalyst **does not affect the position of the equilibrium**. It only **speeds up the rate** of reaching equilibrium. So this statement is **false**.

**(B) It will only be spontaneous at high temperature**

- The reaction is **exothermic** (ΔH < 0). For a reaction to be spontaneous, the **Gibbs free energy change (ΔG)** must be negative:
  $$
  \Delta G = \Delta H - T\Delta S
  $$
  Since ΔH is negative, the reaction is **spontaneous at low temperatures** (because the term $ T\Delta S $ is small), and **non-spontaneous at high temperatures** if ΔS is negative. However, we are not given ΔS, so we **cannot conclude** that it is only spontaneous at high temperature. This statement is **not necessarily true**.

**(C) Its rate will increase with increasing temperature**

- This is **true**. Increasing temperature generally increases the rate of a reaction because more molecules have enough energy to overcome the activation energy barrier. This is a **general rule of kinetics**.

**(D) This is a heterogeneous equilibrium**

- A **heterogeneous equilibrium** involves **reactants and products in different phases**. In this reaction, all the species (CO, H₂, CH₃OH) are **gases**, so it is a **homogeneous equilibrium**, not heterogeneous. This statement is **false**.

### ✅ Correct answer: **C**",yes
D,"The correct answer is: **D** (sp³)

**Explanation:**

3-Amino-1-phenylpropan-1-ol is a molecule that contains:

- A hydroxyl group (-OH)
- An amino group (-NH₂)
- A phenyl group (-C₆H₅)

The oxygen atom in the hydroxyl group (-OH) is bonded to the carbon via a single bond and has two lone pairs. This results in **sp³ hybridization** for the oxygen atom.

Therefore, the hybridization of the oxygen atoms in 3-amino-1-phenylpropan-1-ol is **sp³**.",yes
C,"To determine which substance acts as a **catalyst** in the given reaction mechanism, we need to identify which substance is **not consumed** in the overall reaction.

The proposed mechanism is:

I) $\ce{NO + O3 -> NO2 + O2}$  
II) $\ce{O3 + O2 -> 2 O2 + O}$  
III) $\ce{NO2 + O -> NO + O2}$

Let's analyze the **overall reaction** by adding up the three steps:

**Step I**: $\ce{NO + O3 -> NO2 + O2}$  
**Step II**: $\ce{O3 + O2 -> 2 O2 + O}$  
**Step III**: $\ce{NO2 + O -> NO + O2}$

Now, add all the equations together:

- **NO** appears on the left in Step I and on the right in Step III → **cancels out**
- **O3** appears on the left in Step I and Step II → **cancels out**
- **NO2** appears on the right in Step I and on the left in Step III → **cancels out**
- **O2** appears on the right in Step I and on the left in Step II and Step III → **cancels out**
- **O** appears on the right in Step II and on the left in Step III → **cancels out**

So, the overall reaction is:

$$
\ce{O3 + O3 -> 2 O2}
$$

This is the **overall reaction**, and we can see that **NO** is not consumed in the overall reaction — it appears in both the reactants and products, so it is a **catalyst**.

### Correct Answer: **(C) $\ce{NO}$ acts as a catalyst**

**Answer: C**",yes
A,"The correct answer is: **(E)**

**Explanation:**

- **(A)** is incorrect because while electron correlation can influence polarizability, it is not the primary factor in determining dipole moments or polarizabilities.
- **(B)** is incorrect because exchange-correlation effects cannot be completely determined by measuring polarizability alone.
- **(C)** is incorrect because higher polarizability does not always indicate stronger exchange-correlation effects; the relationship is more complex.
- **(D)** is incorrect because polarizability is closely related to exchange-correlation effects, especially in describing van der Waals interactions.
- **(E)** is correct because van der Waals interactions are indeed closely related to polarizability, and this relationship is used in the development of functionals (e.g., in density functional theory) to better account for these interactions, which are influenced by exchange-correlation effects.

**Answer: E**",no
B,"To find the **force constant $ k $** of the diatomic molecule $\ce{H^{79}Br}$, we use the **vibrational frequency formula** from quantum mechanics:

$$
\nu = \frac{1}{2\pi} \sqrt{\frac{k}{\mu}} \quad \text{where } \mu = \frac{m(\ce{H})m(\ce{^{79}Br})}{m(\ce{H}) + m(\ce{^{79}Br})}
$$

We are given the **wave number** $ \tilde{\nu} = \pu{260000 m^{-1}} $, which is related to the frequency $ \nu $ by:

$$
\tilde{\nu} = \frac{\nu}{c}
$$

So, substituting into the frequency formula:

$$
\tilde{\nu} = \frac{1}{2\pi c} \sqrt{\frac{k}{\mu}} \quad \Rightarrow \quad \sqrt{\frac{k}{\mu}} = 2\pi c \tilde{\nu}
$$

Squaring both sides:

$$
\frac{k}{\mu} = (2\pi c \tilde{\nu})^2 \quad \Rightarrow \quad k = \mu (2\pi c \tilde{\nu})^2
$$

Substituting the expression for reduced mass $ \mu $:

$$
k = \left( \frac{m(\ce{H})m(\ce{^{79}Br})}{m(\ce{H}) + m(\ce{^{79}Br})} \right) (2\pi c \tilde{\nu})^2
$$

Now, compare with the answer choices.

---

### (A)  
$$
k = (2\pi)^2 \frac{m(\ce{H})m(\ce{^{79}Br})}{(m(\ce{H}) + m(\ce{^{79}Br})) \cdot c \cdot 260000}
$$

This is **incorrect**, because it divides by $ c \cdot 260000 $, but the correct expression should include $ (2\pi c \cdot 260000)^2 $, not $ (2\pi)^2 / (c \cdot 260000) $.

---

### (B)  
$$
k = (2\pi c \cdot 260000)^2 \frac{m(\ce{H})m(\ce{^{79}Br})}{m(\ce{H}) + m(\ce{^{79}Br})}
$$

This is **correct**. It matches the derived formula.

---

### (C)  
$$
k = (2\pi c \cdot 260000)^2 \frac{m(\ce{^{79}Br})m(\ce{H})}{m(\ce{^{79}Br})}
$$

This is **incorrect**, because the denominator is not $ m(\ce{^{79}Br}) $, but rather $ m(\ce{H}) + m(\ce{^{79}Br}) $.

---

### (D)  
$$
k = (2\pi c \cdot 260000)^2 \frac{m(\ce{^{79}Br})}{m(\ce{H})}
$$

This is **incorrect**, because it is not the reduced mass, but a ratio of individual masses.

---

### ✅ Final Answer: **B**",yes
A,"The correct answer is: **A**

**Explanation:**

- **(A) Increasing the scale of the reaction** – This does **not** enhance the yield at equilibrium. Increasing the scale of the reaction (i.e., the amount of reactants) does not shift the equilibrium position, as Le Chatelier's principle applies to changes in conditions like concentration, pressure, or temperature, not the scale of the reaction. It may increase the total amount of product formed, but **not the yield** at equilibrium.

- **(B) Removal of a product by crystallization** – This shifts the equilibrium to the right, increasing the yield of the product.

- **(C) Removal of a product by distillation** – This also shifts the equilibrium to the right, increasing the yield of the product.

- **(D) Using a reactant in excess** – This shifts the equilibrium to the right, increasing the yield of the product.

Thus, the correct answer is: **A**.",yes
B,"The characteristic of exhaust gas that indicates incomplete combustion is a **high percentage of carbon monoxide (CO)**. Incomplete combustion occurs when there is insufficient oxygen available to fully oxidize the fuel, resulting in the production of CO instead of carbon dioxide (CO₂). 

Therefore, the correct answer is: **B**.",yes
A,"A

Explanation: 'Pseudo-first-order' refers to a reaction that is actually of higher order (e.g., second-order) but appears to be first-order because one of the reactants is in large excess. This simplifies the kinetics, as the concentration of the excess reactant remains nearly constant, making the rate depend primarily on the concentration of the other reactant.",yes
1.44,"To find the radius of a gold atom, we can use the given information about the molar volume and the fraction of the unit cell volume occupied by the atoms.

### Given:
- Molar volume of gold = $ \pu{10.2 cm^3 mol^{-1}} $
- Gold atoms occupy 74% of the volume of the cubic unit cell.

### Step 1: Find the volume of the unit cell

Assuming the unit cell is a **face-centered cubic (FCC)** structure (which is the case for gold), there are **4 atoms per unit cell**.

Let the volume of the unit cell be $ V_{\text{unit cell}} $.

Then, the volume occupied by the atoms is:

$$
V_{\text{atoms}} = 0.74 \times V_{\text{unit cell}}
$$

But also, the volume of 4 atoms is:

$$
V_{\text{atoms}} = 4 \times \frac{4}{3} \pi r^3
$$

So:

$$
4 \times \frac{4}{3} \pi r^3 = 0.74 \times V_{\text{unit cell}}
$$

### Step 2: Find the volume per mole of gold

The molar volume is given as $ \pu{10.2 cm^3 mol^{-1}} $, so the volume per mole is $ \pu{10.2 cm^3 mol^{-1}} $.

Since there are $ N_A = \pu{6.022 \times 10^{23} atoms/mol} $, the volume per atom is:

$$
V_{\text{per atom}} = \frac{10.2}{6.022 \times 10^{23}} \approx \pu{1.694 \times 10^{-23} cm^3/atom}
$$

### Step 3: Volume of 4 atoms

$$
V_{\text{atoms}} = 4 \times 1.694 \times 10^{-23} \approx \pu{6.776 \times 10^{-23} cm^3}
$$

### Step 4: Volume of unit cell

$$
V_{\text{unit cell}} = \frac{6.776 \times 10^{-23}}{0.74} \approx \pu{9.157 \times 10^{-23} cm^3}
$$

### Step 5: Find the edge length of the unit cell

Assuming a cubic unit cell, the volume is $ a^3 $, so:

$$
a = \left(9.157 \times 10^{-23}\right)^{1/3} \approx \pu{4.50 \times 10^{-8} cm} = \pu{4.50 \times 10^{-10} cm} = \pu{4.50 \text{ Å}}
$$

### Step 6: Radius of gold atom in FCC

In an FCC unit cell, the radius $ r $ is related to the edge length $ a $ by:

$$
r = \frac{a}{2\sqrt{2}} = \frac{4.50}{2\sqrt{2}} \approx \frac{4.50}{2.828} \approx \pu{1.592 \text{ Å}}
$$

### Final Answer:
**B** (Assuming the options are labeled A, B, C, D and the answer is a numerical value, but if the question expects a letter, the correct answer is **B** if the options are: A) 1.5 Å, B) 1.6 Å, C) 1.7 Å, D) 1.8 Å. Otherwise, the radius is approximately **1.6 Å**.)

But since the question says to **reply with the single letter** corresponding to the correct answer, and the correct answer is **1.6 Å**, the correct letter is:

**B**.",no
B,B,yes
30680,"To find the energy released when **1 L of E10 fuel** is burnt, we need to calculate the energy from both **ethanol** and **octane isomers** in the fuel.

---

### **Given:**

- **Enthalpy of combustion of ethanol:**  
  $ \Delta H_c^{\circ}(\text{ethanol}) = -1276 \, \text{kJ mol}^{-1} $

- **Enthalpy of combustion of an isomer of octane:**  
  $ \Delta H_c^{\circ}(\text{octane isomer}) = -5144 \, \text{kJ mol}^{-1} $

- **Volume of E10 fuel:**  
  $ V = 1 \, \text{L} = 1000 \, \text{mL} $

- **Ethanol content in E10:**  
  $ V_{\text{ethanol}} = 100 \, \text{mL} $

- **Octane isomer content in E10:**  
  $ V_{\text{octane}} = 900 \, \text{mL} $

- **Density of ethanol:**  
  $ \rho_{\text{ethanol}} = 0.789 \, \text{g cm}^{-3} = 0.789 \, \text{g/mL} $

- **Density of octane isomer:**  
  $ \rho_{\text{octane}} = 0.703 \, \text{g/mL} $

---

### **Step 1: Calculate mass of ethanol and octane in 1 L of E10**

- **Mass of ethanol:**
  $$
  m_{\text{ethanol}} = 100 \, \text{mL} \times 0.789 \, \text{g/mL} = 78.9 \, \text{g}
  $$

- **Mass of octane isomer:**
  $$
  m_{\text{octane}} = 900 \, \text{mL} \times 0.703 \, \text{g/mL} = 632.7 \, \text{g}
  $$

---

### **Step 2: Convert mass to moles**

- **Molar mass of ethanol (C₂H₅OH):**
  $$
  M_{\text{ethanol}} = 2(12.01) + 6(1.01) + 16.00 + 1.01 = 46.07 \, \text{g/mol}
  $$

- **Molar mass of octane isomer (assume C₈H₁₈):**
  $$
  M_{\text{octane}} = 8(12.01) + 18(1.01) = 114.22 \, \text{g/mol}
  $$

- **Moles of ethanol:**
  $$
  n_{\text{ethanol}} = \frac{78.9}{46.07} \approx 1.713 \, \text{mol}
  $$

- **Moles of octane isomer:**
  $$
  n_{\text{octane}} = \frac{632.7}{114.22} \approx 5.540 \, \text{mol}
  $$

---

### **Step 3: Calculate energy released from each component**

- **Energy from ethanol:**
  $$
  E_{\text{ethanol}} = 1.713 \, \text{mol} \times 1276 \, \text{kJ/mol} = 2183.2 \, \text{kJ}
  $$

- **Energy from octane isomer:**
  $$
  E_{\text{octane}} = 5.540 \, \text{mol} \times 5144 \, \text{kJ/mol} = 28526.2 \, \text{kJ}
  $$

---

### **Step 4: Total energy released**

$$
E_{\text{total}} = 2183.2 \, \text{kJ} + 28526.2 \, \text{kJ} = 30709.4 \, \text{kJ}
$$

---

### ✅ Final Answer:

**C. 30710 kJ** (rounded to the nearest 10 kJ)",no
4,"To find the value of $ x $ in the reaction:

$$
\ce{C12H22O11 + H2O -> x C3H6O3}
$$

we need to balance the equation by comparing the number of atoms of each element on both sides.

---

### Step 1: Count atoms on the left side

- **Carbon (C):** 12 (from lactose) + 0 (from water) = **12**
- **Hydrogen (H):** 22 (from lactose) + 2 (from water) = **24**
- **Oxygen (O):** 11 (from lactose) + 1 (from water) = **12**

---

### Step 2: Count atoms on the right side

- **Carbon (C):** $ 3x $ (from lactic acid)
- **Hydrogen (H):** $ 6x $ (from lactic acid)
- **Oxygen (O):** $ 3x $ (from lactic acid)

---

### Step 3: Set up equations

We now equate the number of atoms on both sides:

- **Carbon:** $ 3x = 12 $ → $ x = 4 $
- **Hydrogen:** $ 6x = 24 $ → $ x = 4 $
- **Oxygen:** $ 3x = 12 $ → $ x = 4 $

All three equations give the same value of $ x $.

---

### ✅ Final Answer:

**D. 4** (if options are given as A, B, C, D, etc.)  
Or if a numerical answer is expected, the answer is **4**.",yes
D,"To determine the correct answer, let's analyze both statements:

### **Statement 1:**
> ""The equilibrium constant for a reaction having positive ΔH° increases with increase of temperature.""

This statement is **true**.  
According to the **van 't Hoff equation**:

$$
\ln K = -\frac{\Delta H^\circ}{RT} + \frac{\Delta S^\circ}{R}
$$

For a reaction with **positive ΔH°** (endothermic), increasing the temperature increases the value of the equilibrium constant $ K $. This is because the reaction absorbs heat, and increasing the temperature favors the endothermic direction (as per Le Chatelier's principle).

### **Statement 2:**
> ""The temperature dependence of the equilibrium constant is related to ΔH°, because it represents the heat absorbed or released during the reaction and not ΔS°, as it represents the disorder and does not have the same direct impact for the reaction.""

This statement is **partially true** but **not entirely accurate**.  
The temperature dependence of the equilibrium constant is **directly related to ΔH°**, as shown in the van 't Hoff equation. However, **ΔS° also affects the equilibrium constant**, and it is **not true** that ΔS° ""does not have the same direct impact."" In fact, both ΔH° and ΔS° influence the equilibrium constant, and the relationship between them and temperature is captured in the van 't Hoff equation.

So, **Statement 2 is not completely accurate**. It incorrectly claims that ΔS° ""does not have the same direct impact,"" which is false.

### **Conclusion:**
- **Statement 1 is True.**
- **Statement 2 is False** (due to the incorrect claim about ΔS°).

### **Correct Answer:**
**(A) Statement 1 is False, Statement 2 is True.** → **This is incorrect.**

**(B) Statement 1 is True, Statement 2 is False.** → **This is correct.**

**(C) Statements 1 and 2 are True. Statement 2 is NOT the correct explanation for Statement 1.** → **Incorrect.**

**(D) Statements 1 and 2 are True. Statement 2 is the correct explanation for Statement 1.** → **Incorrect.**

### ✅ **Final Answer: (B)**

**Answer: B**","no

### **Reason:**
The response concludes that **Statement 2 is false** and selects **(B) Statement 1 is True, Statement 2 is False** as the correct answer.

However, the **standard answer is (D)**, which means the **correct explanation is that both statements are true**, and **Statement 2 is the correct explanation for Statement 1**.

Let’s clarify:

- **Statement 1** is **true**: For an endothermic reaction (ΔH° > 0), increasing temperature increases the equilibrium constant $ K $, as shown by the van 't Hoff equation.
  
- **Statement 2** is **also true**, but the response incorrectly says it is **false**. It is **not entirely accurate**, but it **does correctly emphasize** that ΔH° is the main factor in the temperature dependence of $ K $, and it **does not completely ignore ΔS°**. The statement **does not claim** that ΔS° has **no impact**, but rather that it **does not have the same direct impact** as ΔH°, which is **correct**.

So, **Statement 2 is true**, and it **does explain** Statement 1.

### ✅ **Therefore, the correct answer is (D)**.

### **Final Answer: (D)**

**Answer: D**"
2,"The given chemical equation is:

$$
\ce{C6H12O6 -> xC2H5OH + 2CO2}
$$

We need to find the value of $ x $.

### Step 1: Balance the carbon atoms
On the left side, there are 6 carbon atoms in glucose ($ \ce{C6H12O6} $).

On the right side, there are:
- $ x $ molecules of ethanol ($ \ce{C2H5OH} $), each containing 2 carbon atoms → $ 2x $ carbon atoms.
- 2 molecules of $ \ce{CO2} $, each containing 1 carbon atom → 2 carbon atoms.

Total carbon atoms on the right: $ 2x + 2 $

Set equal to left side (6 carbon atoms):

$$
2x + 2 = 6
$$

### Step 2: Solve for $ x $

$$
2x = 6 - 2 = 4 \\
x = \frac{4}{2} = 2
$$

### Final Answer:

**B** (assuming the options are labeled A, B, C, D, and 2 corresponds to B)  
**Or if numerical value is expected: 2**

But since the question says to reply with the **single letter** corresponding to the correct answer, and the answer is **2**, the correct letter is:

**B** (assuming 2 is labeled as B in the options).  
But if the options are only letters and the answer is numerical, the correct answer is:

**2**

So the final answer is: **2**.",yes
A,"The relationship between the standard Gibbs free energy change ($\Delta G^\circ$) and the equilibrium constant $K_p$ is given by the equation:

$$
\Delta G^\circ = -RT \ln K_p
$$

Where:
- $R$ is the gas constant ($8.314 \, \text{J/(mol·K)}$),
- $T$ is the temperature in Kelvin (assumed to be 298 K unless stated otherwise),
- $K_p = 100$.

Since $K_p > 1$, the natural logarithm $\ln K_p$ is positive, and therefore:

$$
\Delta G^\circ = -RT \ln K_p < 0
$$

Thus, the correct answer is:

**(A) $\Delta G^\circ < 0$**

Answer: **A**",yes
B,"The order of a reaction with respect to a component indicates how the reaction rate depends on the concentration of that component.

- If the order with respect to **A** is **zero**, it means that the reaction rate **does not depend on the concentration of A**.

So, the correct answer is:

**(B) The reaction rate is independent of the concentration of A**.

Answer: **B**",yes
C,"The correct answer is: **(C) $\Delta G^\circ = -2.303 RT \log K$**

---

### Explanation:

- **$\Delta G^\circ$** is the **standard Gibbs free energy change** for a reaction at **standard conditions** (1 atm pressure, 298 K, etc.).
- At **equilibrium**, the **Gibbs free energy change** for the reaction is **zero**, i.e., $\Delta G = 0$.
- However, the **standard Gibbs free energy change**, $\Delta G^\circ$, is related to the **equilibrium constant**, $K$, by the equation:

$$
\Delta G^\circ = -2.303 RT \log K
$$

This is a **fundamental thermodynamic relationship** that applies to any reaction at standard conditions and is valid for both $K_C$ (concentrations) and $K_P$ (partial pressures), depending on the phase of the substances involved.

---

### Why the other options are incorrect:

- **(A)** $\Delta G = -2.303 RT \log K$ → This would be correct **if** the reaction were at equilibrium, but **$\Delta G = 0$** at equilibrium, so this is not correct.

- **(B)** $\Delta G = 2.303 RT \log K$ → This is incorrect for the same reason as (A). It doesn’t match the known relationship.

- **(D)** $\Delta G^\circ = 2.303 RT \log K$ → This is incorrect because the correct sign is **negative**.

---

### Final Answer: **(C)** ✅",yes
C,"The correct answer is: **C**

**Explanation:**  
The rate constant $ k $ of a reaction typically increases with increasing temperature. This is because, according to the Arrhenius equation, the rate constant depends on temperature through the exponential factor $ e^{-E_a/(RT)} $, where $ E_a $ is the activation energy, $ R $ is the gas constant, and $ T $ is the temperature. As temperature increases, more molecules have enough energy to overcome the activation energy barrier, leading to an increase in the rate constant. Additionally, the fraction of collisions with sufficient energy (the ""effective"" collisions) increases with temperature, which also contributes to the increase in the rate constant. 

Therefore, **(C)** is the most accurate statement.",yes
C,"To determine the type of bond formed between a gas atom and a metal surface, we consider the **adsorption energy**. 

- **Negative adsorption energy** indicates that the atom is **adsorbed** on the surface, meaning it is bound to the surface.
- The **magnitude of the adsorption energy** indicates the **strength of the bond**:
  - **Strong chemisorption** typically involves **adsorption energies of -1 eV or lower**.
  - **Weak physisorption** usually involves **adsorption energies of -0.1 eV or higher**.

Given:
- **Ar atom**: Adsorption energy = **-0.1 eV**
- **H atom**: Adsorption energy = **-2.6 eV**

### Analysis:
- **Ar (-0.1 eV)**: This is a **weak physisorption** bond.
- **H (-2.6 eV)**: This is a **strong chemisorption** bond.

### Correct answer:
**(C) Ar forms a weak physisorption bond and H forms a strong chemisorption bond**

### Final Answer:
**C**",yes
B,"The rate of a chemical reaction is influenced by several factors, including:

- **Concentration of reactants** (A): Higher concentration generally increases the rate of reaction.
- **Presence of a catalyst** (C): Catalysts lower the activation energy and increase the reaction rate.
- **Temperature** (D): Higher temperature usually increases the reaction rate.

However, the **overall energy change of the reaction** (B) is not a factor in determining the rate of a reaction. It is related to the **enthalpy change** (ΔH) of the reaction, which is a measure of the energy change during the reaction, not the rate at which the reaction occurs.

### Answer: **B**",yes
1152.4,"To find the **molar enthalpy of formation** of **B₂H₆(g)**, we need to calculate the enthalpy change for the reaction:

$$
\ce{2B (s) + 3H2 (g) -> B2H6 (g)}
$$

We are given the following reactions and their enthalpies:

1. **Reaction 1 (Combustion of B₂H₆):**  
$$
\ce{B2H6 (g) + 3O2 (g) -> B2O3 (s) + 3H2O (g)} \quad \Delta H_1 = -1941 \, \text{kJ}
$$

2. **Reaction 2 (Formation of B₂O₃(g)):**  
$$
\ce{4B (s) + 3O2 (g) -> B2O3 (g)} \quad \Delta H_2 = -4736 \, \text{kJ}
$$

3. **Reaction 3 (Formation of H₂O(g)):**  
$$
\ce{2H2 (g) + O2 (g) -> 2H2O (g)} \quad \Delta H_3 = -483.6 \, \text{kJ}
$$

---

### Step 1: Use Reaction 1 to get the enthalpy of combustion of B₂H₆.

We are given the enthalpy of combustion of B₂H₆ as:

$$
\Delta H_1 = -1941 \, \text{kJ}
$$

This is the enthalpy change for the reaction:

$$
\ce{B2H6 (g) + 3O2 (g) -> B2O3 (s) + 3H2O (g)}
$$

---

### Step 2: Use Reactions 2 and 3 to get the enthalpy of formation of B₂O₃ and H₂O.

We can reverse Reaction 2 to get the **decomposition** of B₂O₃ into its elements:

$$
\ce{B2O3 (s) -> 4B (s) + 3O2 (g)} \quad \Delta H = +4736 \, \text{kJ}
$$

We can also reverse Reaction 3 to get the **decomposition** of H₂O into its elements:

$$
\ce{2H2O (g) -> 2H2 (g) + O2 (g)} \quad \Delta H = +483.6 \, \text{kJ}
$$

---

### Step 3: Combine the reactions to get the formation of B₂H₆.

We want to find the enthalpy of formation of B₂H₆(g):

$$
\ce{2B (s) + 3H2 (g) -> B2H6 (g)}
$$

So, we can add the following:

1. Reverse Reaction 1 (to get B₂O₃(s) + 3H₂O(g) → B₂H₆(g) + 3O₂(g))  
$$
\Delta H = +1941 \, \text{kJ}
$$

2. Add the reverse of Reaction 2:  
$$
\ce{B2O3 (s) -> 4B (s) + 3O2 (g)} \quad \Delta H = +4736 \, \text{kJ}
$$

3. Add the reverse of Reaction 3 (for 3H₂O(g)):  
$$
\ce{3H2O (g) -> 3H2 (g) + 3/2 O2 (g)} \quad \Delta H = +483.6 \times \frac{3}{2} = +725.4 \, \text{kJ}
$$

Now, add all three reactions:

- Reverse of Reaction 1:  
$$
\ce{B2O3 (s) + 3H2O (g) -> B2H6 (g) + 3O2 (g)} \quad \Delta H = +1941 \, \text{kJ}
$$

- Reverse of Reaction 2:  
$$
\ce{B2O3 (s) -> 4B (s) + 3O2 (g)} \quad \Delta H = +4736 \, \text{kJ}
$$

- Reverse of Reaction 3 (for 3H₂O):  
$$
\ce{3H2O (g) -> 3H2 (g) + 3/2 O2 (g)} \quad \Delta","no

The response is **not** correct. Here's why:

### Issues in the Response:
1. **Incorrect sign for ΔH₁**:
   - The given ΔH for Reaction 1 is **-1941 kJ**, but the response incorrectly states it as **-1941 kJ** and then later uses **+1941 kJ** for the reverse reaction, which is **correct**.
   - However, the **labeling of ΔH₁ as ""-1941 kJ""** is **not** correct, because the actual value is **-1941 kJ**, and the negative sign is already included. This is a **typographical error** in the problem statement, but the response seems to treat it as **-1941 kJ**, which is **not** correct.

2. **Incorrect handling of Reaction 3**:
   - The response states:
     > ""Reverse of Reaction 3 (for 3H₂O):  
     > $\ce{3H2O (g) -> 3H2 (g) + 3/2 O2 (g)}$ $\Delta H = +483.6 \times \frac{3}{2} = +725.4 \, \text{kJ}$""
   - This is **incorrect**. The original reaction is:
     > $\ce{2H2 (g) + O2 (g) -> 2H2O (g)}$ $\Delta H = -483.6 \, \text{kJ}$
   - The reverse would be:
     > $\ce{2H2O (g) -> 2H2 (g) + O2 (g)}$ $\Delta H = +483.6 \, \text{kJ}$
   - To get **3H₂O(g)**, multiply the reaction by **1.5** (i.e., 3/2), which gives:
     > $\ce{3H2O (g) -> 3H2 (g) + 1.5 O2 (g)}$ $\Delta H = +483.6 \times \frac{3}{2} = +725.4 \, \text{kJ}$
   - This **is correct**, but the **labeling of the reaction is not consistent** with the overall goal.

3. **Incorrect final equation**:
   - The final equation should be:
     > $\ce{2B (s) + 3H2 (g) -> B2H6 (g)}$
   - However, the response does **not** clearly show how the three reactions are combined to arrive at this equation. It also **does not compute the final enthalpy change** correctly.

4. **No final value is computed**:
   - The response **does not compute the final ΔH** for the formation of B₂H₆(g), which is required to answer the question.

### Correct Approach:
To compute the molar enthalpy of formation of B₂H₆(g), you need to:

1. Write the target reaction:
   $$
   \ce{2B (s) + 3H2 (g) -> B2H6 (g)}
   $$

2. Use Hess’s Law to combine the given reactions:
   - Reverse Reaction 1:  
     $$
     \ce{B2O3 (s) + 3H2O (g) -> B2H6 (g) + 3O2 (g)} \quad \Delta H = +1941 \, \text{kJ}
     $$
   - Use the reverse of Reaction 2:  
     $$
     \ce{B2O3 (s) -> 4B (s) + 3O2 (g)} \quad \Delta H = +4736 \, \text{kJ}
     $$
   - Use the reverse of Reaction 3 (for 3H₂O):  
     $$
     \ce{3H2O (g) -> 3H2 (g) + 1.5O2 (g)} \quad \Delta H = +725.4 \, \text{kJ}
     $$

3. Add the three reactions:
   - $\ce{B2O3 (s) + 3H2O (g) -> B2H6 (g) + 3O2 (g)}$
   - $\ce{B2O3 (s) -> 4B (s) + 3O2 (g)}$
   - $\ce{3H2O (g) -> 3H2 (g) + 1.5O2 (g)}$

4. Combine and cancel:
   - $\ce"
A,"The correct answer is: **D**

**Explanation:**

In the reaction between a metal and sulfuric acid, hydrogen gas is produced. When collecting hydrogen gas **over water**, the total pressure in the container is the **sum of the pressure of the hydrogen gas and the water vapor pressure**. If the vapor pressure of water is **not included** in the calculation, the pressure of the hydrogen gas is **overestimated**, leading to an **overestimation of the number of moles of hydrogen gas**.

Since the molar mass of the metal is calculated using the moles of hydrogen gas (from the stoichiometry of the reaction), an **overestimated number of moles of H₂** will lead to a **calculated molar mass of the metal that is higher than the actual molar mass**.

Therefore, the mistake that would lead to a **higher calculated molar mass** is:

**(D) The vapor pressure of water is not included in the calculation.**",No.
0.0097,"To find the amount of acid in the sample, we proceed as follows:

---

### **Step 1: Determine moles of NaOH used in titration**

The titration used:

- Volume of NaOH = 19.40 cm³ = 0.01940 L  
- Concentration of NaOH = 0.100 mol dm⁻³ = 0.100 mol/L

$$
\text{Moles of NaOH} = 0.100 \, \text{mol/L} \times 0.01940 \, \text{L} = 0.00194 \, \text{mol}
$$

---

### **Step 2: Relate moles of NaOH to moles of acid in the sample**

Assuming that the acid reacts **1:1** with NaOH (i.e., the acid is monoprotic), the moles of acid in the 20.00 cm³ of stock solution = moles of NaOH used = **0.00194 mol**.

---

### **Step 3: Scale up to the total stock solution**

The 20.00 cm³ sample is part of the 100 cm³ stock solution.

$$
\text{Moles of acid in 100 cm³} = \frac{0.00194 \, \text{mol}}{20.00 \, \text{cm}^3} \times 100 \, \text{cm}^3 = 0.0097 \, \text{mol}
$$

---

### **Step 4: Determine moles of acid in the original sample**

The original sample had a mass of **1.044 g**, but the question asks for the **amount of acid in the sample (in moles)**, which we have already calculated as **0.0097 mol**.

---

### ✅ Final Answer:

**B. 0.0097 mol** (assuming the acid is monoprotic and reacts 1:1 with NaOH)  
**Answer: B**",yes
159000,"To determine the mass of NaOH needed to completely degrade all the PLA manufactured in one year to sodium lactate, we need to consider the chemical reaction involved.

Polylactic acid (PLA) is a polyester made from lactic acid. The degradation of PLA to sodium lactate typically involves the hydrolysis of PLA in the presence of NaOH. The general reaction for the hydrolysis of PLA to sodium lactate is:

$$
\text{PLA} + \text{NaOH} \rightarrow \text{Sodium lactate} + \text{byproducts}
$$

However, for a more precise calculation, we need to consider the stoichiometry of the reaction. The monomer unit of PLA is lactic acid, which has the formula:

$$
\text{C}_3\text{H}_6\text{O}_3
$$

When PLA is hydrolyzed in the presence of NaOH, it produces sodium lactate (NaC₃H₅O₃) and water. The balanced chemical equation for the hydrolysis of lactic acid to sodium lactate is:

$$
\text{C}_3\text{H}_6\text{O}_3 + \text{NaOH} \rightarrow \text{NaC}_3\text{H}_5\text{O}_3 + \text{H}_2\text{O}
$$

From this equation, we see that **1 mole of lactic acid reacts with 1 mole of NaOH** to produce 1 mole of sodium lactate.

Now, let's calculate the molar mass of lactic acid (C₃H₆O₃):

- Carbon (C): 3 × 12.01 g/mol = 36.03 g/mol  
- Hydrogen (H): 6 × 1.008 g/mol = 6.048 g/mol  
- Oxygen (O): 3 × 16.00 g/mol = 48.00 g/mol  
- Total molar mass = 36.03 + 6.048 + 48.00 = **90.078 g/mol**

The molar mass of NaOH is:

- Sodium (Na): 22.99 g/mol  
- Oxygen (O): 16.00 g/mol  
- Hydrogen (H): 1.008 g/mol  
- Total molar mass = 22.99 + 16.00 + 1.008 = **40.00 g/mol**

Since 1 mole of lactic acid reacts with 1 mole of NaOH, the mass ratio of NaOH to lactic acid is:

$$
\frac{40.00}{90.078} \approx 0.444
$$

So, for every 1 kg of lactic acid, 0.444 kg of NaOH is needed.

Given that 286,000 tonnes of PLA are manufactured each year, and assuming that PLA is 100% lactic acid (which is a simplification), the mass of NaOH needed is:

$$
286,000 \, \text{tonnes} \times 0.444 = 126,984 \, \text{tonnes}
$$

So, the mass of NaOH needed is approximately **127,000 tonnes**.

The correct answer is: **C** (if the options are A, B, C, D with C = 127,000 tonnes).  
If the options are not given, the answer is **127,000 tonnes**.",No.
1,"The half-reaction at the cathode during the electrolysis of water is:

$$
\ce{2H+(aq) + 2e^- -> H2(g)}
$$

This reaction shows that **2 moles of H⁺ ions** are reduced by **2 moles of electrons** to produce **1 mole of H₂ gas**.

So, the value of **x** is **1**.

**Answer: 1**",yes
C,"To find the **Faradaic yield** of hydrogen peroxide, we need to compare the **actual moles of H₂O₂ produced** to the **theoretical moles of H₂O₂ that could be produced** based on the current applied.

---

### **Step 1: Calculate total charge passed through the cell**

We are given:
- Time = 110.0 min = 110.0 × 60 = **6600 s**
- Current = 0.150 A

$$
\text{Charge} (Q) = I \times t = 0.150 \, \text{A} \times 6600 \, \text{s} = 990 \, \text{C}
$$

---

### **Step 2: Convert charge to moles of electrons**

$$
\text{Moles of electrons} = \frac{Q}{F} = \frac{990 \, \text{C}}{96485 \, \text{C/mol e}^-} \approx 0.01026 \, \text{mol e}^-
$$

---

### **Step 3: Determine the stoichiometry of the reaction**

The reduction of oxygen to hydrogen peroxide is:

$$
\ce{O2 + 2H+ + 2e^- -> H2O2}
$$

This reaction involves **2 moles of electrons per mole of H₂O₂**.

So, the **theoretical moles of H₂O₂** that could be produced from 0.01026 mol e⁻ is:

$$
\text{Theoretical moles of H₂O₂} = \frac{0.01026}{2} = 0.00513 \, \text{mol}
$$

---

### **Step 4: Calculate the Faradaic yield**

$$
\text{Faradaic yield} = \left( \frac{\text{Actual moles of H₂O₂}}{\text{Theoretical moles of H₂O₂}} \right) \times 100
$$

$$
\text{Faradaic yield} = \left( \frac{0.002}{0.00513} \right) \times 100 \approx 39.0\%
$$

---

### ✅ Final Answer: **C** (39.0)",yes
2.36E-13,"To find the concentration of spike proteins in mol dm⁻³, we need to follow these steps:

1. **Convert the volume from cm³ to dm³:**
   $$
   1 \, \text{dm}^3 = 1000 \, \text{cm}^3
   $$

2. **Calculate the number of virus particles per dm³:**
   $$
   7.1 \times 10^6 \, \text{particles/cm}^3 \times 1000 \, \text{cm}^3/\text{dm}^3 = 7.1 \times 10^9 \, \text{particles/dm}^3
   $$

3. **Multiply by the number of spike proteins per particle:**
   $$
   7.1 \times 10^9 \, \text{particles/dm}^3 \times 20 \, \text{spike proteins/particle} = 1.42 \times 10^{11} \, \text{spike proteins/dm}^3
   $$

4. **Convert spike proteins to moles:**
   Assuming the molecular weight of a spike protein is approximately 100,000 g/mol (or 100 kDa), the molar mass is:
   $$
   100,000 \, \text{g/mol} = 100,000 \, \text{g/mol} = 10^5 \, \text{g/mol}
   $$

   So, the number of moles per dm³ is:
   $$
   \frac{1.42 \times 10^{11} \, \text{spike proteins/dm}^3}{10^5 \, \text{g/mol}} = 1.42 \times 10^6 \, \text{mol/dm}^3
   $$

**Answer: D** (assuming D corresponds to 1.42 × 10⁶ mol dm⁻³)",No.
33.3,"To solve this problem, we need to determine the equilibrium amount of **H₂O** in the reaction:

$$
\ce{CO + H2O <=> CO2 + H2}
$$

Given:

- Initial moles:
  - CO = 40 mol
  - H₂ = 20 mol
  - CO₂ = 20 mol
  - H₂O = 40 mol
- $ K_p = 0.64 $ at 1100 K

Let’s define the change in moles as $ x $, where $ x $ is the amount of **CO** that reacts (and thus the amount of **H₂O** that reacts, and the amount of **CO₂** and **H₂** formed).

So, the equilibrium moles are:

- CO: $ 40 - x $
- H₂O: $ 40 - x $
- CO₂: $ 20 + x $
- H₂: $ 20 + x $

Now, write the expression for $ K_p $:

$$
K_p = \frac{P_{\ce{CO2}} \cdot P_{\ce{H2}}}{P_{\ce{CO}} \cdot P_{\ce{H2O}}}
$$

Since the reaction is in a closed vessel, the partial pressures are proportional to the moles (assuming ideal gas behavior and constant volume and temperature), so we can use mole fractions instead of partial pressures.

Let’s define the total number of moles at equilibrium:

$$
n_{\text{total}} = (40 - x) + (40 - x) + (20 + x) + (20 + x) = 120
$$

So, the mole fractions are:

- $ \chi_{\ce{CO}} = \frac{40 - x}{120} $
- $ \chi_{\ce{H2O}} = \frac{40 - x}{120} $
- $ \chi_{\ce{CO2}} = \frac{20 + x}{120} $
- $ \chi_{\ce{H2}} = \frac{20 + x}{120} $

Now, substitute into the expression for $ K_p $:

$$
K_p = \frac{\left( \frac{20 + x}{120} \right) \left( \frac{20 + x}{120} \right)}{\left( \frac{40 - x}{120} \right) \left( \frac{40 - x}{120} \right)} = \frac{(20 + x)^2}{(40 - x)^2}
$$

Set this equal to $ K_p = 0.64 $:

$$
\frac{(20 + x)^2}{(40 - x)^2} = 0.64
$$

Take square roots of both sides:

$$
\frac{20 + x}{40 - x} = \sqrt{0.64} = 0.8
$$

Solve for $ x $:

$$
20 + x = 0.8(40 - x) \\
20 + x = 32 - 0.8x \\
x + 0.8x = 32 - 20 \\
1.8x = 12 \\
x = \frac{12}{1.8} = 6.6667
$$

So, the amount of H₂O that reacts is $ x = 6.6667 $ mol.

Therefore, the moles of H₂O at equilibrium are:

$$
40 - x = 40 - 6.6667 = 33.3333 \approx 33.33 \text{ mol}
$$

### ✅ Final Answer: **33.33 mol**

If you must choose from a list of options (A, B, C, D), and the answer is a numerical value, then the correct answer is:

**33.33** → **D** (assuming D is 33.33)

But if you are to **reply with the single letter corresponding to the correct answer**, and the answer is **numerical**, then the answer is:

**33.33** (or **33.3** if rounded to one decimal place) → **D** (if D is 33.33). Otherwise, if the answer is to be **numerical**, then:

### ✅ Final Answer: **33.33** (numerical) → **D** (if D is 33.33) or **33",yes
4,"To determine the number of carbon atoms in one unit cell of calcium carbide (CaC₂), we need to consider the structure of calcium carbide.

Calcium carbide has a **body-centered cubic (BCC)** structure, where:

- **Calcium (Ca)** atoms are located at the **corners** and the **center** of the unit cell.
- **Carbon (C)** atoms are located at the **edges** of the unit cell.

### Step 1: Count the number of Ca atoms
In a BCC unit cell:
- 8 corners × (1/8) = 1 Ca atom from the corners.
- 1 center atom = 1 Ca atom.
- Total Ca atoms = 1 + 1 = **2 Ca atoms** per unit cell.

### Step 2: Count the number of C atoms
In a BCC unit cell:
- 12 edges × (1/4) = 3 C atoms from the edges.

So, the total number of **carbon atoms** in one unit cell of calcium carbide is:

**Answer: C** (for 3 carbon atoms)",No.
B,"When the volume of a closed vessel containing a liquid in equilibrium with its vapor decreases, the **pressure** inside the vessel **increases**. This is because the same amount of vapor is now confined to a smaller space, leading to a higher vapor pressure.

The correct answer is: **(D) Pressure increases**.

**Answer:** D",No.
D,"The correct answer is: **(A) Statement 1 is False, Statement 2 is True.**

### Explanation:

**Statement 1:**  
*""Addition of a non-reacting gas at constant volume and constant temperature to a container containing gas (X) does not change the partial pressure of gas (X).""*

This **is false**. When a non-reacting gas is added to a container at constant volume and temperature, the total pressure increases, but the **partial pressure of gas (X)** **does** change. The partial pressure of gas (X) is proportional to its mole fraction in the mixture. Adding more non-reacting gas increases the total number of moles, which increases the mole fraction of gas (X) if the amount of gas (X) remains constant. Therefore, the **partial pressure of gas (X)** **does** change.

**Statement 2:**  
*""The addition of a non-reacting gas to a container at constant volume and constant temperature results in an increase in the total pressure of the container, but not in the partial pressure of the gases in the container.""*

This **is true**. Adding a non-reacting gas increases the total pressure (because pressure is proportional to the number of moles at constant volume and temperature). However, the **partial pressure of each gas** (including gas (X)) **does not change** if the amount of each gas is kept constant. The partial pressure of each gas is proportional to its mole fraction, and adding a non-reacting gas does **not** change the mole fraction of the existing gases.

### Conclusion:

- Statement 1 is **False**.
- Statement 2 is **True**.

### Correct Answer: **(A)**",no
C,"The correct answer is: **C**

The variable that should be minimized to calculate the concentrations of reactants and products of a reaction in equilibrium is the **Gibbs free energy of the chemical system**. This is because, at equilibrium, the system reaches a state where the Gibbs free energy is minimized, which determines the composition of the system. 

So, the correct answer is: **C**.",yes
B,"The correct answer is **(B) I, III, and IV**.

### Explanation:

Let's analyze each observation and interpretation:

---

### **Observation 1**: *Some scattered light has a longer wavelength than the incident light.*

- This is a **Stokes shift**. When a photon interacts with a molecule and transfers energy to it (e.g., exciting a vibrational mode), the scattered photon has **lower energy** (longer wavelength).  
- **Interpretation I** is **correct**: This is a **Stokes line**.

---

### **Observation 2**: *The intensity of this scattered light decreases when the sample temperature is lowered.*

- Lowering the temperature reduces the population of molecules in the **excited vibrational states**. Since **Stokes scattering** depends on the population of molecules in these excited states, the intensity decreases.  
- **Interpretation III** is **correct**: Lowering the temperature increases the population of ground-state molecules.

---

### **Observation 3**: *The energy difference between the incident and this scattered light matches a molecular vibration energy.*

- This confirms that the energy loss corresponds to a **vibrational energy level** of the molecule.  
- **Interpretation III** is already confirmed above, but this observation supports the idea that the energy difference is due to **vibration**.  
- **Interpretation IV** is **correct**: The scattering process involves **energy transfer to the molecule** (i.e., the photon gives energy to the molecule).

---

### **Interpretation II**: *The scattered photons have higher energy than the incident photons.*

- This is **incorrect**. In **Stokes scattering**, the scattered photon has **lower energy** (longer wavelength), not higher.

---

### **Interpretation V**: *This scattering would be stronger for molecules with more polarizable electron clouds.*

- This is **correct**. Molecules with more polarizable electron clouds are more likely to undergo **Raman scattering**, including **Stokes scattering**.

---

### **Summary of Correct Interpretations**:
- I: Correct
- II: Incorrect
- III: Correct
- IV: Correct
- V: Correct

So, the correct answer is: **(B) I, III, and IV**.

### ✅ Final Answer: **B**.",yes
-869,"To find the enthalpy change of the reaction when **one mole of liquid methane** reacts with **liquid oxygen** to form **gaseous carbon dioxide** and **gaseous water**, we need to adjust the given combustion reaction to account for the **liquid** forms of methane and oxygen, and the **gaseous** forms of the products.

---

### Step 1: Given Reaction (with gaseous methane and oxygen)

$$
\ce{CH4(g) + 2O2(g) -> CO2(g) + 2H2O(g)} \quad \Delta H = -890.8\ \text{kJ mol}^{-1}
$$

This is the **standard enthalpy of combustion** of **gaseous methane**.

---

### Step 2: Adjust for liquid methane and liquid oxygen

We need to find the enthalpy change when **liquid methane** and **liquid oxygen** react to form **gaseous CO₂** and **gaseous H₂O**.

So, we need to account for the **vaporization** of liquid methane and liquid oxygen.

---

### Step 3: Use enthalpy of vaporization

Given:
- $\Delta H_{\text{vap}}(\text{CH}_4) = 8.2\ \text{kJ mol}^{-1}$
- $\Delta H_{\text{vap}}(\text{O}_2) = 6.8\ \text{kJ mol}^{-1}$

So, to go from **liquid CH₄ → gaseous CH₄**, we add **+8.2 kJ/mol**.

To go from **liquid O₂ → gaseous O₂**, we add **+6.8 kJ/mol**.

---

### Step 4: Adjust the reaction

The original reaction is:

$$
\ce{CH4(g) + 2O2(g) -> CO2(g) + 2H2O(g)} \quad \Delta H = -890.8\ \text{kJ mol}^{-1}
$$

But we want:

$$
\ce{CH4(l) + 2O2(l) -> CO2(g) + 2H2O(g)}
$$

So we need to **reverse** the vaporization steps:

- $\ce{CH4(l) -> CH4(g)}$ → add **+8.2 kJ/mol**
- $\ce{O2(l) -> O2(g)}$ → add **+6.8 kJ/mol**

So, the total adjustment is:

$$
\Delta H_{\text{adj}} = +8.2 + 2 \times 6.8 = 8.2 + 13.6 = 21.8\ \text{kJ mol}^{-1}
$$

Now, add this to the original enthalpy of combustion:

$$
\Delta H_{\text{final}} = -890.8\ \text{kJ mol}^{-1} + 21.8\ \text{kJ mol}^{-1} = -869.0\ \text{kJ mol}^{-1}
$$

---

### ✅ Final Answer:

$$
\boxed{-869.0}
$$

**Answer: -869.0**",yes
D,"The correct answer is: **D**

**Explanation:**  
In the canonical ensemble, the probability of a system being in a particular microstate is given by the Boltzmann factor:  
$$
P(E) \propto e^{-E/(k_B T)}
$$  
where $ E $ is the energy of the state, $ k_B $ is the Boltzmann constant, and $ T $ is the temperature.  

- As temperature $ T $ increases, the exponent $ -E/(k_B T) $ becomes less negative (i.e., closer to zero), so the Boltzmann factor increases.  
- This means that the probability of finding a configuration with **positive energy** increases with temperature.  
- Conversely, the probability of finding a configuration with **negative energy** decreases (since the exponent becomes less negative, but the energy is still negative, so the factor is smaller in magnitude).  

Thus, the correct statement is:  
**(D) It increases the probability of finding a configuration with positive energy.**",yes
0.479,"To determine the mass of sodium chloride in the snack bag, we proceed as follows:

---

### **Step 1: Understand the problem**

- A small snack bag contains **22 g** of content.
- The content is dissolved in water and diluted to **250 cm³**.
- A **25.0 cm³** portion of this solution is titrated with **0.1 mol dm⁻³** silver nitrate (AgNO₃).
- The titration requires **8.20 cm³** of AgNO₃ to reach the endpoint.
- Potassium chromate (K₂CrO₄) is used as an indicator, and the endpoint is **red-brown**, indicating the formation of **Ag₂CrO₄**.

This means that the **silver nitrate reacts with chloride ions (Cl⁻)** to form **AgCl**, and the excess silver nitrate reacts with **CrO₄²⁻** to form **Ag₂CrO₄**.

---

### **Step 2: Determine the amount of Cl⁻ in the 25.0 cm³ sample**

The reaction is:

$$
\text{Ag}^+ + \text{Cl}^- \rightarrow \text{AgCl(s)}
$$

The amount of AgNO₃ used is:

$$
\text{Moles of AgNO₃} = 0.1 \, \text{mol dm}^{-3} \times \frac{8.20}{1000} \, \text{dm}^3 = 0.00082 \, \text{mol}
$$

Since the reaction is 1:1, the moles of Cl⁻ in the 25.0 cm³ sample is also **0.00082 mol**.

---

### **Step 3: Scale up to the total solution**

The 25.0 cm³ sample is **1/10th** of the total 250 cm³ solution.

So, the total moles of Cl⁻ in the solution is:

$$
0.00082 \times 10 = 0.0082 \, \text{mol}
$$

---

### **Step 4: Find the mass of NaCl**

Each mole of NaCl contains 1 mole of Cl⁻.

So, the mass of NaCl is:

$$
\text{Mass of NaCl} = 0.0082 \, \text{mol} \times 58.44 \, \text{g/mol} = 0.479 \, \text{g}
$$

---

### **Step 5: Find the mass of NaCl in the original snack bag**

Since the 22 g of content was dissolved and diluted, the **mass of NaCl in the original snack bag is 0.479 g**.

---

### ✅ Final Answer:

**D. 0.479 g**",yes
C,"The correct answer is: **(D) When the second step is much faster than the first**

### Explanation:

In a consecutive reaction:

$$
\ce{A -> B -> C}
$$

The formation of product **C** depends on the rate constants of both steps:

- Let $ k_1 $ be the rate constant for $\ce{A -> B}$
- Let $ k_2 $ be the rate constant for $\ce{B -> C}$

The concentration of **B** is a transient species, and its concentration is determined by the balance between the formation of **B** from **A** and its consumption in the reaction to form **C**.

The rate of formation of **C** is:

$$
\frac{d[\ce{C}]}{dt} = k_2[\ce{B}]
$$

But $[\ce{B}]$ is not constant, so we need to express it in terms of $[\ce{A}]$ and the rate constants.

The concentration of **B** is given by:

$$
[\ce{B}] = \frac{k_1}{k_2 - k_1}[\ce{A}] - \frac{k_1}{k_2 - k_1}[\ce{A}]e^{-k_1 t}
$$

This expression is valid when $ k_1 \neq k_2 $.

However, if $ k_2 \gg k_1 $, then the second step is much faster than the first, and the concentration of **B** becomes approximately constant (since it is consumed very quickly). In this case, the formation of **C** becomes approximately:

$$
\frac{d[\ce{C}]}{dt} \approx k_2[\ce{B}]
$$

And since $[\ce{B}]$ is approximately constant, the formation of **C** becomes independent of $ k_1 $, because the rate of formation of **C** depends only on $ k_2 $ and the steady-state concentration of **B**.

Thus, the correct answer is:

**(D) When the second step is much faster than the first**.",no
3,"To determine the value of $ x $ in the reaction:

$$
\ce{U + 3ClF3 -> UF6 + xClF}
$$

we need to balance the equation by ensuring that the number of atoms of each element is the same on both sides of the equation.

### Step 1: Count the atoms on each side

**Left side:**
- U: 1
- Cl: 3 (from $\ce{ClF3}$)
- F: 9 (3 × 3 from $\ce{ClF3}$)

**Right side:**
- U: 1 (in $\ce{UF6}$)
- Cl: 1 (in $\ce{UF6}$) + $ x $ (in $\ce{xClF}$) = $ 1 + x $
- F: 6 (in $\ce{UF6}$) + $ x $ (in $\ce{xClF}$) = $ 6 + x $

### Step 2: Balance the equation

We need to balance the number of Cl and F atoms on both sides.

#### Balance Cl:
Left side: 3 Cl  
Right side: $ 1 + x $ Cl  
So, $ 1 + x = 3 \Rightarrow x = 2 $

#### Check F:
Left side: 9 F  
Right side: $ 6 + x = 6 + 2 = 8 $ F  
This is not balanced.

So, we need to adjust the coefficient of $\ce{ClF3}$ to balance F.

Let’s try balancing the equation properly.

Let’s assume the reaction is:

$$
\ce{U + aClF3 -> UF6 + bClF}
$$

Now, balance each element:

- U: 1 on both sides (balanced)
- Cl: $ a = 1 + b $
- F: $ 3a = 6 + b $

Solve the system of equations:

1. $ a = 1 + b $
2. $ 3a = 6 + b $

Substitute $ a = 1 + b $ into the second equation:

$$
3(1 + b) = 6 + b \Rightarrow 3 + 3b = 6 + b \Rightarrow 2b = 3 \Rightarrow b = 1.5
$$

This is not an integer, so we multiply the entire equation by 2 to eliminate the fraction:

$$
\ce{2U + 6ClF3 -> 2UF6 + 3ClF}
$$

Now, check the atoms:

- U: 2 on both sides
- Cl: 6 on left, 3 on right (balanced)
- F: 18 on left (6 × 3), 12 + 3 = 15 on right (not balanced)

Wait, this is still not balanced.

Let’s go back and try a better approach.

Let’s assume the balanced equation is:

$$
\ce{U + 3ClF3 -> UF6 + xClF}
$$

Now, count atoms:

- U: 1 on both sides
- Cl: 3 on left, 1 + x on right → $ 1 + x = 3 \Rightarrow x = 2 $
- F: 9 on left, 6 + x on right → $ 6 + 2 = 8 $, not balanced

So, to balance F, we need to add more $\ce{ClF}$ on the right.

Let’s try:

$$
\ce{U + 3ClF3 -> UF6 + 2ClF + ClF}
$$

But that’s not helpful.

Let’s instead balance the equation properly.

Let’s write the unbalanced equation again:

$$
\ce{U + 3ClF3 -> UF6 + xClF}
$$

Now, count each atom:

- U: 1 on both sides (balanced)
- Cl: 3 on left, 1 + x on right → $ 1 + x = 3 \Rightarrow x = 2 $
- F: 9 on left, 6 + x on right → $ 6 + 2 = 8 $, not balanced

So, we need to adjust the coefficient of $\ce{ClF3}$.

Let’s try:

$$
\ce{U + 2ClF3 -> UF6 + xClF}
$$

Now, count:

- U: 1 on both sides (balanced)
- Cl: 2 on left, 1 + x on right → $ 1 + x = 2 \Rightarrow x = 1 $
- F: 6 on left, 6 + x on right → $ 6 + 1 = 7 $, not balanced

Try:

$$
\ce{U + 3ClF3 -> UF6 +",no
2,"To determine the oxidation state of ruthenium (Z) in the complex \ce{[RuH2(CO)(PPh3)3]}, we need to consider the charges of the ligands and the overall charge of the complex.

The complex is neutral, so the sum of the oxidation state of Ru and the charges of the ligands must equal zero.

### Step 1: Identify the ligands and their charges
- **H₂**: Each H is -1, so H₂ is -2.
- **CO**: This is a neutral ligand (no charge).
- **PPh₃**: Each PPh₃ is neutral (no charge).

So, the total charge from the ligands is:  
- H₂: -2  
- CO: 0  
- PPh₃ × 3: 0  

Total ligand charge = -2 + 0 + 0 = **-2**

### Step 2: Set up the equation
Let the oxidation state of Ru be Z.

$$
Z + (-2) = 0
$$

$$
Z = +2
$$

### Answer:
**C** (since Z = +2, and the question asks for the integer Z)  
But the question says: ""Reply with the single letter corresponding to the correct answer (e.g., A, B, C, D or a numerical value).""

However, the question does **not** list options (A, B, C, D), but asks for the **integer Z**.

### Final Answer:
**+2**",yes
A,"The correct answer is: **B, F**

**Explanation:**

- **(A) False** – Both LDA and GGA can underestimate band gaps, but this is not universally true. Some GGA functionals can give better results for band gaps, and LDA is known to be poor for band gaps in semiconductors.

- **(B) True** – GGA generally performs better for systems with rapidly varying electron density, such as surfaces, because it accounts for the gradient of the electron density, which is important in such systems.

- **(C) False** – There is no strong consensus that GGA is better at describing hydrogen bonds than LDA. In fact, LDA is often used in studies of hydrogen bonds due to its simplicity.

- **(D) False** – LDA often predicts more accurate lattice constants for solids compared to GGA. GGA tends to overestimate lattice constants for some systems.

- **(E) False** – LDA is not exact for a homogeneous electron gas. It is an approximation, and the exact functional is not known.

- **(F) True** – LDA often provides surprisingly good results for bulk moduli of simple metals, even though it is not exact.

- **(G) False** – LDA tends to underestimate binding energies in molecules and solids, not overestimate.

**Correct answer: B, F**",no
A,"The rate constant of a reaction is primarily affected by temperature, not by the concentration of reactants. 

- A **10% increase in the concentration of a reactant** affects the **reaction rate**, not the **rate constant**. The rate constant is a measure of the intrinsic speed of the reaction and is independent of the concentration of reactants (assuming the reaction is elementary and the rate law is based on concentrations).

- A **10% increase in temperature** increases the rate constant significantly, as described by the **Arrhenius equation**:

  $$
  k = A e^{-E_a/(RT)}
  $$

  where $ k $ is the rate constant, $ A $ is the pre-exponential factor, $ E_a $ is the activation energy, $ R $ is the gas constant, and $ T $ is the temperature. An increase in temperature leads to a substantial increase in the rate constant.

Therefore, the correct answer is:

**(A) An increase in temperature**.

The answer is: **A**.",yes
D,"The correct answer is: **D**

**Explanation:**

The key observation is that the melting point of an equimolar mixture of benzene (C₆H₆) and hexafluorobenzene (C₆F₆) is **much higher** than the melting points of the pure components (5.5°C for benzene and 5.2°C for hexafluorobenzene). This indicates that the mixture has a **higher melting point** than either pure component, which is **unusual** for a typical solution.

In general, when two substances are mixed, the melting point of the mixture is **lower** than the melting point of either pure component (if they are miscible and form a solution). However, in this case, the melting point of the mixture is **higher**, which suggests that the two substances **form a eutectic mixture** or **some kind of ordered structure** that has a **higher melting point**.

The most reasonable explanation is that the two substances **form a crystal containing equal amounts of the two substances** (i.e., they form a **solid solution** or **solid mixture** that has a higher melting point than either pure component). This is **not** typical for simple solutions, and it is consistent with the idea that the two compounds can **form a solid solution** where the melting point is **higher** than the melting points of the individual components.

So, the correct answer is: **D**.",yes
A,"The given formula for the vibrational frequency is:

$$
f_{vib} = \frac{1}{2\pi} \sqrt{\frac{k}{\mu}}
$$

This shows that the vibrational frequency is **directly proportional to the square root of the force constant $ k $** and **inversely proportional to the square root of the reduced mass $ \mu $**.

Now, let's examine the options:

---

**(A)** *Given two molecules HCl³⁵ and HCl³⁷, the vibrational frequency of HCl³⁷ is lower than that of HCl³⁵, assuming the force constants are the same.*

- This is **false**. The reduced mass of HCl³⁷ is greater than that of HCl³⁵ because the chlorine isotope is heavier. Since $ f_{vib} \propto \frac{1}{\sqrt{\mu}} $, a larger reduced mass leads to a **lower** vibrational frequency. So this statement is **true**. **Wait, this is actually correct. So (A) is true. Let's keep it in mind.**

---

**(B)** *In a molecule of HCl³⁷, the vibrational frequency is higher than in a molecule of HBr, assuming the force constants are the same.*

- This is **false**. HBr has a much heavier bromine atom than chlorine (³⁷Cl), so the reduced mass of HBr is much larger than that of HCl³⁷. Therefore, the vibrational frequency of HBr is **lower** than that of HCl³⁷. So this statement is **false**.

---

**(C)** *The vibrational frequency of a molecule is directly proportional to the force constant $ k $, and inversely proportional to the reduced mass $ \mu $.*

- This is **false**. The formula shows that $ f_{vib} \propto \sqrt{\frac{k}{\mu}} $, not directly proportional to $ k $ or inversely proportional to $ \mu $.

---

**(D)** *The vibrational frequency of a molecule is directly proportional to the reduced mass and inversely proportional to the force constant.*

- This is **false**. It contradicts the formula.

---

So, the **correct** statement is:

$$
\boxed{\text{A}}
$$",yes
494,"To find the bond enthalpy of the **O=O** bond, we can use the enthalpy change of the reaction:

$$
\ce{H2 + 0.5 O2 -> H2O} \quad \Delta H = -241 \, \text{kJ mol}^{-1}
$$

This is the formation of water from hydrogen and oxygen. We will use **bond enthalpies** to calculate the enthalpy change of the reaction.

### Step 1: Write the bond enthalpy equation

The enthalpy change of a reaction can be calculated using:

$$
\Delta H = \sum (\text{Bond enthalpies of bonds broken}) - \sum (\text{Bond enthalpies of bonds formed})
$$

In this reaction:

- **Bonds broken**:
  - 1 mole of **H–H** bond (from H₂)
  - 0.5 mole of **O=O** bond (from O₂)

- **Bonds formed**:
  - 2 moles of **O–H** bonds (from H₂O)

### Step 2: Plug in the bond enthalpy values

Given:
- Bond enthalpy of **H–H** = 432 kJ mol⁻¹
- Bond enthalpy of **O–H** = 460 kJ mol⁻¹
- Enthalpy change of reaction = -241 kJ mol⁻¹

Let the bond enthalpy of **O=O** be **x** kJ mol⁻¹.

Now write the equation:

$$
\Delta H = [1 \times 432 + 0.5 \times x] - [2 \times 460]
$$

$$
-241 = 432 + 0.5x - 920
$$

$$
-241 = -488 + 0.5x
$$

$$
0.5x = -241 + 488 = 247
$$

$$
x = 2 \times 247 = 494 \, \text{kJ mol}^{-1}
$$

### Final Answer:

**D. 494** (assuming the options are labeled A to D with numerical values)  
**Answer: D**",yes
B,"To find the relationship between $ K_p $ and $ K_c $ for the reaction:

$$
\ce{NH2CO2NH4 (s) -> 2NH3 (g) + CO2 (g)}
$$

we start by recalling the general relationship between $ K_p $ and $ K_c $:

$$
K_p = K_c (RT)^{\Delta n}
$$

where:

- $ R $ is the gas constant,
- $ T $ is the temperature in Kelvin,
- $ \Delta n $ is the difference between the moles of gaseous products and reactants.

In this reaction:

- The solid $\ce{NH2CO2NH4}$ does **not** appear in either $ K_p $ or $ K_c $, since its activity is considered to be 1.
- The products are: 2 moles of $\ce{NH3}$ (g) and 1 mole of $\ce{CO2}$ (g), so total moles of gas = 3.
- The reactant is a solid, so no moles of gas.

Thus:

$$
\Delta n = 3 - 0 = 3
$$

So the relationship becomes:

$$
K_p = K_c (RT)^3
$$

Therefore, the correct answer is:

**(B) $ K_p = K_c (RT)^3 $**.

**Answer: B**",yes
1,"The balanced equation for photosynthesis is:

$$
6\text{CO}_2 + 6\text{H}_2\text{O} \rightarrow x\text{C}_6\text{H}_{12}\text{O}_6 + 6\text{O}_2
$$

To find the value of $ x $, we need to balance the carbon atoms on both sides of the equation.

- On the left side, there are 6 carbon atoms (from 6 CO₂).
- On the right side, each glucose molecule (C₆H₁₂O₆) contains 6 carbon atoms.

So, to balance the carbon atoms, we need 1 glucose molecule for every 6 carbon atoms. Therefore:

$$
x = 1
$$

**Answer: 1**",yes
B,"The correct statements are:

**(B)** Even at absolute zero temperature, molecules retain vibrational energy, preventing them from being completely stationary.  
**(D)** The zero-point energy is a consequence of the Heisenberg uncertainty principle.  
**(C)** The lowest vibrational energy of a molecule is zero.  
**(E)** Zero-point energy of a molecule does not depend on the geometry of the molecule but depends on the atomic masses.

**Statement (A)** is incorrect because, even at 0 K, molecules still have zero-point vibrational energy due to quantum mechanical effects, not zero energy.

### Correct answer: **B, C, D, E**

However, the question asks for the **single letter** corresponding to the correct answer. Since multiple statements are correct, but the question format suggests a **single choice**, the most comprehensive and correct statement is:

**(D)** The zero-point energy is a consequence of the Heisenberg uncertainty principle.

So, the answer is: **D**.",no.
4,"The Sabatier reaction is:

CO₂ + 4H₂ → CH₄ + 2H₂O

In the reactants, CO₂ and H₂ are present.

- In CO₂, the oxidation state of carbon is **+4**.
- In H₂, the oxidation state of hydrogen is **0**.

Since the question asks for the oxidation number of **carbon** in the reactants of the Sabatier reaction, the answer is:

**+4**.",yes
B,"The correct answer is: **B) It is harder to add a particle at random**

At very high densities in a grand canonical Monte Carlo (GCMC) simulation, the system is already densely packed. Adding a new particle at random (i.e., trying to insert a particle into the system) is more likely to result in a configuration that is energetically unfavorable or violates the boundary conditions. This makes the insertion move less probable and thus harder to accept in the simulation.

Therefore, the correct answer is: **B**.",yes
3,"To determine the value of $ x $ in the disproportionation reaction:

$$
\ce{5IF3 -> I2 + xIF5}
$$

we need to balance the reaction by ensuring that the number of each type of atom is the same on both sides of the equation.

### Step 1: Write the unbalanced equation
$$
\ce{5IF3 -> I2 + xIF5}
$$

### Step 2: Count the atoms on each side

#### Left side (reactants):
- Iodine (I): $ 5 \times 1 = 5 $
- Fluorine (F): $ 5 \times 3 = 15 $

#### Right side (products):
- Iodine (I): $ 2 + x \times 1 = 2 + x $
- Fluorine (F): $ x \times 5 = 5x $

### Step 3: Balance the iodine atoms

Set the number of iodine atoms on both sides equal:

$$
5 = 2 + x \Rightarrow x = 3
$$

### Step 4: Check fluorine atoms

Left side: 15 F  
Right side: $ 5x = 5 \times 3 = 15 $ F

Fluorine is also balanced.

### Final balanced equation:

$$
\ce{5IF3 -> I2 + 3IF5}
$$

### Answer: **C** (if the options are A, B, C, D for 1, 2, 3, 4 respectively)  
Or **3** (if a numerical value is expected).

Since the question asks for the **single letter** corresponding to the correct answer, and assuming the options are A = 1, B = 2, C = 3, D = 4, the correct answer is:

**C**.",yes
-193.9,"To find the **standard enthalpy change** for the reaction:

$$
\ce{CO2 + 2KOH -> H2O + K2CO3}
$$

we use the **standard enthalpy of formation** (ΔH°f) values for the reactants and products:

- ΔH°f of **CO₂** = -393.5 kJ/mol  
- ΔH°f of **KOH** = -424.8 kJ/mol  
- ΔH°f of **H₂O** = -285.8 kJ/mol  
- ΔH°f of **K₂CO₃** = -1151.2 kJ/mol  

The formula for the standard enthalpy change of a reaction is:

$$
\Delta H^\circ_{\text{rxn}} = \sum \Delta H^\circ_f (\text{products}) - \sum \Delta H^\circ_f (\text{reactants})
$$

Now plug in the values:

$$
\Delta H^\circ_{\text{rxn}} = [(-285.8) + (-1151.2)] - [(-393.5) + 2 \times (-424.8)]
$$

$$
= (-1437.0) - [(-393.5) + (-849.6)]
$$

$$
= -1437.0 - (-1243.1)
$$

$$
= -1437.0 + 1243.1 = -193.9 \ \text{kJ mol}^{-1}
$$

### Final Answer: **-193.9 kJ mol⁻¹**

If you are to choose from options, the correct answer is:

**D. -193.9** (assuming D corresponds to this value)  
Or, if you are to provide a numerical value, the answer is:

**-193.9**",yes
D,"The Born-Oppenheimer (BO) approximation assumes that the nuclei are much heavier than the electrons and move much more slowly, allowing the electronic wavefunction to adjust instantaneously to the nuclear positions. This makes the BO approximation valid when the nuclear motion is much slower than the electronic motion, which is generally true for most molecules and polyatomic systems.

However, the BO approximation is **least applicable** when the **nuclei are light and move rapidly**, or when the **electronic and nuclear motions are strongly coupled**. This is typically the case in **diatomic molecules with light nuclei** (like hydrogen or deuterium) or in systems where the nuclear and electronic motions are not well separated.

Let's analyze the options:

- **(A) C₆₀**: A large, heavy molecule (carbon is a heavy atom), so the BO approximation is very good.
- **(B) CH₄**: A molecule with heavy carbon atoms, so BO is valid.
- **(C) Fe(CO)₅**: A complex molecule with heavy iron and carbon atoms; BO is still valid.
- **(D) H₂⁺**: A diatomic molecule with **light hydrogen nuclei**. The BO approximation is **least applicable** here because the nuclei are very light and move rapidly, leading to strong coupling between electronic and nuclear motion.
- **(E) NaCl**: A diatomic ionic compound with **heavy sodium and chlorine atoms**, so BO is valid.

### Correct Answer: **D**",yes
C,"The correct answer is: **(D) Statements 1 and 2 are True. Statement 2 is the correct explanation for Statement 1.**

### Explanation:

**Statement 1:** *Addition or removal of solid reactants/products does not alter the existing equilibrium.*

- This is **True**. In heterogeneous equilibria involving solids, the concentration (or activity) of the solid does not change with the amount of solid present. Therefore, adding or removing solid does not affect the equilibrium position.

**Statement 2:** *Active mass of solid remains constant.*

- This is also **True**. The ""active mass"" of a solid is considered constant because the concentration of a solid does not change with its amount. The activity of a pure solid is taken as 1, and it is not affected by the amount of solid present.

### Relationship between the statements:

- **Statement 2 explains Statement 1.** The reason why adding or removing a solid does not affect the equilibrium is because the active mass (or activity) of the solid remains constant. Therefore, **Statement 2 is the correct explanation for Statement 1**.

### Correct Answer: **D** ✅",no.
8480,"To solve this problem, we need to determine the energy released when **1 dm³ of liquid hydrogen** is combusted. Here's the step-by-step process:

---

### **Given:**

- Density of liquid hydrogen: $\pu{0.071 g cm^{-3}}$
- Enthalpy change for the reaction:  
  $\ce{H2 + 0.5 O2 -> H2O}$, $\Delta H = \pu{-241 kJ/mol}$ of **hydrogen gas**
- Volume of liquid hydrogen: $\pu{1 dm^3} = \pu{1000 cm^3}$

---

### **Step 1: Find the mass of liquid hydrogen**

$$
\text{Mass} = \text{Density} \times \text{Volume} = \pu{0.071 g/cm^3} \times \pu{1000 cm^3} = \pu{71 g}
$$

---

### **Step 2: Convert mass of hydrogen to moles**

Molar mass of $\ce{H2}$ = $\pu{2.016 g/mol}$

$$
\text{Moles of } \ce{H2} = \frac{\pu{71 g}}{\pu{2.016 g/mol}} \approx \pu{35.2 mol}
$$

---

### **Step 3: Use the enthalpy change per mole of hydrogen**

The given enthalpy change is **-241 kJ per mole of hydrogen gas**. So:

$$
\text{Energy released} = \pu{35.2 mol} \times \pu{-241 kJ/mol} = \pu{-8473.2 kJ}
$$

Since the question asks for the **energy released**, we take the **magnitude**:

$$
\boxed{\pu{8473 kJ}}
$$

---

### **Answer:**

**D. 8473 kJ** (assuming the choices are labeled A–D with this value as one of them)  
**Answer: D**",yes
2,"The correct answer is: **B**

**Explanation:**

In a unit cell of calcium carbide (CaC₂), calcium atoms are positioned at the corners and at the center of the unit cell.

- **Corner atoms**: There are 8 corners in a cubic unit cell. Each corner atom is shared among 8 adjacent unit cells, so each corner contributes **1/8** of an atom to the unit cell.  
  Total contribution from corners: $ 8 \times \frac{1}{8} = 1 $ calcium atom.

- **Center atom**: There is 1 atom at the center of the unit cell, and it is fully contained within the unit cell.  
  Contribution from center: **1** calcium atom.

**Total calcium atoms per unit cell = 1 (from corners) + 1 (from center) = 2**

However, the question asks for the **number of calcium atoms present in one unit cell of calcium carbide**, and the correct answer is **2**, which corresponds to **B** (if the options are labeled A = 1, B = 2, etc.).",yes
D,"The correct answer is: **D**. 

**Stopped-flow method** is commonly used to study reactions occurring on timescales of milliseconds to seconds. It allows for the rapid mixing of reactants and the monitoring of the reaction progress over short time intervals. 

**A** (Flash photolysis) is used for studying fast reactions, but it typically involves light-induced reactions and may not be as precise for milliseconds to seconds.  
**B** (NMR spectroscopy) is not typically used for such short timescales.  
**C** (Shock tubes) are used for high-temperature, high-pressure reactions, not for short timescales.  

Thus, the correct answer is **D**.",yes
C,"The correct answer is: **(A) No**

**Explanation:**  
Tetraphene is a molecule composed entirely of carbon atoms arranged in a fused ring system (four benzene rings connected in a linear fashion). It does not contain any nitrogen atoms. Therefore, the question about the hybridization of nitrogen atoms in tetraphene is irrelevant, as there are no nitrogen atoms in the molecule. However, the question is asking whether the hybridization of nitrogen atoms (if any) is the same as that of carbon atoms. Since there are no nitrogen atoms, the correct answer is **(C) There are no nitrogen atoms in the molecule**. But the question is phrased as a comparison between nitrogen and carbon hybridization, and since there are no nitrogen atoms, the answer is **(C)**.

However, if the question is interpreted as whether the hybridization of **any** nitrogen atoms (if present) would be the same as that of carbon atoms, and since there are no nitrogen atoms, the correct answer is **(C)**.

But the original question is:

> Is the hybridization of the nitrogen atoms the same as for the carbon atoms in the tetraphene molecule?

Since there are **no nitrogen atoms** in tetraphene, the correct answer is:

**(C) There are no nitrogen atoms in the molecule**.

So the correct answer is: **C**.",yes
-3,"The oxidation state of phosphorus in phosphine (PH₃) is **-3**.

The correct answer is: **-3**.",yes
C,"The ammonia synthesis reaction is:

$$
\ce{N2 + 3H2 <=> 2NH3}
$$

This is a gas-phase reaction with a decrease in the number of moles of gas (from 4 moles of gas on the reactant side to 2 moles of gas on the product side). According to **Le Chatelier's principle**, increasing the pressure will shift the equilibrium to the side with fewer moles of gas, which is the product side (NH₃). Therefore, **increasing the pressure favors the formation of ammonia**, leading to **increased conversion** of reactants into products.

Thus, the correct answer is:

**(C) The conversion increases**.

The answer is: **C**.",yes
A,"The correct answer is: **B, C, D**

**Explanation:**

- **(A) Changing the unit cell size in the calculation can shift this energy value.**  
  → **Correct.** The conduction band minimum (CBM) energy can be affected by the choice of unit cell size, especially in periodic boundary conditions, as it influences the electronic structure.

- **(B) The absolute value of this energy has no physical meaning without additional context.**  
  → **Correct.** The energy is typically reported relative to a reference level (e.g., vacuum level, Fermi level, or another band edge), so the absolute value alone is not meaningful.

- **(C) The energy difference between this CBM and the valence band maximum (VBM) represents the electronic band gap.**  
  → **Correct.** The band gap is defined as the energy difference between the CBM and the VBM.

- **(D) The energy is likely reported with respect to the Fermi level of the system.**  
  → **Correct.** In many DFT calculations, energies are referenced to the Fermi level, especially in calculations involving band structure.

- **(E) The negative energy value indicates that the CBM is below the vacuum level.**  
  → **Incorrect.** A negative energy value does not necessarily indicate the position relative to the vacuum level. It is typically referenced to a specific level (e.g., vacuum level, Fermi level).

- **(F) This energy can be directly compared to experimental photoelectron spectroscopy results.**  
  → **Incorrect.** Photoelectron spectroscopy (PES) measures the binding energy of electrons relative to the vacuum level, while DFT calculations may use different reference levels. Direct comparison requires proper alignment of reference levels.

- **(G) This result suggests that the material is a p-type semiconductor.**  
  → **Incorrect.** The position of the CBM and VBM relative to the Fermi level determines whether a material is n-type or p-type. A negative CBM value alone does not indicate the type of semiconductor.

**Answer: B, C, D**",no
B,"To evaluate the two statements, let's analyze them one by one.

---

### **Statement 1:**
> **""Addition of inert gas at constant pressure to dissociation equilibrium of**  
> $\ce{PCl5(g) <=> PCl3(g) + Cl2(g)}$ **favors the forward reaction.""**

- This is a **Le Chatelier's Principle** problem.
- When an inert gas is added **at constant pressure**, the **total volume increases** (since pressure is constant and moles of gas increase).
- The **concentrations of the reacting species (PCl₅, PCl₃, Cl₂)** decrease because the volume increases.
- Since the reaction is **gas-phase**, and the **total number of moles of gas increases** on the right side (2 moles vs. 1 mole), **adding inert gas (which does not participate in the reaction)** at constant pressure **shifts the equilibrium to the side with more moles of gas**, i.e., **towards the products** (forward reaction).
- Therefore, **Statement 1 is TRUE**.

---

### **Statement 2:**
> **""Kc = a² / [V(1 - a)], where V is the volume, which increases upon the addition of inert gas and to maintain equilibrium, a (degree of dissociation of PCl5) must increase.""**

- The expression $ K_c = \frac{a^2}{V(1 - a)} $ is **not a standard expression** for the dissociation of $\ce{PCl5}$.
- The **degree of dissociation** $ a $ is typically defined as the fraction of $\ce{PCl5}$ that dissociates, and $ K_c $ is usually expressed in terms of concentrations.
- The expression given in Statement 2 **does not represent a standard form** of the equilibrium constant for this reaction.
- Therefore, **Statement 2 is not accurate** in its formulation.

However, **the reasoning about the effect of adding an inert gas at constant pressure** (which increases volume and thus decreases concentrations of the reactants and products) is **consistent** with the idea that the degree of dissociation $ a $ must increase to maintain equilibrium.
- So, **the logic in Statement 2 is correct**, but the **expression is not**.

---

### **Conclusion:**

- **Statement 1 is TRUE**.
- **Statement 2 is partially TRUE in reasoning but not in the given expression**. So, **Statement 2 is False**.

---

### **Correct Answer:**
**(D) Statement 1 is True, Statement 2 is False.** ✅

**Answer: D**","no

The response is **not correct**. Let's analyze why.

---

### **Statement 1**:
- The statement says that **adding an inert gas at constant pressure** to the dissociation equilibrium of $\ce{PCl5(g) <=> PCl3(g) + Cl2(g)}$ **favors the forward reaction**.
- This is **true** based on **Le Chatelier's Principle**.
- At **constant pressure**, adding an inert gas **increases the volume**, which **lowers the concentrations** of all species.
- Since the **forward reaction produces more moles of gas**, the system will shift **towards the side with more moles of gas** (i.e., the **forward reaction**) to counteract the change.
- So, **Statement 1 is TRUE**.

---

### **Statement 2**:
- The statement says:  
  > $ K_c = \frac{a^2}{V(1 - a)} $, where $ V $ is the volume, which increases upon the addition of inert gas and to maintain equilibrium, $ a $ (degree of dissociation of $\ce{PCl5}$) must increase.

- The **expression** for $ K_c $ is **not standard**. The correct expression for the equilibrium constant for the dissociation of $\ce{PCl5}$ is:
  $$
  K_c = \frac{[PCl_3][Cl_2]}{[PCl_5]}
  $$
  or, in terms of degree of dissociation $ a $, it can be written as:
  $$
  K_c = \frac{(a)^2}{(1 - a)}
  $$
  (assuming initial concentration is 1 and volume is constant).

- However, **Statement 2** introduces **volume $ V $** into the expression, which is **not standard**. But the **reasoning** that **adding inert gas increases volume**, **lowers concentrations**, and thus **requires an increase in $ a $** to maintain equilibrium is **correct**.

- So, **Statement 2 is TRUE in reasoning**, even though the expression is **not standard**.

---

### **Conclusion**:
- **Statement 1 is TRUE**.
- **Statement 2 is TRUE in reasoning**, even though the expression is not standard.

Therefore, the **correct answer is (B)**:  
> **Statement 1 and 2 are True. Statement 2 is the correct explanation for Statement 1.**

---

### ✅ Final Answer: **(B)**"
D,"The reaction is:

$$
\ce{N2 + 3H2 <=> 2NH3}
$$

This is a gas-phase reaction with **fewer moles of gas on the product side** (2 moles of NH₃) compared to the reactant side (4 moles of gas: 1 mole of N₂ + 3 moles of H₂). 

To **maximize the amount of ammonia** formed, we should consider **Le Chatelier's Principle**, which states that a system at equilibrium will shift to counteract any changes in conditions.

### Analysis of each option:

**(A) Decreasing the partial pressure of hydrogen**  
This would shift the equilibrium to the right (toward the products) because the system would try to increase the concentration of hydrogen. However, **decreasing the partial pressure of one reactant** may not be the most effective way to shift the equilibrium significantly, especially if the reaction is not very sensitive to that specific reactant.

**(B) Decreasing the partial pressure of nitrogen**  
Similar to (A), this would also shift the equilibrium to the right, but again, it may not be the most effective way to maximize ammonia production.

**(C) Decreasing the total pressure of the vessel**  
This would shift the equilibrium to the side with **more moles of gas**, which is the reactant side (4 moles of gas vs. 2 moles of gas in the product). This would **decrease** the amount of ammonia, so this is **not** the correct answer.

**(D) Increasing the total pressure of the vessel**  
This would shift the equilibrium to the side with **fewer moles of gas**, which is the product side (2 moles of NH₃). This would **increase** the amount of ammonia, so this is the **correct** answer.

### Final Answer: **D**",yes
B,"The question involves the **rotational state** of an ammonia molecule and how the **shape** of the molecule changes when it is in a specific **angular momentum state**.

### Key Concepts:

1. **Angular Momentum in Molecules**:
   - The total angular momentum $ J $ is a quantum number that determines the rotational state of a molecule.
   - The z-component of angular momentum is given by $ P_z = K \cdot h/(2\pi) $, where $ K $ is an integer such that $ -J \leq K \leq J $.
   - When $ K \ll 0 $, the molecule is in a state where the angular momentum is mostly in the negative z-direction (i.e., the molecule is rotating in a way that its ""top"" is pointing downward).

2. **Ammonia Molecule**:
   - Ammonia (NH₃) is a **pyramidal** molecule with a nitrogen atom at the apex and three hydrogen atoms at the base.
   - The molecule has a **rotational symmetry** and can adopt different **rotational states** depending on the value of $ J $ and $ K $.

3. **Effect of Rotational State on Shape**:
   - In the **ground state**, ammonia is in a state with $ J = 0 $, and the molecule is symmetric and the hydrogen atoms are equidistant from the nitrogen atom.
   - When $ J > 0 $, the molecule can rotate, and the shape can change depending on the value of $ K $.
   - If $ K \ll 0 $, the molecule is rotating **primarily in the negative z-direction**, which corresponds to the **pyramid being inverted** (i.e., the nitrogen atom is at the bottom, and the hydrogen atoms are at the top).
   - This **inversion** leads to a **flattening of the base** and an **increase in the distance between the hydrogen atoms**.

### Correct Answer:

**(D) The pyramidal shape of the molecule is inverted and the distance between the hydrogen atoms is increased**

### Final Answer:
**D**",no
42000,"To find the number of moles of Ambrox produced per year, we need to:

1. **Find the molar mass of Ambrox** (C₁₆H₂₈O):
   - Carbon (C): 16 × 12.01 g/mol = 192.16 g/mol
   - Hydrogen (H): 28 × 1.008 g/mol = 28.224 g/mol
   - Oxygen (O): 1 × 16.00 g/mol = 16.00 g/mol
   - **Total molar mass** = 192.16 + 28.224 + 16.00 = **236.384 g/mol**

2. **Convert 10 tonnes of Ambrox to grams**:
   - 1 tonne = 1000 kg = 1,000,000 g
   - 10 tonnes = 10 × 1,000,000 g = **10,000,000 g**

3. **Calculate moles**:
   $$
   \text{Moles} = \frac{\text{Mass (g)}}{\text{Molar Mass (g/mol)}} = \frac{10,000,000}{236.384} \approx 42,300 \text{ moles}
   $$

**Answer: D** (assuming D corresponds to 42,300 moles in the multiple-choice options)",yes
D,"The correct answer is **D**.

**Explanation:**

Entropy change (ΔS) is a measure of the disorder or randomness of a system. A **positive entropy change** (ΔS > 0) occurs when the system becomes more disordered, typically when there is an increase in the number of gas molecules or when a solid becomes a liquid or gas.

Let's analyze each option:

**(A)** $\ce{CaO (s) + CO2 (g) -> CaCO3 (s)}$  
- A gas (CO₂) is consumed to form a solid (CaCO₃).  
- This reaction results in a **decrease** in the number of gas molecules, so **ΔS is negative**.

**(B)** $\ce{N2 (g) + 3H2 (g) -> 2NH3 (g)}$  
- 4 moles of gas (1 mole of N₂ + 3 moles of H₂) are converted into 2 moles of gas (NH₃).  
- This results in a **decrease** in the number of gas molecules, so **ΔS is negative**.

**(C)** $\ce{O2 (g) + O (g) -> O3 (g)}$  
- 2 moles of gas (O₂ + O) are converted into 1 mole of gas (O₃).  
- This results in a **decrease** in the number of gas molecules, so **ΔS is negative**.

**(D)** $\ce{Zn (s) + 2 HCl (aq) -> ZnCl2 (aq) + H2 (g)}$  
- A solid (Zn) and aqueous solution (HCl) react to form an aqueous solution (ZnCl₂) and a gas (H₂).  
- The production of a gas (H₂) increases the disorder of the system, so **ΔS is positive**.

**Answer: D** ✅",yes
C,"The correct answer is **(C) The gas temperature will be lower**.

### Explanation:

When a fuel is burned in an atmosphere that is **21% O₂ / 79% CO₂** instead of in **air** (which is roughly **21% O₂ / 79% N₂**), the key difference is the **presence of CO₂** instead of **N₂**.

- **Nitrogen (N₂)** is inert and does not participate in combustion reactions. It absorbs heat and raises the specific heat capacity of the combustion products, which can lead to **lower gas temperatures** because more energy is required to raise the temperature of the gas mixture.
  
- **Carbon dioxide (CO₂)** is also a **heat-carrying gas**, but it is **not inert** in the same way as N₂. However, in this case, since the atmosphere is **not air**, but a mixture of O₂ and CO₂, the **heat capacity of the combustion products** will be different.

- The **combustion rate** (B) and **ignition temperature** (D) are not directly affected by the presence of CO₂ in the atmosphere, assuming the oxygen concentration is the same (21%). However, the **gas temperature** (C) will be **lower** because the heat capacity of the gas mixture is higher due to the presence of CO₂ (which has a higher specific heat capacity than N₂), leading to **less efficient heat transfer** and **lower temperatures**.

### Therefore, the correct answer is: **C**.",yes
C,"The decomposition reaction is:

$$
\ce{CaCO3 (s) <=> CaO (s) + CO2 (g)}
$$

This is a **solid-state decomposition** reaction, and the **CO₂** gas is produced as a product.

---

### **Experiment I: Open to the outside**

- The container is **open to the atmosphere**.
- As **CO₂** is produced, it can **escape** into the atmosphere.
- This means that the **reaction can proceed to completion** because the system is not constrained by the presence of CO₂.
- **CaCO₃ will decompose completely**.

---

### **Experiment II: Hermetically sealed container**

- The container is **closed**, so **CO₂ cannot escape**.
- This means that the reaction will reach **equilibrium** because the concentration of CO₂ is **fixed**.
- At **900°C**, the reaction will **not go to completion**; instead, it will **stop when the system reaches equilibrium**.
- Therefore, **some CaCO₃ will remain unreacted**.

---

### **Conclusion:**

- In **Experiment I**, **CaCO₃ decomposes completely**.
- In **Experiment II**, **CaCO₃ does not decompose completely**.

### **Correct Answer: (C) Only in experiment I**

**Answer: C**",yes
D,"For the decomposition of hydrogen peroxide, the reaction is:

$$
\ce{2H2O2 -> 2H2O + O2}
$$

This is a **second-order reaction** with respect to hydrogen peroxide. The rate law is typically:

$$
\text{Rate} = k[\ce{H2O2}]^2
$$

For a **second-order reaction**, the **half-life** is given by:

$$
t_{1/2} = \frac{1}{k[\ce{H2O2}]}
$$

This shows that the **half-life depends on the concentration of $\ce{H2O2}$**. As the reaction progresses, the concentration of $\ce{H2O2}$ decreases, so the denominator in the half-life equation becomes smaller, causing the **half-life to increase**.

Therefore, the correct answer is:

**(B) It increases**.",No.
D,"To determine the **minimum feasible step size** for a molecular dynamics (MD) simulation using the **Nyquist-Shannon theorem**, we need to ensure that the time step is small enough to capture the **fastest vibrational mode** of the molecule.

### Key Concepts:
- The **Nyquist-Shannon sampling theorem** states that the sampling rate (in this case, the time step) must be **at least twice** the highest frequency present in the signal to avoid aliasing.
- In MD simulations, the time step must be small enough to resolve the fastest vibrational motion.
- The **vibrational frequency** of the N-H bond is given as **3300–3500 cm⁻¹**.
- We need to convert this frequency from **wavenumbers (cm⁻¹)** to **Hz (cycles per second)** to apply the Nyquist theorem.

### Step 1: Convert wavenumber to frequency
The conversion formula is:

$$
f = \nu \times c
$$

Where:
- $ f $ is the frequency in Hz,
- $ \nu $ is the wavenumber in cm⁻¹,
- $ c $ is the speed of light, $ c = 2.9979 \times 10^{10} \, \text{cm/s} $.

Let's take the **maximum frequency** (3500 cm⁻¹):

$$
f = 3500 \times 2.9979 \times 10^{10} = 1.049265 \times 10^{14} \, \text{Hz}
$$

### Step 2: Apply the Nyquist-Shannon theorem
The Nyquist frequency is **half the sampling rate**, so the **minimum time step** $ \Delta t $ is:

$$
\Delta t = \frac{1}{2f} = \frac{1}{2 \times 1.049265 \times 10^{14}} \approx 4.76 \times 10^{-15} \, \text{s} = 4.76 \, \text{fs}
$$

### Step 3: Choose the correct answer
The minimum feasible step size must be **at least** 4.76 fs. Among the options:

- (A) 10 fs
- (B) 2 fs
- (C) 20 fs
- (D) 4 fs

The **minimum** step size that satisfies the Nyquist criterion is **4.76 fs**, so the **smallest feasible** step size is **4 fs**.

### ✅ Correct Answer: **D**",yes
253,"To find the enthalpy change for the reaction:

$$
\ce{CH4(g) + 2H2O(l) -> CO2(g) + 4H2(g)}
$$

we use the **standard enthalpy of formation** values:

- $\Delta H_f^\circ(\ce{CH4(g)}) = -74.8 \, \text{kJ mol}^{-1}$
- $\Delta H_f^\circ(\ce{H2O(l)}) = -285.8 \, \text{kJ mol}^{-1}$
- $\Delta H_f^\circ(\ce{CO2(g)}) = -393.5 \, \text{kJ mol}^{-1}$
- $\Delta H_f^\circ(\ce{H2(g)}) = 0 \, \text{kJ mol}^{-1}$ (since it's an element in its standard state)

The formula for the enthalpy change of a reaction is:

$$
\Delta H^\circ = \sum \Delta H_f^\circ(\text{products}) - \sum \Delta H_f^\circ(\text{reactants})
$$

Now, plug in the values:

$$
\Delta H^\circ = [ \Delta H_f^\circ(\ce{CO2(g)}) + 4 \times \Delta H_f^\circ(\ce{H2(g)}) ] - [ \Delta H_f^\circ(\ce{CH4(g)}) + 2 \times \Delta H_f^\circ(\ce{H2O(l)}) ]
$$

$$
\Delta H^\circ = [ -393.5 + 4 \times 0 ] - [ -74.8 + 2 \times (-285.8) ]
$$

$$
\Delta H^\circ = -393.5 - [ -74.8 - 571.6 ]
$$

$$
\Delta H^\circ = -393.5 - (-646.4)
$$

$$
\Delta H^\circ = -393.5 + 646.4 = 252.9 \, \text{kJ mol}^{-1}
$$

**Answer: 252.9 kJ mol⁻¹**

So, the correct answer is: **252.9**.",yes
1.09,"To find the mass of CO₂ in a 250 cm³ can of fizzy drink, we need to follow these steps:

### Given:
- Concentration of CO₂ = 0.099 mol dm⁻³
- Volume of the can = 250 cm³ = 0.25 dm³ (since 1 dm³ = 1000 cm³)

### Step 1: Calculate the number of moles of CO₂
$$
\text{Moles of CO₂} = \text{Concentration} \times \text{Volume} = 0.099 \, \text{mol dm}^{-3} \times 0.25 \, \text{dm}^3 = 0.02475 \, \text{mol}
$$

### Step 2: Find the molar mass of CO₂
- Carbon (C) = 12.01 g/mol
- Oxygen (O) = 16.00 g/mol
$$
\text{Molar mass of CO₂} = 12.01 + 2 \times 16.00 = 44.01 \, \text{g/mol}
$$

### Step 3: Calculate the mass of CO₂
$$
\text{Mass of CO₂} = \text{Moles} \times \text{Molar mass} = 0.02475 \, \text{mol} \times 44.01 \, \text{g/mol} \approx 1.09 \, \text{g}
$$

### Final Answer:
**C. 1.09 g** (if the options are labeled A, B, C, D with corresponding values)  
or **1.09** (if a numerical value is required).  

Since the question says to **reply with the single letter corresponding to the correct answer**, and assuming the options are labeled A to D with the correct answer being **C**, the correct answer is:

**C**.",yes
1,"To find the value of $ x $ in the balanced chemical equation:

$$
\ce{3C3H6O3 -> 2C3H6O2 + C2H4O2 + xCO2 + H2O}
$$

we need to balance the equation by counting the number of each atom on both sides.

### Step 1: Count atoms on the left side (reactants)
- **C**: $ 3 \times 3 = 9 $
- **H**: $ 3 \times 6 = 18 $
- **O**: $ 3 \times 3 = 9 $

### Step 2: Count atoms on the right side (products)
- **C**: $ 2 \times 3 + 1 \times 2 + x \times 1 = 6 + 2 + x = 8 + x $
- **H**: $ 2 \times 6 + 1 \times 4 + 2 \times 1 = 12 + 4 + 2 = 18 $
- **O**: $ 2 \times 2 + 1 \times 2 + x \times 2 + 1 \times 1 = 4 + 2 + 2x + 1 = 7 + 2x $

### Step 3: Balance the equation
We already know that the H and O are balanced (18 H and 9 O on both sides). Now we balance the C:

$$
9 = 8 + x \Rightarrow x = 1
$$

### Final Answer:
**x = 1**

So, the value of $ x $ is: **1**.",yes
-5144,"To determine the **enthalpy of combustion** of an **isomer of octane**, we need to know the **chemical formula** of the isomer. Since all isomers of octane have the same molecular formula, **C₈H₁₈**, the enthalpy of combustion will be **the same for all isomers of octane**.

The **enthalpy of combustion** is calculated using the standard enthalpies of formation (ΔHf°) of the reactants and products:

$$
\Delta H_{\text{combustion}} = \sum \Delta H_f^\circ (\text{products}) - \sum \Delta H_f^\circ (\text{reactants})
$$

For the combustion of **C₈H₁₈**:

$$
\ce{C8H18 + 12.5 O2 -> 8 CO2 + 9 H2O}
$$

The enthalpy of combustion can be calculated using the bond enthalpies (average bond enthalpies) of the reactants and products:

$$
\Delta H_{\text{combustion}} = \sum \text{(Bond enthalpies of bonds broken)} - \sum \text{(Bond enthalpies of bonds formed)}
$$

### Step 1: Bonds broken in reactants

- **C–C bonds in C₈H₁₈**: There are 7 C–C bonds in octane (since it's a straight-chain alkane with 8 C atoms).
  - 7 × 347 kJ/mol = **2429 kJ/mol**
- **C–H bonds in C₈H₁₈**: There are 18 C–H bonds in octane.
  - 18 × 413 kJ/mol = **7434 kJ/mol**
- **O=O bonds in O₂**: There are 12.5 O₂ molecules, so 12.5 × 498 kJ/mol = **6225 kJ/mol**

**Total bonds broken = 2429 + 7434 + 6225 = 16088 kJ/mol**

---

### Step 2: Bonds formed in products

- **C=O bonds in CO₂**: Each CO₂ has 2 C=O bonds, and there are 8 CO₂ molecules.
  - 8 × 2 × 805 = **12880 kJ/mol**
- **O–H bonds in H₂O**: Each H₂O has 2 O–H bonds, and there are 9 H₂O molecules.
  - 9 × 2 × 464 = **8352 kJ/mol**

**Total bonds formed = 12880 + 8352 = 21232 kJ/mol**

---

### Step 3: Calculate ΔH_combustion

$$
\Delta H_{\text{combustion}} = 16088 - 21232 = \boxed{-5144 \text{ kJ/mol}}
$$

### Final Answer: **-5144 kJ mol⁻¹**

If you're to choose from options (e.g., A, B, C, D), the correct answer is:

**D** (assuming D = -5144 kJ mol⁻¹)",yes
33.3,"To solve this problem, we need to use the **equilibrium expression** for the reaction:

$$
\ce{CO + H2O <=> CO2 + H2}
$$

Given:

- Initial moles:
  - CO = 40 mol
  - H₂ = 20 mol
  - CO₂ = 20 mol
  - H₂O = 40 mol
- Equilibrium constant $ K_p = 0.64 $ at 1100 K

Let’s define the change in moles as follows:

Let $ x $ be the amount of CO that reacts (and H₂O also reacts, and CO₂ and H₂ are produced).

So, the equilibrium moles are:

- CO: $ 40 - x $
- H₂O: $ 40 - x $
- CO₂: $ 20 + x $
- H₂: $ 20 + x $

Now write the equilibrium expression:

$$
K_p = \frac{P_{\ce{CO2}} \cdot P_{\ce{H2}}}{P_{\ce{CO}} \cdot P_{\ce{H2O}}}
$$

But since we are working with **mole fractions** (assuming ideal gas behavior and constant volume), we can write:

$$
K_p = \frac{(20 + x)(20 + x)}{(40 - x)(40 - x)} = \frac{(20 + x)^2}{(40 - x)^2}
$$

We are given $ K_p = 0.64 $, so:

$$
\frac{(20 + x)^2}{(40 - x)^2} = 0.64
$$

Take square root of both sides:

$$
\frac{20 + x}{40 - x} = \sqrt{0.64} = 0.8
$$

Now solve for $ x $:

$$
20 + x = 0.8(40 - x)
$$
$$
20 + x = 32 - 0.8x
$$
$$
x + 0.8x = 32 - 20
$$
$$
1.8x = 12
$$
$$
x = \frac{12}{1.8} = 6.67
$$

So, the moles of CO at equilibrium:

$$
\text{CO} = 40 - x = 40 - 6.67 = 33.33 \text{ mol}
$$

### Final Answer: **33.3** (numerical value)  
But the question says to **reply with the single letter corresponding to the correct answer**. Since the answer is a numerical value, and the options are not given, the answer is:

**33.3**  
So the correct answer is: **C** (if the options were A=30, B=32, C=33.3, D=34). But since the options are not given, the correct numerical answer is **33.3**.

### Final Answer: **33.3** (numerical value)  
But if the question expects a letter (e.g., A, B, C, D), and the answer is **C** (as in the options), then:

### Final Answer: **C**",yes
C,"The correct answer is: **C**. Polymeric materials. 

Coarse-grained simulations are most suitable for modeling polymeric materials because they allow for the efficient simulation of large systems by representing groups of atoms as single particles, which is particularly useful for studying the behavior of long-chain molecules like polymers.",yes
92.2,"To determine the **percentage purity of the calcium carbide**, we follow these steps:

---

### **1. Write the chemical reaction:**

Calcium carbide (CaC₂) reacts with water to produce acetylene gas (C₂H₂) and calcium hydroxide (Ca(OH)₂):

$$
\text{CaC}_2 + 2\text{H}_2\text{O} \rightarrow \text{C}_2\text{H}_2 + \text{Ca(OH)}_2
$$

This reaction shows that **1 mole of CaC₂** reacts with **2 moles of H₂O**.

---

### **2. Determine the amount of HCl used in the titration:**

Given:

- Volume of HCl = 34.60 cm³ = 0.03460 L  
- Concentration of HCl = 0.250 mol dm⁻³ = 0.250 mol/L

$$
\text{Moles of HCl} = 0.250 \times 0.03460 = 0.00865 \text{ mol}
$$

---

### **3. Determine the amount of OH⁻ in the titrated sample:**

The reaction between HCl and OH⁻ is:

$$
\text{HCl} + \text{OH}^- \rightarrow \text{H}_2\text{O}
$$

So, moles of OH⁻ = moles of HCl = **0.00865 mol**

This OH⁻ comes from the calcium hydroxide (Ca(OH)₂) produced in the reaction with calcium carbide.

---

### **4. Determine the amount of Ca(OH)₂ in the 20 cm³ sample:**

- Volume of the reaction mixture taken = 20 cm³ = 0.020 L  
- Total volume of the reaction mixture = 50 cm³ = 0.050 L

So, the 20 cm³ sample is **1/2.5** of the total solution.

Thus, the total moles of Ca(OH)₂ in the entire solution is:

$$
0.00865 \times 2.5 = 0.021625 \text{ mol}
$$

---

### **5. Relate moles of Ca(OH)₂ to moles of CaC₂:**

From the reaction:

$$
\text{CaC}_2 + 2\text{H}_2\text{O} \rightarrow \text{C}_2\text{H}_2 + \text{Ca(OH)}_2
$$

1 mole of CaC₂ produces 1 mole of Ca(OH)₂

So, moles of CaC₂ = moles of Ca(OH)₂ = **0.021625 mol**

---

### **6. Determine the mass of pure CaC₂:**

Molar mass of CaC₂ = 40.08 (Ca) + 2 × 12.01 (C) = **64.10 g/mol**

$$
\text{Mass of pure CaC}_2 = 0.021625 \times 64.10 = 1.386 \text{ g}
$$

---

### **7. Calculate the percentage purity:**

$$
\text{Purity} = \frac{1.386}{0.752} \times 100 = 184.3\%
$$

But this is **impossible**, since the mass of pure CaC₂ cannot exceed the mass of the sample.

This indicates a **mistake in the assumption**.

Let’s re-evaluate the logic.

---

### **Correct approach:**

The **20 cm³** sample is **1/2.5** of the total solution.

So, the **total moles of Ca(OH)₂** in the **entire solution** is:

$$
0.00865 \times 2.5 = 0.021625 \text{ mol}
$$

But this is **not** the total moles of Ca(OH)₂ from the reaction.

We need to **relate the Ca(OH)₂ in the 20 cm³ sample to the CaC₂ in the original sample**.

---

### **Correct calculation:**

The **20 cm³** sample contains **0.00865 mol OH⁻**, which comes from **0.00865 mol Ca(OH)₂** (since 1 mole of Ca(OH)₂ gives 2 moles of OH⁻).

So, the **total",No.
B,"To determine the correct answer, let's analyze both statements carefully.

---

### **Statement 1:**
> In the Haber process, $\ce{N2 + 3H2 <=> 2NH3}$; $\Delta H = -$ve  
> Then concentration of $\ce{NH3}$ increases by decreasing the temperature and increasing the pressure.

- **ΔH is negative**, so the reaction is **exothermic**.
- **Le Chatelier’s Principle**:
  - **Decreasing temperature** favors the exothermic direction (i.e., forward reaction), which increases the concentration of $\ce{NH3}$.
  - **Increasing pressure** favors the side with fewer moles of gas. On the reactant side, we have 4 moles of gas ($\ce{N2 + 3H2}$), and on the product side, we have 2 moles of gas ($\ce{NH3}$). So increasing pressure favors the formation of $\ce{NH3}$.
- **Conclusion**: Statement 1 is **True**.

---

### **Statement 2:**
> For an exothermic reaction, the equilibrium constant increases by increasing the temperature.

- For **exothermic reactions**, increasing temperature **shifts the equilibrium to the left** (reverse direction), which **decreases** the equilibrium constant.
- **Conclusion**: Statement 2 is **False**.

---

### **Final Evaluation:**

- Statement 1 is **True**.
- Statement 2 is **False**.

So, the correct choice is:

**(B) Statement 1 is True, Statement 2 is False.**

---

### ✅ **Answer: B**",yes
A,"The correct answer is: **A** (GGA+U)

**Explanation:**

- **GGA (Generalized Gradient Approximation)** is a common and efficient method for DFT calculations, but it often underestimates the band gap in materials with strong correlation effects, especially those with partially filled d-orbitals (as in transition metal oxides).

- **LDA (Local Density Approximation)** is even less accurate for such systems, as it does not account for the non-local effects and fails to describe the band gap properly.

- **Hybrid functionals (e.g., B3LYP)** are more accurate but computationally more expensive, which is not ideal when computational resources are limited.

- **GGA+U** is a modified GGA approach that includes a Hubbard U correction to account for strong electron correlations, particularly important for transition metal systems with partially filled d-orbitals. It is more accurate than standard GGA for these types of materials and is computationally more efficient than hybrid functionals.

Therefore, **GGA+U** is the most suitable choice for this system given the constraints.",yes
27.58,"To find the **percent by mass of copper in compound X**, we follow these steps:

---

### **Step 1: Understand the reaction**

The reaction is:

$$
\ce{Cu^{2+} + EDTA^{4-} -> [CuEDTA]^{2-}}
$$

So, **1 mole of Cu²⁺ reacts with 1 mole of EDTA**.

---

### **Step 2: Find moles of EDTA used**

Given:

- Volume of EDTA = 21.70 cm³ = 0.02170 L
- Concentration of EDTA = 0.02 mol dm⁻³ = 0.02 mol/L

$$
\text{Moles of EDTA} = 0.02 \, \text{mol/L} \times 0.02170 \, \text{L} = 0.000434 \, \text{mol}
$$

So, moles of Cu²⁺ = 0.000434 mol

---

### **Step 3: Find mass of Cu in the sample**

Molar mass of Cu = 63.55 g/mol

$$
\text{Mass of Cu} = 0.000434 \, \text{mol} \times 63.55 \, \text{g/mol} = 0.0276 \, \text{g}
$$

---

### **Step 4: Find percent by mass of Cu in X**

Mass of X = 0.1 g

$$
\text{Percent by mass of Cu} = \left( \frac{0.0276}{0.1} \right) \times 100 = 27.6\%
$$

---

### ✅ Final Answer:

**B. 27.6%**",yes
571.6,"The enthalpy change of formation of $\ce{H2O(l)}$ is given as $-285.8\ \pu{kJ mol^{-1}}$.

The reaction for the electrolysis of water is:

$$
\ce{2H2O(l) -> 2H2(g) + O2(g)}
$$

To find the enthalpy change for this reaction, we can use the standard enthalpy of formation values.

The standard enthalpy of formation ($\Delta H_f^\circ$) of $\ce{H2O(l)}$ is $-285.8\ \pu{kJ mol^{-1}}$, and the standard enthalpy of formation of $\ce{H2(g)}$ and $\ce{O2(g)}$ is $0\ \pu{kJ mol^{-1}}$ (since they are in their standard states).

So, the enthalpy change for the reaction is:

$$
\Delta H = \sum \Delta H_f^\circ (\text{products}) - \sum \Delta H_f^\circ (\text{reactants})
$$

$$
\Delta H = [2 \times 0] - [2 \times (-285.8)] = 0 - (-571.6) = 571.6\ \pu{kJ mol^{-1}}
$$

**Answer: 571.6** (numerical value)",yes
C,"The correct answer is: **C**

**Explanation:**  
In a Monte Carlo molecular simulation, when a displacement move results in a new state with higher energy than the old state, the move is **not always accepted** or **always rejected**. Instead, the acceptance is determined by a **random number** generated during the simulation. Specifically, the move is accepted with a probability that depends on the energy difference between the new and old states, as described by the **Metropolis criterion**:

$$
P = \exp\left( \frac{-\Delta E}{k T} \right)
$$

where $ \Delta E $ is the energy difference, $ k $ is the Boltzmann constant, and $ T $ is the temperature. If the new state has higher energy ($ \Delta E > 0 $), the probability of acceptance is less than 1. A random number between 0 and 1 is generated, and if it is less than the acceptance probability, the move is accepted; otherwise, it is rejected.

Therefore, the correct answer is **C**.",yes
2,"We are told that the gas **X** is a hydrocarbon (i.e., composed of only carbon and hydrogen), has a **carbon content of 92.3% by mass**, and a **molecular mass of 26**. The molecular formula is given as **CₙH₂**. We are to find the value of **n**.

---

### Step 1: Use the percentage composition to find the ratio of C to H

The gas is composed of **only carbon and hydrogen**. The mass percent of carbon is **92.3%**, so the mass percent of hydrogen is:

$$
100\% - 92.3\% = 7.7\%
$$

Let’s assume a **100 g sample of X**. Then:

- Mass of carbon = 92.3 g
- Mass of hydrogen = 7.7 g

Now, convert these masses to moles:

- Moles of C = $\frac{92.3}{12.01} \approx 7.686$
- Moles of H = $\frac{7.7}{1.008} \approx 7.64$

Now, find the **mole ratio** of C to H:

$$
\frac{7.686}{7.64} \approx 1.006 \approx 1
$$

So, the ratio of C to H is **1:1**, meaning the formula is **CH**.

---

### Step 2: Use the molecular mass to find the actual formula

We are told the molecular formula is **CₙH₂**. The molecular mass is given as **26**.

Let’s compute the molecular mass of **CₙH₂**:

$$
\text{Molar mass of } \ce{C_nH_2} = 12n + 2 = 26
$$

Solve for **n**:

$$
12n + 2 = 26 \\
12n = 24 \\
n = 2
$$

---

### ✅ Final Answer:

$$
\boxed{2}
$$",yes
0.099,"The concentration of dissolved CO₂ in a fizzy drink can be calculated using **Henry's Law**, which is given by:

$$
C = k_H \times P
$$

Where:
- $ C $ is the concentration of the dissolved gas (in mol dm⁻³),
- $ k_H $ is the Henry's law constant (in mol dm⁻³ atm⁻¹),
- $ P $ is the partial pressure of the gas (in atm).

Given:
- $ k_H = 0.033 \, \text{mol dm}^{-3} \text{atm}^{-1} $
- $ P = 3 \, \text{atm} $

Substitute into the equation:

$$
C = 0.033 \times 3 = 0.099 \, \text{mol dm}^{-3}
$$

**Answer: 0.099**",yes
31170,"To calculate the energy released when **1 L of E5 fuel** is burnt, we need to:

1. **Find the mass of ethanol and octane isomers in 1 L of E5 fuel**.
2. **Convert mass to moles** using molar masses.
3. **Multiply moles by enthalpy of combustion** to get the total energy released.

---

### Step 1: Volume and density data

- **Volume of E5 fuel = 1 L = 1000 mL**
- **Ethanol volume = 50 mL**
- **Octane isomer volume = 950 mL**

**Density of ethanol = 0.789 g/cm³ = 0.789 g/mL**  
**Density of octane isomers = 0.703 g/cm³ = 0.703 g/mL**

---

### Step 2: Mass of ethanol and octane isomers

- **Mass of ethanol = 50 mL × 0.789 g/mL = 39.45 g**
- **Mass of octane isomers = 950 mL × 0.703 g/mL = 667.85 g**

---

### Step 3: Molar masses

- **Molar mass of ethanol (C₂H₅OH) = 46.07 g/mol**
- **Molar mass of octane (C₈H₁₈) = 114.23 g/mol**

---

### Step 4: Moles of ethanol and octane isomers

- **Moles of ethanol = 39.45 g / 46.07 g/mol ≈ 0.856 mol**
- **Moles of octane isomers = 667.85 g / 114.23 g/mol ≈ 5.847 mol**

---

### Step 5: Energy released

- **Enthalpy of combustion of ethanol = -1276 kJ/mol**
- **Enthalpy of combustion of octane isomers = -5144 kJ/mol**

- **Energy from ethanol = 0.856 mol × 1276 kJ/mol ≈ 1091.5 kJ**
- **Energy from octane isomers = 5.847 mol × 5144 kJ/mol ≈ 30068.4 kJ**

- **Total energy released = 1091.5 + 30068.4 ≈ 31159.9 kJ**

---

### Final Answer:

**31160 kJ**

So, the correct answer is: **31160**.",yes
C,"The correct answer is: **C, D, E**

**Explanation:**

- **(A)** Incorrect. A molecule with identical moments of inertia in all three principal axes is not microwave active. Microwave activity depends on the molecule having a permanent dipole moment or being asymmetric. If all moments of inertia are the same, the molecule is spherical (e.g., a perfect sphere), and it is not microwave active.

- **(B)** Incorrect. Not all frequencies will result in an absorption/emission spectrum when using white radiation. Only specific frequencies that match the energy difference between quantum states will cause absorption or emission.

- **(C)** Correct. Infrared and Raman spectra provide complementary information. Infrared spectroscopy detects changes in bond dipole moments (vibrational transitions), while Raman spectroscopy detects changes in polarizability (vibrational transitions). Together, they can provide a more complete picture of molecular structure.

- **(D)** Correct. Phosphorescence is always at a longer wavelength compared with fluorescence. This is because phosphorescence involves a spin-forbidden transition (from triplet to singlet state), which is slower and results in lower energy (longer wavelength) emission compared to fluorescence (which is spin-allowed and faster).

- **(E)** Correct. The angular momentum of a molecule is quantized. This is a fundamental principle in quantum mechanics, where angular momentum can only take on discrete values.

Thus, the correct statements are **C, D, E**.",no
115,"To find the dietary calories content in a standard small bag of the snack, we can follow these steps:

### 1. **Calculate the heat absorbed by the water:**

$$
q = m \cdot c \cdot \Delta T
$$

Where:
- $ m = 500 \, \text{g} $
- $ c = 4.18 \, \text{J K}^{-1} \text{g}^{-1} $
- $ \Delta T = 20.9 \, \text{K} $ (since $ \Delta T $ in Celsius is the same as in Kelvin)

$$
q = 500 \cdot 4.18 \cdot 20.9 = 43,178 \, \text{J} = 43.178 \, \text{kJ}
$$

### 2. **Find the energy content per gram of the snack:**

$$
\text{Energy per gram} = \frac{43.178 \, \text{kJ}}{2.0 \, \text{g}} = 21.589 \, \text{kJ/g}
$$

### 3. **Find the energy content per standard bag (22 g):**

$$
\text{Total energy} = 21.589 \, \text{kJ/g} \cdot 22 \, \text{g} = 475.0 \, \text{kJ}
$$

### 4. **Convert kJ to dietary calories:**

$$
\text{Dietary calories} = 475.0 \, \text{kJ} \cdot 0.239 = 113.6 \, \text{cal}
$$

### Final Answer: **114 cal**

So, the correct answer is: **C** (if the options are labeled A, B, C, D and 114 is option C). If the answer is to be given as a numerical value, then it is **114**.",no
35.2,"To find the number of moles of hydrogen molecules in **1 dm³** of liquid hydrogen, follow these steps:

---

### **Step 1: Convert volume to appropriate units**

- **1 dm³ = 1 L = 1000 cm³**

---

### **Step 2: Use the density to find the mass of the sample**

- **Density = 0.071 g/cm³**
- **Volume = 1000 cm³**

$$
\text{Mass} = \text{Density} \times \text{Volume} = 0.071 \, \text{g/cm}^3 \times 1000 \, \text{cm}^3 = 71 \, \text{g}
$$

---

### **Step 3: Find the number of moles**

- **Molar mass of H₂ = 2.016 g/mol**

$$
\text{Moles} = \frac{\text{Mass}}{\text{Molar Mass}} = \frac{71 \, \text{g}}{2.016 \, \text{g/mol}} \approx 35.2 \, \text{mol}
$$

---

### **Final Answer:**

**C. 35.2 moles** (if options are given as A, B, C, D, etc.)

But if a numerical value is expected as the answer, then:

**Answer: 35.2**",yes
C,"The correct answer is **C**.

### Explanation:

During **electrolysis**, the **anode** is where **oxidation** occurs. The gas produced at the **anode** depends on the electrolyte and the type of electrodes used.

Let’s analyze each option:

---

**(A) Concentrated aq. NaCl with Pt electrodes**

- In concentrated NaCl solution, **Cl⁻** is the primary anode reactant.
- **Cl⁻ → Cl₂(g) + 2e⁻** (oxidation at anode)
- **Oxygen is not produced at the anode** in this case.

---

**(B) Dilute H₂SO₄ with Cu electrodes**

- In dilute H₂SO₄, **H⁺** is the primary anode reactant.
- **H⁺ → ½H₂(g) + e⁻** (reduction at anode, not oxidation)
- **Cu is the anode material**, so **Cu is oxidized** to Cu²⁺.
- **Oxygen is not produced at the anode** in this case.

---

**(C) Dilute H₂SO₄ with Pt electrodes**

- In dilute H₂SO₄, **H⁺** is the primary anode reactant.
- **H⁺ → ½H₂(g) + e⁻** (reduction at anode)
- However, **oxygen gas is not produced** at the anode here either.
- Wait — this seems to contradict the question. Let’s recheck.

Actually, in **dilute H₂SO₄ with inert electrodes (like Pt)**, the **anode reaction** is:

**O₂(g) + 4H⁺ + 4e⁻ → 2H₂O** (reduction at cathode)

But the **anode reaction** is:

**2H₂O → O₂(g) + 4H⁺ + 4e⁻** (oxidation at anode)

So **oxygen is produced at the anode** in this case.

So **(C) is correct**.

---

**(D) Fused NaOH with inert electrodes**

- In fused NaOH, the main ions are **Na⁺ and OH⁻**.
- **OH⁻ → ½O₂(g) + H₂O + e⁻** (oxidation at anode)
- **Oxygen is produced at the anode** in this case.

Wait — so **(D)** also produces oxygen at the anode.

But the question asks for the **correct** arrangement that produces oxygen at the anode.

Let’s **recheck the options**:

- **(C)**: Dilute H₂SO₄ with Pt electrodes → **O₂ at anode** (correct)
- **(D)**: Fused NaOH with inert electrodes → **O₂ at anode** (also correct)

But the question asks for **one** correct answer.

Now, in **fused NaOH**, the **anode reaction** is:

**4OH⁻ → O₂ + 2H₂O + 4e⁻**

So **oxygen is produced at the anode** in **(D)** as well.

But **(C)** is more commonly used in electrolysis and is the standard answer for this type of question.

So the **correct answer is: (C)**.

---

**Answer: C** ✅",yes
595,"To determine the **average molar mass** of the **polylactic acid (PLA)** sample, we need to use the **titration data** with **KOH**.

---

### **Step 1: Understand the reaction**
Polylactic acid (PLA) is a **polymer** of lactic acid. When dissolved in a suitable solvent (like benzyl alcohol), it can react with **KOH** in a **neutralization reaction**.

The **average molar mass (Mn)** of the polymer can be calculated using the **KOH titration data** as:

$$
M_n = \frac{m}{n}
$$

Where:
- $ m $ is the mass of the PLA sample (in grams),
- $ n $ is the number of moles of KOH used in the titration.

---

### **Step 2: Convert volume of KOH to moles**

Given:
- Concentration of KOH = $ \pu{0.04 mol dm^{-3}} = \pu{0.04 mol L^{-1}} $
- Volume of KOH used = $ \pu{6.81 cm^3} = \pu{0.00681 L} $

$$
n = C \times V = 0.04 \times 0.00681 = 0.0002724 \, \text{mol}
$$

---

### **Step 3: Use mass of PLA sample**

Given:
- Mass of PLA = $ \pu{0.1619 g} $

$$
M_n = \frac{0.1619}{0.0002724} \approx 5945 \, \text{g/mol}
$$

---

### **Final Answer:**

$$
\boxed{5945}
$$

**Answer: D (if D = 5945)** or **5945** (if numerical value is acceptable). Since the question says ""Reply with the single letter corresponding to the correct answer"", and the answer is a number, the best answer is:

$$
\boxed{5945}
$$

**Answer: 5945**",No.
A,"The purpose of the chemicals **Na₂HPO₄** (sodium hydrogen phosphate) and **KH₂PO₄** (potassium dihydrogen phosphate) in the extraction solution is to **buffer** the solution. These are components of the **phosphate buffer system**, which is commonly used to maintain a stable pH in biological systems, especially at physiological pH (around 7.4).

Thus, the correct answer is:

**(A) Make a buffered solution**. 

The answer is: **A**.",yes
6,"To determine the oxidation state of osmium (Os) in the ion $\ce{OsO4^{2-}}$, we use the following steps:

1. The overall charge of the ion is $-2$.
2. Each oxygen atom has an oxidation state of $-2$.
3. There are 4 oxygen atoms, so the total oxidation state of oxygen is $4 \times (-2) = -8$.
4. Let the oxidation state of osmium be $x$.
5. The sum of the oxidation states must equal the overall charge of the ion:

$$
x + 4(-2) = -2
$$

$$
x - 8 = -2
$$

$$
x = +6
$$

The oxidation state of osmium in $\ce{OsO4^{2-}}$ is **+6**.

**Answer: +6**",yes
A,"The correct answer is: **A** (There are no alkyne groups in the molecule)

**Explanation:**
- The compound is **3-ethyl-6-methylhept-4-en-2-ol**.
- The suffix ""-en"" indicates a **double bond (alkene)**, not a triple bond (alkyne).
- The presence of an alkyne group would be indicated by the suffix ""-yn"" (e.g., heptyne).
- Therefore, there are **no alkyne groups** in this molecule.

**Answer: A**",yes
D,"The maximum equilibrium conversion for an endothermic reaction is reached at the **maximum temperature possible**. This is because, for endothermic reactions, increasing the temperature favors the forward reaction, thereby increasing the equilibrium conversion.

### Explanation:
- **Endothermic reactions** absorb heat. According to Le Chatelier's principle, increasing the temperature shifts the equilibrium in the direction that absorbs heat, which is the forward direction.
- Therefore, **higher temperatures** lead to **higher equilibrium conversions** for endothermic reactions.
- The **maximum temperature possible** would give the **maximum equilibrium conversion**.

### Correct answer:
**(D) Maximum temperature possible**.",yes
80,"To determine the molar percentage of talc in the mineral sample, we need to use the given mass percentages of Mg and Si in the sample and compare them to the mass percentages of Mg and Si in pure talc and pure chrysotile.

---

### Step 1: **Determine the molar masses of the compounds**

- **Chrysotile (Mg₃Si₂H₄O₉):**
  - Mg: 24.31 g/mol × 3 = 72.93 g/mol
  - Si: 28.09 g/mol × 2 = 56.18 g/mol
  - H: 1.01 g/mol × 4 = 4.04 g/mol
  - O: 16.00 g/mol × 9 = 144.00 g/mol
  - **Total molar mass = 72.93 + 56.18 + 4.04 + 144.00 = 277.15 g/mol**

- **Talc (Mg₃Si₂O₅H₄):**
  - Mg: 24.31 g/mol × 3 = 72.93 g/mol
  - Si: 28.09 g/mol × 2 = 56.18 g/mol
  - O: 16.00 g/mol × 5 = 80.00 g/mol
  - H: 1.01 g/mol × 4 = 4.04 g/mol
  - **Total molar mass = 72.93 + 56.18 + 80.00 + 4.04 = 213.15 g/mol**

---

### Step 2: **Calculate the mass % of Mg and Si in each compound**

- **Chrysotile:**
  - Mg: (72.93 / 277.15) × 100 ≈ **26.31%**
  - Si: (56.18 / 277.15) × 100 ≈ **20.27%**

- **Talc:**
  - Mg: (72.93 / 213.15) × 100 ≈ **34.22%**
  - Si: (56.18 / 213.15) × 100 ≈ **26.36%**

---

### Step 3: **Set up equations based on the sample composition**

Let:
- $ x $ = molar fraction of chrysotile
- $ 1 - x $ = molar fraction of talc

We are given:
- Mass % of Mg = 20.32%
- Mass % of Si = 28.18%

Let’s use the mass percentages of Mg and Si in each compound to set up equations.

Let’s assume the total mass of the sample is 100 g.

Let’s denote:
- Mass of chrysotile = $ m_c $
- Mass of talc = $ m_t $

Then:
- $ m_c + m_t = 100 $ g

Now, the mass of Mg from each component is:
- From chrysotile: $ m_c \times \frac{72.93}{277.15} $
- From talc: $ m_t \times \frac{72.93}{213.15} $

Total Mg = $ m_c \times \frac{72.93}{277.15} + m_t \times \frac{72.93}{213.15} = 20.32 $ g

Similarly for Si:
- From chrysotile: $ m_c \times \frac{56.18}{277.15} $
- From talc: $ m_t \times \frac{56.18}{213.15} $

Total Si = $ m_c \times \frac{56.18}{277.15} + m_t \times \frac{56.18}{213.15} = 28.18 $ g

Now solve this system of equations.

Let’s define:

- $ a = \frac{72.93}{277.15} = 0.2631 $
- $ b = \frac{56.18}{277.15} = 0.2027",no
C,"The reaction is:

$$
\ce{CaCO3 (s) <=> CaO (s) + CO2 (g)}
$$

This is a **heterogeneous equilibrium**, and the **solid substances (CaCO3 and CaO)** do **not** appear in the equilibrium expression. The equilibrium depends only on the **partial pressure of CO₂** (a gas).

### What happens when you add **1 g of CaCO3(s)**?

- **CaCO3 is a solid**, and **solids do not affect the position of equilibrium**.
- Adding more solid CaCO3 does **not** shift the equilibrium because the concentration (or activity) of a solid is considered constant.
- The **partial pressure of CO₂ remains unchanged**, as the equilibrium is not disturbed by the addition of more solid CaCO3.

### Correct answer:
**(C) CO₂ does not change**

### Final Answer: **C**",yes
B,"To determine the effect of an increase in temperature on the spontaneity of an endothermic reaction with a positive entropy change, we use the **Gibbs free energy equation**:

$$
\Delta G = \Delta H - T\Delta S
$$

Where:
- $\Delta G$ is the change in Gibbs free energy (determines spontaneity),
- $\Delta H$ is the change in enthalpy (positive for endothermic),
- $\Delta S$ is the change in entropy (positive for increase in entropy),
- $T$ is the temperature in Kelvin.

For the reaction to be spontaneous, $\Delta G < 0$.

Given:
- $\Delta H > 0$ (endothermic),
- $\Delta S > 0$ (positive entropy change).

Substituting into the equation:

$$
\Delta G = \Delta H - T\Delta S
$$

As temperature $T$ increases:
- The term $T\Delta S$ increases, so $-T\Delta S$ becomes more negative.
- Therefore, $\Delta G$ becomes more negative (i.e., more spontaneous).

Thus, an increase in temperature **increases the spontaneity** of the reaction.

The correct answer is: **(B) An increase in spontaneity**.

**Answer: B**",yes
0.5,"The reaction is:

$$
\ce{H2 + xO2 -> H2O}
$$

To find the value of $ x $, we need to balance the chemical equation.

Let's count the atoms on each side of the equation:

- On the left side:  
  - Hydrogen: 2 (from $\ce{H2}$)  
  - Oxygen: $ 2x $ (from $\ce{xO2}$)  

- On the right side:  
  - Hydrogen: 2 (from $\ce{H2O}$)  
  - Oxygen: 1 (from $\ce{H2O}$)  

To balance the oxygen atoms, we need $ 2x = 1 $, so $ x = \frac{1}{2} $.

However, in chemical reactions, coefficients are typically whole numbers. So, we multiply the entire equation by 2 to eliminate the fraction:

$$
\ce{2H2 + O2 -> 2H2O}
$$

Now the balanced equation is:

$$
\ce{2H2 + O2 -> 2H2O}
$$

So, the original equation was:

$$
\ce{H2 + xO2 -> H2O}
$$

Comparing with the balanced equation, we see that $ x = \frac{1}{2} $.

**Answer: $\boxed{\frac{1}{2}}$**",yes
A,"The correct answer is: **E**

**Explanation:**

In a Raman scattering process, a photon interacts with a molecule, causing a change in the molecule's internal energy (rotational, vibrational, or electronic) while the photon's energy changes accordingly. The key principles of conservation during this process are:

- **(A) Correct**: The electronic energy of the molecule may change if the scattering involves a transition between different electronic states. This is possible in **Raman-allowed** or **forbidden** electronic transitions, though Raman scattering typically involves **vibrational or rotational** transitions, not electronic ones. However, in general, if the process involves a transition between different electronic states, then the electronic energy can change.

- **(B) Incorrect**: The kinetic energy associated with the molecule's rotational states is **not** invariably conserved. In Raman scattering, the molecule can absorb or emit energy corresponding to rotational or vibrational transitions, so rotational energy is not always conserved.

- **(C) Correct**: The momentum of the scattered photon is always equal and opposite to the change in the molecule's momentum. This is a consequence of **conservation of momentum** during the scattering process.

- **(D) Correct**: The sum of the incident photon energy and the initial molecular internal energy equals the sum of the scattered photon energy and the final molecular internal energy. This is a statement of **conservation of energy** in the system.

- **(E) Correct**: The total energy of the system (photon + molecule) remains constant throughout the scattering event. This is a general principle of energy conservation in all physical processes.

So, the correct statements are: **A, C, D, E**.

However, the question asks for the **single letter** corresponding to the **correct answer**. Since **(E)** is the most general and comprehensive statement that captures the conservation of total energy in the system, and is **always** true in any scattering process (including Raman), **(E)** is the best answer.

### ✅ Final Answer: **E**",yes
B,"The correct answer is **(B) High pressure and low temperature**.

Water has a greater ability to dissolve carbon dioxide under high pressure because increased pressure forces more CO₂ molecules into solution. Additionally, lower temperatures increase the solubility of gases in water, as cooler water can hold more dissolved gas. Therefore, the combination of high pressure and low temperature maximizes the solubility of CO₂ in water.

**Answer: B**",yes
D,"The correct answer is **(B) Metal Y has a lower equilibrium potential and a higher overpotential than metal X.**

### Explanation:

- **Equilibrium potential (E°)**: This is the potential at which the reaction is at equilibrium, i.e., when the forward and reverse reactions occur at the same rate. For the hydrogen evolution reaction (HER), the equilibrium potential is related to the standard electrode potential of the reaction.

  - The given onset potential (which is essentially the equilibrium potential for the HER) is **0.0 V vs. RHE** for metal X.
  - For metal Y, it is **-0.8 V vs. RHE**.

  Therefore, **metal Y has a lower equilibrium potential** than metal X.

- **Overpotential (η)**: This is the difference between the actual potential required to drive the reaction and the equilibrium potential. It reflects the extra energy needed to overcome activation barriers.

  - Since the onset potential is the minimum potential required to start the reaction (i.e., the equilibrium potential), the overpotential is **zero** at that point.
  - However, the **overpotential** is not directly given here. But since the **onset potential** is the **equilibrium potential**, and the **onset potential for Y is lower**, this implies that **Y requires a lower potential to start the reaction**, which means **Y has a lower overpotential** than X **at the same current density**.

  Wait — this seems contradictory. Let's clarify:

  - The **onset potential** is the **equilibrium potential** for the reaction.
  - So, **metal X has a higher equilibrium potential (0.0 V)** than **metal Y (-0.8 V)**.
  - At the same current density, the **overpotential** is the difference between the applied potential and the equilibrium potential.
  - Therefore, if you apply the same potential (say, 0.0 V), the overpotential for Y would be **0.0 V - (-0.8 V) = 0.8 V**, which is **higher** than the overpotential for X (which is 0.0 V - 0.0 V = 0 V).

  So, **metal Y has a higher overpotential** than metal X at the same applied potential.

### Final Answer:
**(B) Metal Y has a lower equilibrium potential and a higher overpotential than metal X.** ✅

**Answer: B**",no
A,"The isosteric heat of adsorption measures the change in enthalpy if a molecule moves from the gas phase to the adsorbed phase.

The correct answer is: **A**.",yes
1.35,"To solve this problem, we need to determine how much **TNT** is required to produce **1.0 dm³ of gas** at room temperature and pressure (RTP), assuming the **molar volume of a gas is 24 dm³/mol**.

---

### Step 1: Determine the number of moles of gas produced

At RTP, the molar volume is **24 dm³/mol**, so:

$$
\text{Moles of gas} = \frac{1.0 \, \text{dm}^3}{24 \, \text{dm}^3/\text{mol}} = \frac{1}{24} \, \text{mol} \approx 0.0417 \, \text{mol}
$$

---

### Step 2: Analyze the balanced chemical equation

The reaction is:

$$
\ce{C7H5N3O6 -> 3CO + 3C + CO2 + 1.5H2 + 1.5N2 + H2O}
$$

Let’s count the moles of **gaseous products**:

- **CO** → 3 moles
- **CO₂** → 1 mole
- **H₂** → 1.5 moles
- **N₂** → 1.5 moles

Total moles of **gaseous products** per mole of TNT:

$$
3 + 1 + 1.5 + 1.5 = 7 \, \text{moles of gas per mole of TNT}
$$

---

### Step 3: Determine how much TNT is needed to produce 0.0417 moles of gas

$$
\text{Moles of TNT} = \frac{0.0417 \, \text{mol gas}}{7 \, \text{mol gas/mol TNT}} \approx 0.00596 \, \text{mol TNT}
$$

---

### Step 4: Calculate the mass of TNT

Molar mass of TNT (C₇H₅N₃O₆):

- C: 7 × 12.01 = 84.07 g/mol  
- H: 5 × 1.01 = 5.05 g/mol  
- N: 3 × 14.01 = 42.03 g/mol  
- O: 6 × 16.00 = 96.00 g/mol  

$$
\text{Molar mass of TNT} = 84.07 + 5.05 + 42.03 + 96.00 = 227.15 \, \text{g/mol}
$$

$$
\text{Mass of TNT} = 0.00596 \, \text{mol} \times 227.15 \, \text{g/mol} \approx 1.35 \, \text{g}
$$

---

### ✅ Final Answer: **B. 1.35 g**",yes
8,"The oxidation state of osmium in $\ce{OsO4}$ can be determined by considering the overall charge of the molecule, which is neutral. Oxygen typically has an oxidation state of -2. Since there are four oxygen atoms in $\ce{OsO4}$, the total oxidation state contribution from oxygen is:

$$
4 \times (-2) = -8
$$

Let the oxidation state of osmium be $x$. Since the molecule is neutral:

$$
x + (-8) = 0 \implies x = +8
$$

The oxidation state of osmium in $\ce{OsO4}$ is **+8**.

Answer: **+8**",yes
D,"The correct answer is: **A** (No)

**Explanation:**

Quinazoline is a heterocyclic compound containing two nitrogen atoms. The nitrogen atoms in quinazoline are typically **sp² hybridized**, as they are part of a six-membered ring with alternating double bonds (similar to pyridine). In contrast, the carbon atoms in quinazoline are generally **sp² hybridized** as well, since they are part of the aromatic ring system.

However, the **hybridization of nitrogen and carbon atoms** in quinazoline is **not the same**. Nitrogen in quinazoline is **sp² hybridized**, but it has a lone pair of electrons, which affects its bonding and geometry. Carbon atoms in the ring are also **sp² hybridized**, but they do not have lone pairs. Therefore, the hybridization of nitrogen and carbon atoms is **not the same** in quinazoline.

Hence, the correct answer is: **A**.",no
5,"The oxidation state of phosphorus in phosphoric acid (H₃PO₄) is **+5**.

**Answer: +5**",yes
-4,"The Sabatier reaction is:

CO₂(g) + 4H₂(g) → CH₄(g) + 2H₂O(l)

In this reaction, carbon is present in both the reactants (CO₂) and the products (CH₄).

- In CO₂, the oxidation state of carbon is +4.
- In CH₄, the oxidation state of carbon is -4.

Therefore, the oxidation number of carbon in the **products** of the Sabatier reaction is **-4**.

Answer: **-4**",yes
0.0198,"To find the mass of lactic acid fermented to produce a bubble of carbon dioxide (CO₂), we need to follow these steps:

---

### **1. Find the volume of the bubble**

Given:
- Diameter = 1.5 cm → Radius = 0.75 cm = 0.0075 m
- Volume of a sphere:  
  $$
  V = \frac{4}{3} \pi r^3 = \frac{4}{3} \pi (0.0075)^3 \approx \frac{4}{3} \pi (4.22 \times 10^{-7}) \approx 1.76 \times 10^{-6} \, \text{m}^3
  $$

---

### **2. Use the ideal gas law to find moles of CO₂**

Given:
- Pressure $ P = 101325 \, \text{Pa} $
- Temperature $ T = 21^\circ C = 294.15 \, \text{K} $
- Gas constant $ R = 8.314 \, \text{J/mol·K} $

$$
PV = nRT \Rightarrow n = \frac{PV}{RT}
$$
$$
n = \frac{(101325)(1.76 \times 10^{-6})}{(8.314)(294.15)} \approx \frac{1.783 \times 10^{-1}}{2447.2} \approx 7.29 \times 10^{-4} \, \text{mol}
$$

---

### **3. Find the mass of CO₂**

Molar mass of CO₂ = 44.01 g/mol  
$$
\text{Mass of CO₂} = n \times \text{Molar mass} = 7.29 \times 10^{-4} \times 44.01 \approx 0.0321 \, \text{g}
$$

---

### **4. Relate CO₂ to lactic acid**

The fermentation reaction is:

$$
\ce{C3H6O3 -> 3CO2 + 3H2O}
$$

So, 1 mole of lactic acid produces 3 moles of CO₂.

$$
\text{Molar mass of lactic acid (C₃H₆O₃)} = 90.08 \, \text{g/mol}
$$

$$
\text{Mass of lactic acid} = \frac{0.0321}{3} \times 90.08 \approx 0.0962 \, \text{g}
$$

---

### ✅ Final Answer: **0.096 g**

**Answer: 0.096**",No.
A,"The Heisenberg uncertainty principle states that the product of the uncertainties in position (Δx) and momentum (Δp) of a particle is at least on the order of ħ/2:

$$
\Delta x \cdot \Delta p \geq \frac{\hbar}{2}
$$

Since momentum $ p = mv $, the uncertainty in position is inversely proportional to the mass of the particle (assuming the speed is the same for all molecules):

$$
\Delta x \propto \frac{1}{m}
$$

Therefore, the molecule with the **largest mass** will have the **least uncertainty in position**, because the uncertainty in position is inversely proportional to mass.

Now, let's analyze the molecular masses of the given options:

- **(A) [SMILES]C(=O)=O[/SMILES]**: This is the molecule **CO₂** (carbon dioxide).  
  - Carbon: 12 g/mol  
  - Oxygen: 16 g/mol × 2 = 32 g/mol  
  - Total: 12 + 32 = **44 g/mol**

- **(B) [SMILES]CC[/SMILES]**: This is the molecule **C₂H₂** (acetylene), but the SMILES is just ""CC"", which is **C₂** (two carbon atoms).  
  - Total: 12 × 2 = **24 g/mol**

- **(C) [SMILES]N#N[/SMILES]**: This is the molecule **N₂** (nitrogen gas).  
  - Nitrogen: 14 g/mol × 2 = **28 g/mol**

- **(D) [SMILES]O=O[/SMILES]**: This is the molecule **O₂** (oxygen gas).  
  - Oxygen: 16 g/mol × 2 = **32 g/mol**

So, the **largest mass** is **CO₂ (44 g/mol)**, which means the **Heisenberg uncertainty principle will have the least effect** on the error in measurement of the position of the molecule.

### Correct answer: **A**",yes
A,"To determine the composition of the gaseous sample, we analyze the given information and apply the **ideal gas law** and **vapor pressure** data.

---

### Given:

- Initial temperature: $ T_1 = 300.0 \, \text{K} $
- Initial pressure: $ P_1 = 1.00 \, \text{atm} $
- Final temperature: $ T_2 = 150.0 \, \text{K} $
- Final pressure: $ P_2 = 0.37 \, \text{atm} $
- Vapor pressure of ethane at 150 K: $ P_{\text{vap, C}_2\text{H}_6} = 0.10 \, \text{atm} $
- Critical temperature of neon: $ T_{\text{critical, Ne}} = 44 \, \text{K} $

---

### Step 1: Consider the behavior of neon and ethane at 150 K

- **Neon (Ne)** has a **critical temperature** of 44 K. Since 150 K is **above** the critical temperature, neon is a **gas** at 150 K and will behave **ideally**.
- **Ethane (C₂H₆)** has a **vapor pressure** of 0.10 atm at 150 K. This means that at 150 K, ethane **can exist as a gas**, but it is **not in equilibrium** with its liquid form at this pressure. So ethane is also a **gas** at 150 K.

So, **both ethane and neon are gases at 150 K**.

---

### Step 2: Use the ideal gas law to compare the number of moles

Assume the volume and number of moles of gas remain constant (since the container is sealed and the amount of gas doesn't change). Then, the pressure is directly proportional to the temperature (from the ideal gas law: $ PV = nRT $, so $ P \propto T $ for constant $ V $ and $ n $).

But in this case, the **pressure** changes from 1.00 atm at 300 K to 0.37 atm at 150 K. This suggests that the **number of moles** of gas **decreased**, which may be due to **condensation** or **vaporization**.

But since both ethane and neon are gases at 150 K, we can assume that **no condensation** occurred. Therefore, the **pressure change is due to a change in the composition** of the gas.

---

### Step 3: Consider the vapor pressure of ethane at 150 K

At 150 K, the **vapor pressure** of ethane is **0.10 atm**. This means that if the sample were **pure ethane**, the pressure at 150 K would be **0.10 atm**, but the observed pressure is **0.37 atm**, which is **higher** than 0.10 atm.

So, **if the sample were pure ethane**, the pressure at 150 K would be **too low**. Therefore, **ethane is not the only component**.

---

### Step 4: Consider the possibility of neon

Neon is a **monatomic gas** and has a **very low boiling point**, so at 150 K, it is a **gas** and will **not condense**.

If the sample were **pure neon**, then the pressure at 150 K would be **equal to the pressure at 300 K** (since neon is a gas at both temperatures and the number of moles is constant). But the pressure **decreased** from 1.00 atm to 0.37 atm, which would only happen if **some gas condensed** or **some gas was removed**.

But this is not the case, as both ethane and neon are gases at 150 K.

---

### Step 5: Consider the possibility of a **mixture**

Let’s assume the sample is a **mixture of ethane and neon**.

Let:
- $ x $ = mole fraction of ethane
- $ 1 - x $ = mole fraction of neon

At 150 K, the pressure is the **sum of the partial pressures** of each gas.

- Partial pressure of ethane: $ P_{\text{ethane}} = x \cdot P_{\text{total}} = x \cdot 0.37 \, \text{atm} $
- Partial pressure of neon: $ P_{\text{neon}}",yes
A,"The correct answer is: **A**

**Explanation:**

The key issue here is the **unusual oscillations in the band structure near the Fermi level**, which are **periodic in k-space** and **do not disappear with increased k-point density** (even up to 24x24x1). This suggests that the oscillations may be **artifacts of the electronic structure calculation**, possibly due to **artificial smearing** or **numerical artifacts** in the calculation.

### Option Analysis:

- **(A) Apply a small artificial smearing to the electronic occupations and extrapolate to zero smearing.**  
  This is a standard technique to **mitigate numerical oscillations** in band structures, especially when using a **plane-wave basis** or **local-density approximation (LDA/GGA)**. Smearing (e.g., Fermi-Dirac smearing with a small width) smooths out the step-like features in the occupation of states, which can lead to **spurious oscillations** in the band structure. By applying a small smearing and then extrapolating to zero smearing (i.e., using a **smearing parameter that is small but non-zero**), you can **smooth out the oscillations** and get a more **physically accurate band structure**. This approach is **commonly used in DFT calculations** to handle the **Fermi surface and band structure** more reliably.

- **(B) Implement a non-uniform k-point mesh with higher density along the $\Gamma$-K direction.**  
  While increasing k-point density can reduce the oscillations, the fact that they **do not disappear** suggests that the issue is **not purely due to insufficient sampling**. Therefore, this approach is **less effective** in resolving the issue if the oscillations are **artifacts** rather than real physical features.

- **(C) Switch to a $\Gamma$-centered k-point grid with odd numbers of k-points in each direction.**  
  This is a **common practice** in DFT to improve the sampling near the $\Gamma$ point, but it is **not directly related** to the issue of **oscillations in the band structure**. Moreover, the oscillations are **periodic in k-space**, so this approach is **not likely to resolve the problem**.

- **(D) Use a hybrid functional (e.g., HSE06) instead of a standard GGA functional.**  
  While hybrid functionals can provide more accurate band gaps and electronic structures, they are **not a direct solution** to the issue of **numerical oscillations** in the band structure. The oscillations described are **not necessarily related to the band gap**, but rather to **numerical artifacts** in the calculation.

### Conclusion:

The **most physically accurate and effective approach** to resolve the issue of **unusual oscillations** in the band structure due to **numerical artifacts** is to **apply a small artificial smearing** and **extrapolate to zero smearing**, which is **Option A**.

**Answer: A**",yes
B,B,yes
4,"The oxidation state of osmium in $\ce{OsO2}$ can be determined by considering the overall charge of the compound, which is neutral.

Oxygen typically has an oxidation state of -2. Since there are two oxygen atoms in $\ce{OsO2}$, the total oxidation state contribution from oxygen is:

$$
2 \times (-2) = -4
$$

Let the oxidation state of osmium be $x$. The sum of the oxidation states in the compound must equal zero (since it's neutral):

$$
x + (-4) = 0
$$

Solving for $x$:

$$
x = +4
$$

The oxidation state of osmium in $\ce{OsO2}$ is **+4**.

Answer: **+4**",yes
A,"The correct answer is: **(A) The move is always accepted**

In a Monte Carlo molecular simulation, when the energy of the new state is lower than the energy of the old state, the move is always accepted. This is because the Metropolis criterion (used in many Monte Carlo simulations) allows moves to be accepted if the new state has lower energy, regardless of the random number generated. If the new state has higher energy, the move is accepted with a probability that depends on the energy difference and temperature. However, when the new state has lower energy, it is always accepted. 

So, the correct answer is: **A**.",yes
1,"The Sabatier reaction is:  
**CO₂(g) + 4H₂(g) → CH₄(g) + 2H₂O(l)**

In this reaction, hydrogen is present in both **H₂** (reactant) and **H₂O** (product).

- In **H₂**, the oxidation number of hydrogen is **0**.
- In **H₂O**, the oxidation number of hydrogen is **+1**.

The question asks for the oxidation number of hydrogen in the **products** of the Sabatier reaction. The products are **CH₄** and **H₂O**. In **H₂O**, hydrogen has an oxidation number of **+1**.

So, the correct answer is: **+1**.  
Answer: **+1**.",yes
A,"To determine which of the given options are correct, we need to compare the standard reduction potentials:

- $ E^\circ(\ce{Cu^{2+}|Cu}) = \pu{0.34 V} $
- $ E^\circ(\ce{Sn^{2+}|Sn}) = \pu{-0.136 V} $
- $ E^\circ(\ce{H+|H2}) = \pu{0.00 V} $

### Key Concept:
A species with a **higher reduction potential** is a **stronger oxidizing agent**, and a species with a **lower reduction potential** is a **weaker oxidizing agent**.

If a species has a **lower reduction potential**, it can be **reduced by a species with a higher reduction potential**.

If a species has a **higher reduction potential**, it can **oxidize a species with a lower reduction potential**.

---

### Option (A): $\ce{Cu^{2+}}$ ions can be reduced by $\ce{H2(g)}$

- $ E^\circ(\ce{Cu^{2+}|Cu}) = \pu{0.34 V} $
- $ E^\circ(\ce{H+|H2}) = \pu{0.00 V} $

Since $\ce{H2}$ has a lower reduction potential than $\ce{Cu^{2+}}$, it **cannot reduce** $\ce{Cu^{2+}}$. So, this is **false**.

---

### Option (B): $\ce{Cu}$ can be oxidized by $\ce{H+}$

- $\ce{Cu}$ has a higher reduction potential than $\ce{H2}$, so $\ce{Cu}$ is **less likely to be oxidized** by $\ce{H+}$. In fact, since $\ce{Cu}$ is a stronger reducing agent than $\ce{H2}$, it **cannot be oxidized by $\ce{H+}$**. So, this is **false**.

---

### Option (C): $\ce{Sn^{2+}}$ can be reduced by $\ce{H2(g)}$

- $ E^\circ(\ce{Sn^{2+}|Sn}) = \pu{-0.136 V} $
- $ E^\circ(\ce{H+|H2}) = \pu{0.00 V} $

Since $\ce{H2}$ has a higher reduction potential than $\ce{Sn^{2+}}$, it **can reduce** $\ce{Sn^{2+}}$. So, this is **true**.

---

### Option (D): $\ce{Sn}$ can be oxidized by $\ce{Cu^{2+}}$

- $\ce{Sn}$ has a lower reduction potential than $\ce{Cu^{2+}}$, so $\ce{Sn}$ can be **oxidized by $\ce{Cu^{2+}}$**. So, this is **true**.

---

### ✅ Correct Answers:
- (C) $\ce{Sn^{2+}}$ can be reduced by $\ce{H2(g)}$
- (D) $\ce{Sn}$ can be oxidized by $\ce{Cu^{2+}}$

### Final Answer: **CD**",no
A,"The correct answer is **(A)**.

**Explanation:**

Carbon dioxide (CO₂) is microwave inactive because it is a linear, symmetric molecule with no permanent dipole moment. This is due to the fact that the molecule is non-polar and has no net dipole moment, which is necessary for microwave activity (which depends on rotational transitions involving dipole moments).

In the case of the isotope **¹⁶O–C–¹⁸O**, the molecule is still linear and symmetric. The oxygen atoms are isotopes of oxygen, but the molecule remains non-polar because the bond dipoles cancel out. Therefore, the **¹⁶O–C–¹⁸O** molecule still has **no dipole moment**, and hence it is **microwave inactive**.

- **(A)** is correct: There is no dipole moment in **¹⁶O–C–¹⁸O**, and hence it is microwave inactive.
- **(B)** is incorrect: Not all isotopes of CO₂ are microwave active; the microwave activity depends on the molecule's symmetry and dipole moment, not on the isotopes themselves.
- **(C)** is incorrect: Microwave activity is not due to nuclear activity but rather to rotational transitions involving dipole moments.
- **(D)** is incorrect: Even though the bond length and atomic charges are the same, the molecule remains non-polar and microwave inactive.

### Final Answer: **A**",yes
2,"The correct answer is **A** (assuming the options are given as A, B, C, D, and the correct value is 1).

The chemical formula for potassium chromate(VI) is **K₂CrO₄**, so the value of **x** is **2**. However, if the options are labeled as A, B, C, D, and the correct answer is represented by a single letter (e.g., A = 1, B = 2, etc.), then the correct answer would be **B**.

If the question is asking for the numerical value of **x**, the answer is **2**.

Since the question says to reply with the **single letter** corresponding to the correct answer, and assuming the options are labeled as follows:

- A = 1  
- B = 2  
- C = 3  
- D = 4  

Then the correct answer is **B**.

**Answer: B**",yes
B,"The correct answer is **B**.

**Explanation:**

The given reaction is:

$$
\ce{4HBr (g) + O2 (g) -> 2H2O (g) + 2Br2 (g)}
$$

The stoichiometry of the reaction shows that **4 moles of HBr** are consumed to produce **2 moles of H2O**.

Therefore, the **rate of formation of H2O** is **half the rate of disappearance of HBr**.

- Rate of disappearance of HBr = $ -\frac{d[\ce{HBr}]}{dt} $
- Rate of formation of H2O = $ +\frac{d[\ce{H2O}]}{dt} $

From the stoichiometry:

$$
\frac{d[\ce{H2O}]}{dt} = \frac{1}{2} \left( -\frac{d[\ce{HBr}]}{dt} \right)
$$

So, the **rate of water formation is half the rate of disappearance of HBr**.

Thus, the correct answer is **B**.",yes
C,"The elements in question are carbon (C), hafnium (Hf), rhenium (Re), and tungsten (W). To determine which has the highest boiling point, we need to consider the types of bonding and the strength of intermolecular forces in each element.

- **Carbon (C)**: In its standard form (graphite), carbon has a layered structure with weak van der Waals forces between the layers, leading to a relatively low boiling point (about 3,500°C).
- **Hafnium (Hf)**: A metallic element with strong metallic bonding. Its boiling point is around 5,627°C.
- **Rhenium (Re)**: A metallic element with very strong metallic bonding. Its boiling point is about 5,627°C (similar to hafnium).
- **Tungsten (W)**: A metallic element with extremely strong metallic bonding. Its boiling point is about 5,555°C.

Between these, **tungsten (W)** has the highest boiling point.

The answer is: **D**.",No.
C,"The enthalpy change (ΔH) of a reaction is a **state function** and does **not** depend on the pathway taken, including whether a catalyst is present or not. A catalyst only affects the **activation energy** (the energy barrier that must be overcome for the reaction to proceed), but it **does not change the overall enthalpy change** of the reaction.

In this case, the ΔH is given as **15 kJ** for the reaction. Even though the activation energy is reduced from 70 kJ to 40 kJ by the catalyst, the ΔH remains the same.

### Correct answer: **(C) 15 kJ**.  
**Answer: C**",yes
A,"The correct answer is: **A**  
Hydrogen atoms do not hybridize. 

Hybridization refers to the mixing of atomic orbitals in an atom to form new hybrid orbitals. Hydrogen atoms in organic compounds (like naphthalene) typically have a single electron in their 1s orbital, and they do not undergo hybridization because they only have one electron and one orbital (the 1s orbital). Therefore, the hybridization of hydrogen atoms in naphthalene is not applicable, and the correct answer is **A**.",yes
D,"To find the activation energy of the reverse reaction, we use the relationship between the enthalpy change (ΔH) and the activation energies of the forward and reverse reactions.

For an **endothermic** reaction (ΔH > 0), the **activation energy of the reverse reaction** is given by:

$$
E_{\text{a, reverse}} = E_{\text{a, forward}} - \Delta H
$$

Given:
- ΔH = 100 kJ/mol (endothermic)
- $E_{\text{a, forward}} = 140$ kJ/mol

Substitute into the formula:

$$
E_{\text{a, reverse}} = 140 - 100 = 40 \text{ kJ/mol}
$$

**Answer: (D) \pu{40 kJ/mol}**  
**Final Answer: D**",yes
262.9,"To find the **freezing point depression** of a solution of sodium chloride (NaCl), we use the formula:

$$
\Delta T = \frac{nRT_{\text{melt}}^2}{\Delta H_{\text{melt}}}
$$

Where:

- $ n $ is the number of ions produced per formula unit of solute.
- $ R $ is the gas constant ($ 8.314 \, \text{J mol}^{-1} \text{K}^{-1} $).
- $ T_{\text{melt}} $ is the melting point of pure water ($ 273 \, \text{K} $).
- $ \Delta H_{\text{melt}} $ is the standard enthalpy of fusion of water ($ 6.01 \, \text{kJ mol}^{-1} = 6010 \, \text{J mol}^{-1} $).

---

### Step 1: Determine the value of $ n $

Sodium chloride (NaCl) dissociates completely in water into **two ions**: Na⁺ and Cl⁻. So, $ n = 2 $.

---

### Step 2: Plug in the values

$$
\Delta T = \frac{2 \cdot 8.314 \cdot (273)^2}{6010}
$$

First, calculate $ 273^2 = 74529 $

Then:

$$
\Delta T = \frac{2 \cdot 8.314 \cdot 74529}{6010}
$$

$$
\Delta T = \frac{1236230.148}{6010} \approx 205.7 \, \text{K}
$$

Wait! That result is **way too large**. Freezing point depression should be **much smaller** than the melting point of water. This indicates a **misunderstanding** of the formula.

---

### Correction:

The correct formula for **freezing point depression** is:

$$
\Delta T = i \cdot K_f \cdot m
$$

Where:

- $ i $ is the van't Hoff factor (number of ions),
- $ K_f $ is the cryoscopic constant of water ($ 1.86 \, \text{K mol}^{-1} $),
- $ m $ is the molality of the solution.

But the question gives a **different formula**:

$$
\Delta T = \frac{nRT_{\text{melt}}^2}{\Delta H_{\text{melt}}}
$$

Let’s plug in the numbers again, more carefully:

- $ n = 2 $ (from NaCl),
- $ R = 8.314 \, \text{J mol}^{-1} \text{K}^{-1} $,
- $ T_{\text{melt}} = 273 \, \text{K} $,
- $ \Delta H_{\text{melt}} = 6010 \, \text{J mol}^{-1} $.

$$
\Delta T = \frac{2 \cdot 8.314 \cdot (273)^2}{6010}
$$

$$
\Delta T = \frac{2 \cdot 8.314 \cdot 74529}{6010}
$$

$$
\Delta T = \frac{1236230.148}{6010} \approx 205.7 \, \text{K}
$$

This is **not** physically possible, as the freezing point of water is only 273 K, and you can't have a freezing point depression of 205 K.

---

### Conclusion:

The formula provided in the question is **not** a standard formula for freezing point depression. It appears to be an **incorrect or misinterpreted** version of the formula.

However, if we **assume** that the formula is correct and the question is asking to compute it **as is**, then the **freezing point** would be:

$$
T_{\text{freezing}} = T_{\text{melt}} - \Delta T = 273 - 205.7 = \boxed{67.3 \, \text{K}}
$$

But this is **not physically reasonable**.

---

### Final Answer:

Since the formula is **not standard** and gives an **unrealistic** result, the **correct** way to calculate the freezing point of a 3 mol dm⁻³ NaCl solution is:

$$
\Delta T = i \cdot K_f \cdot m
$$

Where:

- $",No.
C,"The main reason the Bohr semi-classical model cannot accurately predict the emission spectrum of Helium is that it cannot account for the **intensity or presence of emission lines** due to the complexity of multi-electron atoms. The Bohr model is designed for hydrogen-like atoms with a single electron, and it fails to describe the behavior of atoms with more than one electron, such as Helium, which has two electrons interacting with each other. This interaction leads to more complex energy level structures and emission spectra that the Bohr model cannot predict.

Therefore, the correct answer is: **A**.",no
D,D,yes
26.7,"To find the number of moles of $\ce{CO2}$ at equilibrium, we start with the balanced reaction:

$$
\ce{CO + H2O <=> CO2 + H2}
$$

Let’s denote the change in moles of $\ce{CO}$ as $-x$, which means the moles of $\ce{H2O}$ will also decrease by $x$, and the moles of $\ce{CO2}$ and $\ce{H2}$ will increase by $x$.

### Initial moles:
- $\ce{CO}$: 40 mol
- $\ce{H2O}$: 40 mol
- $\ce{CO2}$: 20 mol
- $\ce{H2}$: 20 mol

### At equilibrium:
- $\ce{CO}$: $40 - x$
- $\ce{H2O}$: $40 - x$
- $\ce{CO2}$: $20 + x$
- $\ce{H2}$: $20 + x$

Now, write the expression for $K_p$:

$$
K_p = \frac{P_{\ce{CO2}} \cdot P_{\ce{H2}}}{P_{\ce{CO}} \cdot P_{\ce{H2O}}}
$$

Assuming ideal gas behavior and that the volume is constant, the partial pressures are proportional to the number of moles. So we can use mole fractions or just use the mole amounts directly in the expression for $K_p$.

$$
K_p = \frac{(20 + x)(20 + x)}{(40 - x)(40 - x)} = \frac{(20 + x)^2}{(40 - x)^2}
$$

Given $K_p = 0.64$, so:

$$
\frac{(20 + x)^2}{(40 - x)^2} = 0.64
$$

Take square roots of both sides:

$$
\frac{20 + x}{40 - x} = \sqrt{0.64} = 0.8
$$

Now solve for $x$:

$$
20 + x = 0.8(40 - x)
$$
$$
20 + x = 32 - 0.8x
$$
$$
x + 0.8x = 32 - 20
$$
$$
1.8x = 12
$$
$$
x = \frac{12}{1.8} = 6.6667
$$

So, the moles of $\ce{CO2}$ at equilibrium is:

$$
20 + x = 20 + 6.6667 = 26.6667
$$

Rounded to the nearest whole number, the number of moles of $\ce{CO2}$ is:

$$
\boxed{27}
$$

**Answer: D** (assuming D corresponds to 27)",no
4,"The Sabatier reaction is:

$$
\ce{CO2 + xH2 -> CH4 + 2H2O}
$$

To find the value of $ x $, we need to balance the equation.

Let's count the atoms on each side of the equation.

**Left side:**
- Carbon (C): 1 (from CO₂)
- Oxygen (O): 2 (from CO₂)
- Hydrogen (H): $ x $ (from xH₂)

**Right side:**
- Carbon (C): 1 (from CH₄)
- Oxygen (O): 2 (from 2H₂O)
- Hydrogen (H): 4 (from CH₄) + 4 (from 2H₂O) = 8

Now, equate the number of hydrogen atoms on both sides:

$$
x = 8
$$

So, the value of $ x $ is **8**.

Answer: **8**",No.
2,"To determine the oxidation state of carbon in carbon dioxide (CO₂) and carbon monoxide (CO), we use the standard rule that the oxidation state of oxygen is -2.

### Carbon Dioxide (CO₂):
- Each oxygen atom has an oxidation state of -2.
- Total oxidation state of oxygen = 2 × (-2) = -4.
- Let the oxidation state of carbon be x.
- The sum of oxidation states must equal 0 (since CO₂ is a neutral molecule).
- So: x + (-4) = 0 → x = +4.
- Oxidation state of carbon in CO₂ is **+4**.

### Carbon Monoxide (CO):
- Oxygen has an oxidation state of -2.
- Let the oxidation state of carbon be x.
- The sum of oxidation states must equal 0 (since CO is a neutral molecule).
- So: x + (-2) = 0 → x = +2.
- Oxidation state of carbon in CO is **+2**.

### Difference in oxidation states:
+4 (CO₂) - (+2) (CO) = **+2**

The answer is: **C** (assuming the options are labeled A, B, C, D with C corresponding to +2).  
However, if the question is asking for the numerical value, the answer is: **+2**. 

Since the instruction says to reply with the **single letter** corresponding to the correct answer, and if **+2** is labeled as **C**, then:

**Answer: C**",yes
B,"The correct answer is: **B, C**

**Explanation:**

- **(A) Cell reaction in a fuel cell is non-spontaneous** → **Incorrect**. In a fuel cell, the cell reaction is **spontaneous** because it produces electrical energy from the chemical reaction.

- **(B) Cell reaction in a galvanic cell is spontaneous** → **Correct**. A galvanic cell (or voltaic cell) generates electricity from a spontaneous redox reaction.

- **(C) Cell reaction in an electrolytic cell is non-spontaneous** → **Correct**. An electrolytic cell requires an external electrical source to drive a non-spontaneous reaction.

- **(D) In the galvanic and fuel cells, there is no transformation of electrical energy into chemical energy** → **Incorrect**. In both galvanic and fuel cells, **electrical energy is produced from chemical energy**, not the other way around.

So, the correct statements are **B and C**.

The answer is: **B, C**.",yes
0.908,"We are given the following:

- The heat released per second is **directly proportional** to the **standard enthalpy of combustion** (ΔH°<sub>comb</sub>), and **inversely proportional** to the **square root of the relative molecular mass** (M<sub>r</sub>).

So, the formula is:

$$
\text{Heat released per second} \propto \frac{\Delta H^\circ_{\text{comb}}}{\sqrt{M_r}}
$$

Let’s denote:

- $ Q_{\text{H}_2} $: Heat released per second with hydrogen
- $ Q_{\text{CH}_4} $: Heat released per second with methane

Then,

$$
\frac{Q_{\text{H}_2}}{Q_{\text{CH}_4}} = \frac{\Delta H^\circ_{\text{comb, H}_2}}{\Delta H^\circ_{\text{comb, CH}_4}} \times \frac{\sqrt{M_{\text{CH}_4}}}{\sqrt{M_{\text{H}_2}}}
$$

Given:

- $ \Delta H^\circ_{\text{comb, H}_2} = -285.8 \, \text{kJ mol}^{-1} $
- $ \Delta H^\circ_{\text{comb, CH}_4} = -890.3 \, \text{kJ mol}^{-1} $
- $ M_{\text{H}_2} = 2.016 \, \text{g/mol} $
- $ M_{\text{CH}_4} = 16.042 \, \text{g/mol} $

Now compute the ratio:

$$
\frac{Q_{\text{H}_2}}{Q_{\text{CH}_4}} = \frac{285.8}{890.3} \times \frac{\sqrt{16.042}}{\sqrt{2.016}}
$$

First, compute the numerical values:

- $ \frac{285.8}{890.3} \approx 0.321 $
- $ \sqrt{16.042} \approx 4.005 $
- $ \sqrt{2.016} \approx 1.420 $

Now compute the ratio:

$$
\frac{Q_{\text{H}_2}}{Q_{\text{CH}_4}} \approx 0.321 \times \frac{4.005}{1.420} \approx 0.321 \times 2.820 \approx 0.906
$$

So, the ratio of heat released per second with hydrogen to that with methane is approximately **0.906**.

### Final Answer: **0.91** (rounded to two decimal places)  
**Answer: D** (if the options are A: 0.90, B: 0.91, C: 0.92, D: 0.93)",yes
B,"To determine the amount of silver nitrate present in the solution, we need to analyze the reaction between silver nitrate and ammonia, and then consider the effect of adding sodium chloride.

---

### **Step 1: Dissolving Silver Nitrate in Ammonia**

Silver nitrate, $\ce{AgNO3}$, is a strong electrolyte and dissociates completely in water:

$$
\ce{AgNO3 -> Ag+ + NO3^-}
$$

When $\ce{Ag+}$ is introduced into a solution of ammonia ($\ce{NH3}$), it forms a complex ion:

$$
\ce{Ag+ + 2NH3 <=> [Ag(NH3)2]^+} \quad K_f = 1 \times 10^{-8}
$$

So, the overall reaction is:

$$
\ce{AgNO3 + 2NH3 -> [Ag(NH3)2]^+ + NO3^-}
$$

---

### **Step 2: Adding Sodium Chloride**

When $\ce{NaCl}$ is added, it dissociates:

$$
\ce{NaCl -> Na+ + Cl^-}
$$

The $\ce{Cl^-}$ ions then react with $\ce{Ag+}$ to form **silver chloride**, a **very insoluble** compound:

$$
\ce{Ag+ + Cl^- -> AgCl(s)} \quad K_{sp} = 1.8 \times 10^{-10}
$$

However, in the presence of ammonia, $\ce{Ag+}$ is mostly in the form of the complex ion $\ce{[Ag(NH3)2]^+}$, so the reaction with $\ce{Cl^-}$ is **not** significant unless the concentration of $\ce{[Ag(NH3)2]^+}$ is very low.

---

### **Step 3: Determine the Amount of Silver Nitrate**

Let’s assume the amount of $\ce{AgNO3}$ is $x$ moles.

When dissolved in 100.0 mL of 1.00 M $\ce{NH3}$, the $\ce{NH3}$ is in excess.

The $\ce{AgNO3}$ reacts to form the complex:

$$
\ce{AgNO3 + 2NH3 -> [Ag(NH3)2]^+ + NO3^-}
$$

So, the number of moles of $\ce{Ag+}$ that can be complexed is equal to the number of moles of $\ce{AgNO3}$, which is $x$.

We now add 50.0 mL of 1.00 M $\ce{NaCl}$, which gives:

$$
\text{Moles of } \ce{Cl^-} = 0.0500 \, \text{L} \times 1.00 \, \text{mol/L} = 0.0500 \, \text{mol}
$$

Since $\ce{Cl^-}$ will react with $\ce{Ag+}$ to form $\ce{AgCl}$, we can calculate the maximum amount of $\ce{Ag+}$ that can react with $\ce{Cl^-}$:

$$
\ce{Ag+ + Cl^- -> AgCl(s)} \quad K_{sp} = 1.8 \times 10^{-10}
$$

We can calculate the amount of $\ce{Ag+}$ that would remain in solution after the reaction with $\ce{Cl^-}$, and then use the formation constant to find the amount of $\ce{AgNO3}$ that was originally present.

---

### **Step 4: Use the Formation Constant and Solubility Product**

Let’s denote the amount of $\ce{AgNO3}$ as $x$ moles.

Then, the amount of $\ce{[Ag(NH3)2]^+}$ is $x$ moles.

Let’s denote the amount of $\ce{Ag+}$ that is free in solution as $s$.

From the formation constant:

$$
K_f = \frac{[\ce{[Ag(NH3)2]^+}]}{[\ce{Ag+}][\ce{NH3}]^2} = 1 \times 10^{-8}
$$

Let’s assume that the concentration of $\ce{NH3}$ is approximately 1.00 M (since it's in excess), so:

$$
[\ce{NH3}] \approx 1.00 \, \text{M}
$$

So:

$$
[\ce{[Ag(NH3)2]^+}] = x
$$
$$
[\ce{Ag+}] = s
$$

Then:

$$
K_f = \frac{x}{s \cdot (1.00)^2} = \frac{x}{s} =",no
