Truth,Model,Critic
B,"The element with the lowest electonegativity is **Cs (Cesium)**, which is a halogen in the alkali metal group.

**Electronegativity decreases down a group** in the periodic table. Cesium is the most electropositive element, meaning it has the lowest electonegativity.

So, the correct answer is:

**A**",No.
E,"(E) sublimation

**Explanation:**  
Iodine is a **subliming** substance (it changes directly from solid to gas without passing through the liquid phase). When a mixture of sodium chloride (a soluble salt) and iodine is heated, iodine sublimes and can be collected as a vapor, while sodium chloride remains in the liquid phase and can be filtered or collected by evaporation. Therefore, **sublimation** is the appropriate technique for separating a mixture of sodium chloride and iodine. 

**Correct answer: (E)**",yes
C,"The question asks which of the given compounds are **predominantly non-polar covalent**.

Let's analyze each option:

---

### (A) **AlCl₃**  
- Aluminum chloride is a covalent compound.
- The Al–Cl bond is polar due to the difference in electronegativity.
- However, AlCl₃ is **trigonal planar**, and the molecule is **non-polar** due to the symmetry of the molecule.
- **Polar covalent**, but **non-polar** in terms of overall dipole moment.
- **Non-polar covalent** is a term used for **very polar** or **non-polar** covalent bonds, but **AlCl₃** is more accurately described as **polar covalent** due to the dipole moment.

---

### (B) **BF₃**  
- Boron trifluoride is a **polar** molecule.
- The B–F bonds are polar, and the molecule is **trigonal planar**.
- The overall molecule has a **net dipole moment**, so it is **polar**.
- **Not non-polar covalent**.

---

### (C) **CH₄**  
- Methane is a **non-polar** molecule.
- The carbon-hydrogen bonds are **non-polar** (due to similar electronegativity), and the molecule is **tetrahedral** with **symmetry**.
- **Non-polar covalent**.

---

### (D) **NaHg**  
- Sodium mercury is a **metallic compound**, not a covalent compound.
- It is **not** a covalent compound, and **not** non-polar.
- **Not non-polar covalent**.

---

### (E) **S₈**  
- Sulfur is a **non-metal**, and **S₈** is a **non-polar** molecule.
- It is a **covalent** compound with **non-polar** bonds.
- **Non-polar covalent**.

---

### Final Answer:
**(C) CH₄** and **(E) S₈** are both **non-polar covalent**.

However, the question asks for **which of the following compounds are predominantly non-polar covalent**, and the options are single letters.

So, the correct answer is:

> **C and E**

But since the question asks for **one** letter (as in the format: A, B, C, D, or a numerical value), and **C and E** are both correct, we need to choose the **one** correct answer.

In this case, **CH₄** is a **non-polar covalent** molecule, and **S₈** is also **non-polar covalent**.

But the question asks for **predominantly** non-polar covalent, and **S₈** is a **non-polar** molecule with **non-polar** bonds.

So, the best answer is:

> **E** (S₈)

---

### ✅ Final Answer: **E**","**No.**

The response is **not fully correct**. 

While both **(C) CH₄** and **(E) S₈** are **non-polar covalent** compounds, the original question is a **multiple-choice question** with **single-answer format** (as indicated by the format: A, B, C, D, or E). The standard answer is **C**, which implies that **CH₄** is the correct answer.

The response incorrectly concludes with **E** as the final answer, which is **not consistent** with the standard answer provided in the question. This suggests a **confusion or error in the final conclusion**.

### Correct Evaluation:
- **(C) CH₄** is a **non-polar covalent** molecule with **non-polar bonds** and **symmetrical structure**.
- **(E) S₈** is also a **non-polar covalent** molecule, but it is a **molecular element**, not a compound.
- The question asks for **compounds**, not elements.

Therefore, **(C) CH₄** is the **best and correct answer** among the options, as it is a **compound** and **predominantly non-polar covalent**.

### ✅ Final Answer: **C** (as per the standard answer).

So, the response is **not correct**."
A,"To determine which species has an **sp²**-hybridized atom, we need to analyze the geometry and hybridization of the central atom in each species.

---

### **(A) BH₃**

- **Central atom**: B (boron)
- **Bonding**: Boron forms 3 single bonds with 3 H atoms.
- **Electron domain geometry**: Trigonal planar (3 regions of electron density)
- **Hybridization**: sp² (since there are 3 regions of electron density and one lone pair is not present, leading to sp² hybridization)
- **Conclusion**: **sp²** hybridized.

---

### **(B) BeH₂**

- **Central atom**: Be (beryllium)
- **Bonding**: Beryllium forms 2 single bonds with 2 H atoms.
- **Electron domain geometry**: Linear (2 regions of electron density)
- **Hybridization**: sp (since there are 2 regions of electron density and no lone pairs)
- **Conclusion**: **sp** hybridized.

---

### **(C) H₃O⁺**

- **Central atom**: O (oxygen)
- **Bonding**: Oxygen forms 1 single bond with H and has 2 lone pairs.
- **Electron domain geometry**: Trigonal planar (4 regions of electron density, but with one less due to a positive charge)
- **Hybridization**: sp² (since there are 3 regions of electron density and one lone pair)
- **Conclusion**: **sp²** hybridized.

---

### **(D) NH₃**

- **Central atom**: N (nitrogen)
- **Bonding**: Nitrogen forms 3 single bonds with H and has 1 lone pair.
- **Electron domain geometry**: Trigonal pyramidal (4 regions of electron density, with one lone pair)
- **Hybridization**: sp³ (since there are 4 regions of electron density)
- **Conclusion**: **sp³** hybridized.

---

### ✅ **Correct Answer**: (A) BH₃ and (C) H₃O⁺ both have sp² hybridization.

However, the question asks for **""which of these species""** and expects **one** correct answer. Since **BH₃** is a more typical example of sp² hybridization (like in the case of **BF₃**), and **H₃O⁺** is a more complex case with a lone pair, the **most straightforward** and **common** example is:

### ✅ **Answer: A** (BH₃)",yes
A,"Let's analyze each compound to determine which one has an atom (other than hydrogen) that does **not** achieve an octet of valence electrons.

---

### (A) **BH₃**  
- Boron (B) is in group 13.
- B has 3 valence electrons.
- In BH₃, B forms 3 bonds with H.
- Each bond uses one electron from B and one from H.
- B has 6 valence electrons, and it shares 3 pairs (6 electrons), so it has **6 electrons**, not 8.
- **Boron does not achieve an octet** in BH₃.

---

### (B) **H₃O⁺**  
- Oxygen (O) is in group 16.
- O has 6 valence electrons.
- In H₃O⁺, O forms 1 bond with H and has 3 lone pairs.
- O has 8 electrons (shared with H and lone pairs), so it **does** achieve an octet.
- **Oxygen achieves an octet** in H₃O⁺.

---

### (C) **NH₃**  
- Nitrogen (N) is in group 15.
- N has 5 valence electrons.
- In NH₃, N forms 3 bonds with H.
- N has 8 valence electrons (3 bonds, 6 electrons from bonds, and 2 lone pairs).
- **Nitrogen achieves an octet** in NH₃.

---

### (D) **NH₄⁺**  
- Nitrogen (N) is in group 15.
- N has 5 valence electrons.
- In NH₄⁺, N forms 4 bonds with H.
- N has 8 valence electrons (4 bonds, 8 electrons from bonds and lone pairs).
- **Nitrogen achieves an octet** in NH₄⁺.

---

### Final Answer:
**(A)** is the only compound where an atom (boron) **does not** achieve an octet of valence electrons.

$$
\boxed{A}
$$",yes
A,"To determine which chemical species has the **smallest concentration** in a solution of **0.1 mol NaNO₂** in **1.0 L of pure water**, we need to analyze the **dissociation of sodium nitrite (NaNO₂)** in water.

---

### Step 1: Write the dissociation equation

$$
\ce{NaNO2(aq) -> Na+(aq) + NO2^-(aq)}
$$

This is a **strong electrolyte** (NaNO₂ is a salt that dissociates completely in water), so:

- **[Na⁺] = 0.1 M**
- **[NO₂⁻] = 0.1 M**

---

### Step 2: Analyze the other species

We are given four options:

**(A) H₃O⁺**  
**(B) HNO₂**  
**(C) NO₂⁻**  
**(D) Na⁺**

From the dissociation above:

- **[Na⁺] = 0.1 M**
- **[NO₂⁻] = 0.1 M**

So both **Na⁺** and **NO₂⁻** have the same concentration.

Now consider the **acid dissociation** of **HNO₂**:

$$
\ce{HNO2(aq) <=> H+(aq) + NO2^-(aq)}
$$

This is a **weak acid**, and **NO₂⁻** is its **conjugate base**. Therefore, **NO₂⁻** will **accept a proton** from water, but not to the extent of producing H₃O⁺.

---

### Step 3: Compare concentrations

- **[Na⁺] = 0.1 M**
- **[NO₂⁻] = 0.1 M**
- **[H₃O⁺] = ?** (depends on the acid dissociation of HNO₂, which is weak)
- **[HNO₂] = ?** (depends on the dissociation of HNO₂, which is weak)

Since **NO₂⁻** is the conjugate base of a weak acid (HNO₂), it will **not** be completely dissociated. Therefore, the concentration of **HNO₂** is **not** equal to the concentration of **NO₂⁻**.

---

### Step 4: Which species has the **smallest concentration**?

- **[Na⁺] = 0.1 M**
- **[NO₂⁻] = 0.1 M**
- **[HNO₂] is less than 0.1 M** (because HNO₂ is a weak acid and only partially dissociates)
- **[H₃O⁺] is also less than 0.1 M** (because it's the conjugate acid of a weak base, and it's not fully dissociated either)

So the **smallest concentration** is **[HNO₂]** or **[H₃O⁺]**, but both are **less than 0.1 M**.

However, the question asks for **the smallest concentration**.

---

### Final Answer:

The **smallest concentration** is that of **HNO₂** and **H₃O⁺**, but since **HNO₂** is the **acid** and **H₃O⁺** is the **hydronium ion**, and both are **not fully dissociated**, but **HNO₂** is a **weak acid**, so its concentration is **less than 0.1 M**.

But the **smallest concentration** is the **smallest among all**:

- **[Na⁺] = 0.1 M**
- **[NO₂⁻] = 0.1 M**
- **[HNO₂] < 0.1 M**
- **[H₃O⁺] < 0.1 M**

So the **smallest concentration** is **[HNO₂]** and **[H₃O⁺]**, but since the question asks for **one** answer, and **HNO₂** is the **acid** and **H₃O⁺** is the **hydronium ion**, and both are **not fully dissociated**, but **HNO₂** is the **conjugate acid** of **NO₂⁻**, and **H₃O⁺** is the **acid** of **HNO₂**.

But the **smallest concentration** is **[HNO₂]**, which is **less than 0.1 M**, and **[H₃O⁺]** is also less than 0.1 M.

However, the **smallest concentration** is **[HNO₂]**.

---

### ✅ Final Answer:

**(B) HNO₂**",No.
78,"The compound AgNO₃ (silver nitrate) consists of one silver ion (Ag⁺) and one nitrate ion (NO₃⁻). 

In terms of electron count, each ion contributes a certain number of electrons:

- Ag⁺ has 18 electrons (since Ag has an atomic number of 47, and losing one electron gives 46 electrons, but the actual electron count in Ag⁺ is 18).
- NO₃⁻ has 23 electrons (nitrogen has 7, oxygen has 8 each, so 7 + 3×8 = 31, and since it's a negative ion, it has one more electron: 32).

However, the **total electron count** of the compound is not simply the sum of the electrons in each ion. Instead, the **total number of electrons** in the entire molecule is the sum of the electrons in the ions.

- Ag⁺ has 18 electrons.
- NO₃⁻ has 32 electrons.

Total electron count = 18 + 32 = **50**

So the correct answer is: **50**

Final answer: **50**",No.
2,"To find the oxidation state of magnesium (Mg) in $\ce{Mg(NO3)2}$:

1. The compound is $\ce{Mg(NO3)2}$, which means there are 2 nitrate ions ($\ce{NO3^-}$) per magnesium ion.
2. Each nitrate ion has a charge of $-1$.
3. Therefore, the total charge from the two nitrate ions is $2 \times (-1) = -2$.
4. Since the overall charge of the compound is neutral, the charge on the magnesium ion must balance this.

So, the oxidation state of Mg is $+2$.

**Answer: A**",yes
8,"To determine the value of $ x $ in the reaction:

$$
\ce{Ca3(PO4)2 + 8C -> xCO + Ca3P2}
$$

we need to balance the equation.

### Step 1: Balance the phosphorus atoms
On the left, there are 2 P atoms in $\ce{Ca3(PO4)2}$.

On the right, there are 2 P atoms in $\ce{Ca3P2}$.

So, the P atoms are already balanced.

### Step 2: Balance the calcium atoms
On the left, there are 3 Ca atoms in $\ce{Ca3(PO4)2}$.

On the right, there are 3 Ca atoms in $\ce{Ca3P2}$.

So, the Ca atoms are already balanced.

### Step 3: Balance the carbon atoms
On the left, there are 8 C atoms in $\ce{8C}$.

On the right, there are $ x $ C atoms in $\ce{xCO}$.

So, we need:

$$
8 = x \Rightarrow x = 8
$$

### Final Answer:
$$
\boxed{8}
$$

So, the correct answer is: $\boxed{8}$",yes
14,"The electronic configuration given is:

$$
[Rn]7s^25f^{14}6d^6
$$

This means:

- **Rn** (Radon) contributes 86 electrons.
- **7s²** contributes 2 electrons.
- **5f¹⁴** contributes 14 electrons.
- **6d⁶** contributes 6 electrons.

Now, the question is: **How many electrons does it have in the 4f orbital?**

The **4f orbital** is not present in the given configuration. The **5f orbital** is present, and it has **14 electrons**.

Therefore, the number of electrons in the **4f orbital** is:

$$
\boxed{0}
$$

**Answer:** $\boxed{0}$",yes
D,"The element that exhibits only a **negative oxidation state** in complex compounds is **fluorine** (F).

**Reasoning:**  
Fluorine is the most electronegative element and typically exhibits a **negative oxidation state** in compounds. It commonly shows oxidation states of -1 in most compounds, especially in covalent compounds. It does not show a positive oxidation state in most cases, and it rarely shows a neutral oxidation state.

**Correct answer:**  
**(D) fluorine**",yes
128,"The molecule $\ce{S8}$ consists of 8 sulfur atoms. Each sulfur atom has an atomic number of 16, and in its neutral state, it has 16 electrons. 

Since there are 8 sulfur atoms, the total number of electrons is:

$$
8 \times 16 = 128
$$

Thus, the total electron count of $\ce{S8}$ is:

$$
\boxed{128}
$$",yes
A,(C) Gold and silver,No.
A,"The correct answer is: **A**

**Explanation:**  
Nitrogen typically exhibits a +3 oxidation state in most compounds, but it can show a +5 oxidation state in some compounds, such as $\ce{N2O5}$ or $\ce{NO3^-}$. However, **nitrogen does not form stable pentahalides** ($\ce{NX5}$) because it lacks accessible d-orbitals. This is a key factor in its inability to form more than four covalent bonds, as d-orbitals are required for bonding in higher oxidation states. 

Thus, the primary reason for the lack of stable pentahalides is:

$$
\boxed{A}
$$",yes
A,A,yes
B,(B),yes
68,"The total electron count of $\ce{Ta^{5+}}$ is **18**.

The correct answer is: **A**.",no
A,C,No.
5,"To find the oxidation state of nitrogen (N) in $\ce{Mg(NO3)2}$:

1. **Magnesium (Mg)** has an oxidation state of **+2**.
2. The compound is neutral, so the total charge must be zero.
3. The formula is $\ce{Mg(NO3)2}$, meaning there are 2 nitrate ions ($\ce{NO3^-}$).
4. Each nitrate ion has a charge of **-1**, so two nitrate ions contribute a total charge of **-2**.
5. To balance the charge, the magnesium ion must be **+2**, and the total charge of the compound is **0**.

Now, let's find the oxidation state of nitrogen in $\ce{NO3^-}$:

- The total charge of the nitrate ion is **-1**.
- Oxygen has an oxidation state of **-2** in most compounds.
- Let the oxidation state of nitrogen be **x**.

So:
$$
x + 3(-2) = -1
$$
$$
x - 6 = -1
$$
$$
x = +5
$$

Thus, the oxidation state of **N** in $\ce{NO3^-}$ is **+5**.

**Answer: A**",yes
C,(C),yes
B,"The element with the highest first ionization energy is **He** (Helium).

**Reasoning:**  
Ionization energy increases across a period (from left to right) and decreases down a group (from top to bottom).  
- **He** is in the **first period**, group 18, and is the **most tightly bound** atom in the periodic table.  
- It has a **very high ionization energy** because it has a **full valence shell** (two electrons), and it is **not easily ionized**.

### Correct Answer: **B**",yes
A,"The correct order of the densities of group 13 elements from least to greatest is:

**B < Al < Ga < In < Tl**

This is because:

- **B (Boron)** has the lowest density.
- **Al (Aluminum)** is next.
- **Ga (Gallium)** is next.
- **In (Indium)** is next.
- **Tl (Thallium)** has the highest density.

So the correct order is:

**(A) B < Al < Ga < In < Tl**

**Answer: A**",yes
54,"KBr is an ionic compound composed of potassium (K⁺) and bromide (Br⁻) ions. 

In ionic compounds, the total electron count is determined by the sum of the charges of the ions. 

- Potassium (K) has a +1 charge.
- Bromide (Br) has a -1 charge.

The total electron count is therefore:

$$
1 + 1 = 2
$$

So, the total electron count of KBr is **2**.

The correct answer is: **A**.",No.
A,The correct answer is: **D**.,No.
1,"To determine the oxidation state of sodium (Na) in NaHSO₄:

1. **Charge of the compound**: NaHSO₄ is neutral.
2. **Charge of H**: +1
3. **Charge of S**: Let's denote it as $ x $.
4. **Charge of O**: -2 each (since there are 4 O atoms).

Now, set up the equation for the total charge:

$$
+1 + x + (-2 \times 4) = 0
$$
$$
+1 + x - 8 = 0
$$
$$
x - 7 = 0
$$
$$
x = +7
$$

So, the oxidation state of sulfur (S) is +7.

Now, the oxidation state of Na is +1 (since it is a group 1 element and always has +1 oxidation state in compounds).

**Answer: A**",yes
A,(A) A carbonate,yes
B,"We are given:

- Mass of transition metal carbonate: $ \pu{1.000 g} $
- Mass of CO₂ produced: $ \pu{0.383 g} $
- The reaction is:  
  $$
  \ce{MCO3 -> M2O + CO2}
  $$

---

### Step 1: Write the balanced chemical equation

We are told the reaction is:

$$
\ce{MCO3 -> M2O + CO2}
$$

This is not balanced. Let's balance it.

Let’s suppose the formula of the metal oxide is $ \ce{MO} $, and the formula of the metal carbonate is $ \ce{MCO3} $.

So the balanced equation is:

$$
\ce{MCO3 -> MO + CO2}
$$

This is **not balanced**. Let’s balance it properly.

Let’s assume the formula of the metal oxide is $ \ce{M2O} $, and the formula of the metal carbonate is $ \ce{MCO3} $.

Then the balanced equation is:

$$
\ce{MCO3 -> M2O + CO2}
$$

Now let's balance it:

- 1 MCO₃ → 1 M₂O + 1 CO₂

This is already balanced.

So the balanced equation is:

$$
\ce{MCO3 -> M2O + CO2}
$$

---

### Step 2: Use stoichiometry to find the molar mass of M

From the balanced equation:

$$
\ce{MCO3 -> M2O + CO2}
$$

1 mole of MCO₃ → 1 mole of M₂O + 1 mole of CO₂

So, the molar ratio is:

- MCO₃ : M₂O : CO₂ = 1 : 1 : 1

---

### Step 3: Use the given masses to find the molar mass of M

Let’s define:

- Mass of MCO₃ = 1.000 g
- Mass of CO₂ = 0.383 g

From the balanced equation:

- 1 mole of MCO₃ → 1 mole of CO₂

So, moles of CO₂ = moles of MCO₃

$$
\text{Molar mass of CO₂} = \pu{44.01 g/mol}
$$

$$
\text{Moles of CO₂} = \frac{0.383}{44.01} \approx 0.00870 \text{ mol}
$$

So, moles of MCO₃ = 0.00870 mol

Now, molar mass of MCO₃ = $ \frac{\text{mass of MCO₃}}{\text{moles of MCO₃}} = \frac{1.000}{0.00870} \approx 114.94 \text{ g/mol} $

---

### Step 4: Find the molar mass of M

The molar mass of MCO₃ is:

$$
\text{Molar mass of MCO₃} = \text{M} + 12.01 + 3(16.00) = \text{M} + 12.01 + 48.00 = \text{M} + 60.01
$$

Set this equal to 114.94 g/mol:

$$
\text{M} + 60.01 = 114.94
$$

$$
\text{M} = 114.94 - 60.01 = 54.93 \text{ g/mol}
$$

---

### Step 5: Identify the metal with molar mass ≈ 54.93 g/mol

Looking at the possible metals:

- Cu: 63.55 g/mol
- Mn: 54.94 g/mol ✅
- Ni: 58.69 g/mol
- Zn: 65.38 g/mol

So the metal is **Mn**.

---

### ✅ Final Answer: **B**",yes
D,"To determine which d-block element has the lowest density at room temperature, we need to consider the general trend in density for d-block elements.

### Key Points:
- **Density** of d-block elements generally **increases** with increasing atomic number (i.e., increasing atomic mass).
- **Lanthanide contraction** affects the density slightly, but the overall trend is still increasing with atomic number.
- **Lighter d-block elements** (like **Sc** and **Cd**) are generally less dense than heavier ones like **Os** and **Re**.

### Let's analyze the options:

- **(A) Cd (Cadmium)**: A post-transition metal with a relatively low atomic number and moderate density.
- **(B) Os (Osmium)**: A heavy d-block element with a very high density.
- **(C) Re (Rhenium)**: Another heavy d-block element, slightly less dense than Os but still very dense.
- **(D) Sc (Scandium)**: A light d-block element with a relatively low density.

### Conclusion:
- **Sc** (Scandium) is the **lightest** d-block element and has the **lowest density** at room temperature.

### Final Answer:
**D**",yes
A,"The nonmetal that forms the most hydrogen compounds is **fluorine** (F), because it has the highest electronegativity and is the most reactive, allowing it to form the most stable and diverse hydrogen compounds.

However, a more accurate and commonly accepted answer in this context is **oxygen** (O), as it forms a wide range of hydrogen compounds, including water (H₂O), hydrogen peroxide (H₂O₂), and others.

But the most correct and commonly accepted answer in this context is:

**E) oxygen**

**Answer: E**",No.
9,"To determine the value of $ x $ in the electronic configuration of Platinum:

$$
\ce{[Xe] 4f^{14} 5d^{x} 6s^{1}}
$$

We know that the atomic number of Platinum (Pt) is 78.

- The atomic number of Xe (Xenon) is 54.
- Therefore, the total number of electrons in the configuration is $ 54 + 14 + 5d^x + 6s^1 = 78 $.
- Solving for $ 5d^x $:

$$
14 + 5d^x + 1 = 78 \Rightarrow 5d^x = 78 - 55 = 23
$$

So, $ x = 23 $.

**Answer: 23** ✅

**Letter: D**",no
C,"The correct ground-state electronic configuration of chlorine is:

**1s² 2s² 2p⁶ 3s² 3p⁵**

This corresponds to option **C**.

**Answer: C**",yes
28,"The total electron count of NaCl is **8**.

**Explanation:**  
NaCl is an ionic compound composed of sodium (Na⁺) and chloride (Cl⁻) ions.  
- Sodium (Na) has 11 electrons.  
- Chloride (Cl) has 17 electrons.  

In NaCl, the sodium ion loses one electron (Na → Na⁺), and the chloride ion gains one electron (Cl → Cl⁻).  
Thus, the total electron count is **11 + 17 = 28**, but since the ions are electrically neutral, the **total number of electrons** in the crystal lattice is **8** (from the ionic bonding).

**Answer: A** (if the question is asking for the total number of electrons in the unit cell or the crystal lattice, it's 8).",No.
B,"To determine which compound contains the most hydrogen by mass, we need to calculate the **mass percentage of hydrogen** in each compound.

---

### **(A) 1,2-dichlorohexane**

- Formula: **C₆H₁₀Cl₂**
- Molar mass:
  - C: 12.01 × 6 = 72.06
  - H: 1.008 × 10 = 10.08
  - Cl: 35.45 × 2 = 70.90
- Total molar mass = 72.06 + 10.08 + 70.90 = **153.04 g/mol**
- Mass of H = 10.08 g/mol
- Mass % of H = (10.08 / 153.04) × 100 ≈ **6.60%**

---

### **(B) 2,2-dimethylpropane**

- Formula: **C₄H₁₀**
- Molar mass:
  - C: 12.01 × 4 = 48.04
  - H: 1.008 × 10 = 10.08
- Total molar mass = 58.12 g/mol
- Mass of H = 10.08 g/mol
- Mass % of H = (10.08 / 58.12) × 100 ≈ **17.36%**

---

### **(C) N-methylalanine**

- Formula: **C₄H₁₁NO₂**
- Molar mass:
  - C: 12.01 × 4 = 48.04
  - H: 1.008 × 11 = 11.09
  - N: 14.01
  - O: 16.00 × 2 = 32.00
- Total molar mass = 48.04 + 11.09 + 14.01 + 32.00 = **105.14 g/mol**
- Mass of H = 11.09 g/mol
- Mass % of H = (11.09 / 105.14) × 100 ≈ **10.55%**

---

### **(D) Butadiene**

- Formula: **C₄H₆**
- Molar mass:
  - C: 12.01 × 4 = 48.04
  - H: 1.008 × 6 = 6.05
- Total molar mass = 54.09 g/mol
- Mass of H = 6.05 g/mol
- Mass % of H = (6.05 / 54.09) × 100 ≈ **11.19%**

---

### **Comparison:**
- A: 6.60%
- B: 17.36%
- C: 10.55%
- D: 11.19%

---

### ✅ **Answer: B** (2,2-dimethylpropane) contains the **most hydrogen by mass**.

**Answer: B**",yes
1,"To determine the oxidation state of nitrogen (N) in $\ce{N2O}$:

1. **Total charge of the molecule**: 0 (neutral molecule)
2. **Oxidation state of O**: -2 (common oxidation state for oxygen in compounds)
3. **Let the oxidation state of each N be x**
4. Since there are 2 N atoms, total contribution from N is $2x$
5. Total charge: $2x + (-2) = 0$

Solving:
$$
2x - 2 = 0 \Rightarrow 2x = 2 \Rightarrow x = +1
$$

**Oxidation state of N in $\ce{N2O}$ is +1.**

Answer: **A**",yes
10,"The total electron count of H₂O is **10**.

Answer: **A**",yes
1,"To determine the value of $ x $ in the chemical reaction:

$$
\ce{CaO + 3C -> xCaC2 + CO}
$$

We need to balance the equation.

### Step 1: Count atoms on both sides

**Reactants:**
- Ca: 1
- O: 1
- C: 3

**Products:**
- Ca: $ x $
- C: $ 2x + 1 $ (from $\ce{CaC2}$ and $\ce{CO}$)
- O: 1 (from $\ce{CO}$)

### Step 2: Balance the calcium (Ca) atoms

On the left: 1 Ca  
On the right: $ x $ Ca

So, $ x = 1 $.

### Step 3: Balance the carbon (C) atoms

On the left: 3 C  
On the right: $ 2x + 1 $ C

Substitute $ x = 1 $:

$$
2(1) + 1 = 3
$$

So, the carbon atoms are balanced.

### Step 4: Balance the oxygen (O) atoms

On the left: 1 O  
On the right: 1 O

So, the oxygen atoms are balanced.

### Final balanced equation:

$$
\ce{CaO + 3C -> CaC2 + CO}
$$

Thus, $ x = 1 $.

**Answer:** $\boxed{A}$",yes
D,(C) Water,No.
B,"To determine which pair does **not** correctly represent an acid and its conjugate base, we need to recall the definition of a **conjugate acid-base pair**:

> An acid donates a proton (H⁺) to form its conjugate base, and a base accepts a proton to form its conjugate acid.

So, the correct pair must have the acid donate a proton to form the conjugate base.

Let's analyze each pair:

---

**A) H₂SO₄ and HSO₄⁻**

- H₂SO₄ is a **strong acid** (it donates a proton to form HSO₄⁻).
- HSO₄⁻ is the **conjugate base** of H₂SO₄.
- ✅ Correct pair.

---

**B) H₂SO₄ and SO₄²⁻**

- H₂SO₄ is a strong acid.
- SO₄²⁻ is the **conjugate base** of H₂SO₄ after it donates two protons (first and second dissociation steps).
- ✅ Correct pair.

---

**C) HNO₃ and NO₃⁻**

- HNO₃ is a **strong acid**.
- NO₃⁻ is the **conjugate base** of HNO₃.
- ✅ Correct pair.

---

**D) HSO₄⁻ and SO₄²⁻**

- HSO₄⁻ is the **conjugate acid** of SO₄²⁻.
- SO₄²⁻ is the **conjugate base** of HSO₄⁻.
- ✅ Correct pair.

---

**All pairs are correct except one.**

Wait — **all pairs are correct**. But the question asks for the **pair that does not correctly represent an acid and its conjugate base**.

Let’s recheck the **definition** of conjugate acid-base pairs:

> A **conjugate base** is formed when an **acid donates a proton**.

So, **HSO₄⁻** is the **conjugate acid** of **SO₄²⁻**, and **SO₄²⁻** is the **conjugate base** of **HSO₄⁻**.

So, the pair **HSO₄⁻ and SO₄²⁻** is **correct** — they are a conjugate acid-base pair.

So, **all pairs are correct**.

But the question says: **""Which pair does not correctly represent an acid and its conjugate base?""**

So, the **only** pair that **does not** correctly represent an acid and its conjugate base is:

> **D) HSO₄⁻ and SO₄²⁻** — **this is not a correct pair** because **HSO₄⁻ is the conjugate acid of SO₄²⁻**, not the other way around.

So the **incorrect pair** is:

> **D) HSO₄⁻ and SO₄²⁻**

---

### ✅ Final Answer: **D**","no

The response is **incorrect**. The correct answer is **B**, not **D**.

### Explanation:

The question asks: **""Which pair does not correctly represent an acid and its conjugate base?""**

Let’s re-analyze the options carefully:

---

**A) H₂SO₄ and HSO₄⁻**  
- H₂SO₄ donates one H⁺ to form HSO₄⁻.  
✅ **Correct pair**.

---

**B) H₂SO₄ and SO₄²⁻**  
- H₂SO₄ donates **two** H⁺ ions to form SO₄²⁻.  
- This is **not** a direct conjugate acid-base pair (only one H⁺ is donated in a single step).  
❌ **Incorrect pair** — this **does not** represent a direct acid-conjugate base pair.

---

**C) HNO₃ and NO₃⁻**  
- HNO₃ donates one H⁺ to form NO₃⁻.  
✅ **Correct pair**.

---

**D) HSO₄⁻ and SO₄²⁻**  
- HSO₄⁻ donates one H⁺ to form SO₄²⁻.  
✅ **Correct pair**.

---

### ✅ Final Answer: **B**

So the **correct answer is B**, and the original response was **incorrect** in concluding that D was the wrong pair."
A,"The correct answer is: **A**

**Explanation:**  
The molecule $\ce{R3N=O}$ does **not** exist because **nitrogen** cannot have a **covalent valency higher than 4**. In the case of $\ce{R3N=O}$, the nitrogen atom is bonded to three other atoms (R) and one oxygen atom, making a total of 4 bonds. This is acceptable for nitrogen, which typically has a valency of 3 or 5. However, in this case, the nitrogen is bonded to four atoms (three R and one O), which is **not possible** for nitrogen, as it cannot have more than 4 bonds. 

In contrast, **phosphorus** can have **more than 4 bonds** (e.g., in $\ce{R3P=O}$), so the molecule $\ce{R3P=O}$ is stable and exists.

Thus, the correct answer is: **A**.",yes
B,"(D) evaporation

Explanation: Evaporation is the most suitable method for separating sugar from a solution because sugar (like sucrose) is a solid that can be recovered by heating the solution, causing the water to evaporate and leaving the sugar behind. This method is commonly used in food processing and chemical separations. 

Other methods:
- **Chromatography** is for separating mixtures based on different rates of movement.
- **Distillation** is used for separating liquids with different boiling points.
- **Filtration** is used to remove insoluble solids.
- **Crystallization** is used to form solid crystals from a solution, which is similar to evaporation but more controlled.

Thus, the best answer is **(D) evaporation**.",No.
A,(A) diamond and graphite,yes
58,"To determine the total electron count of the ion $\ce{S2O3^{2-}}$, we need to consider the valence electrons of the atoms involved and account for the charge.

### Step 1: Determine the valence electrons of each atom
- Sulfur (S): has 6 valence electrons
- Oxygen (O): has 6 valence electrons
- The ion has a charge of $-2$, so we add 2 more electrons.

### Step 2: Calculate the total valence electrons
- 2 S atoms contribute: $2 \times 6 = 12$
- 3 O atoms contribute: $3 \times 6 = 18$
- Total valence electrons: $12 + 18 = 30$
- Add 2 electrons for the charge: $30 + 2 = 32$

### Step 3: Final answer
The total electron count of $\ce{S2O3^{2-}}$ is **32**.

**Answer: 32**",no
A,"The element with the highest melting point in the given options is **(B) Nb (Niobium)**.

**Reasoning:**

- **C (Carbon)**: Melting point is around **3550°C** (graphite), but it's not a metal.
- **Nb (Niobium)**: A metal with a melting point of **2469°C**.
- **Re (Rhenium)**: A metal with a melting point of **3186°C**.
- **W (Tungsten)**: A metal with a melting point of **3422°C**.

**Conclusion:** **W (Tungsten)** has the highest melting point among the given options.

**Answer:** **D**",No.
1.5,"To determine the value of $ x $ in the reaction:

$$
\ce{C7H5N3O6 -> 3CO + 3C + CO2 + 1.5H2 + xN2 + H2O}
$$

we need to **balance the equation** for carbon, hydrogen, nitrogen, and oxygen.

---

### Step 1: Count atoms on each side

**Left side:**
- C: 7
- H: 5
- N: 3
- O: 6

**Right side:**
- CO: 3 × 1 = 3 C, 3 × 1 = 3 O
- C: 3 C
- CO₂: 1 × 2 = 2 C, 1 × 2 = 2 O
- H₂: 1.5 × 2 = 3 H
- N₂: x × 2 N
- H₂O: 1 × 2 = 2 H, 1 × 1 = 1 O

Now sum up the atoms on the right:

- C: 3 (from CO) + 3 (from C) + 2 (from CO₂) = **8**
- H: 3 (from H₂) + 2 (from H₂O) = **5**
- N: 2x (from N₂)
- O: 3 (from CO) + 2 (from CO₂) + 1 (from H₂O) = **6**

---

### Step 2: Balance each element

**Carbon (C):**
- Left: 7
- Right: 8
- So, we need to adjust the coefficients.

**Hydrogen (H):**
- Left: 5
- Right: 5
- Balanced.

**Nitrogen (N):**
- Left: 3
- Right: 2x
- So, $ 2x = 3 \Rightarrow x = \frac{3}{2} = 1.5 $

---

### Final Answer:

$$
\boxed{1.5}
$$

So, the value of $ x $ is **1.5**, and the correct answer is:

$$
\boxed{B}
$$",yes
10,"The total electron count of $\ce{O^{2-}}$ is 8.

The correct answer is: **8**.",no
1,"The oxidation state of H in $\ce{NH4+}$ is **+1**.

Answer: **+1**",yes
C,"To determine which pair does **not** correctly represent an acid and its conjugate base, we need to recall the definition of a conjugate acid-base pair:

> An **acid** donates a proton (H⁺) to form its **conjugate base**.

So, the correct pair is one where the species on the left is an **acid** and the species on the right is its **conjugate base**.

Let's analyze each option:

---

**A) H₃PO₄ and H₂PO₄⁻**

- H₃PO₄ is a **strong acid** (in the context of phosphoric acid).
- H₂PO₄⁻ is its **conjugate base**.
- ✅ Correct pair.

---

**B) NH₃ and NH₂⁻**

- NH₃ is a **weak base**.
- NH₂⁻ is its **conjugate base**.
- ✅ Correct pair.

---

**C) NH₄⁺ and NH₂⁻**

- NH₄⁺ is the **conjugate acid** of NH₃.
- NH₂⁻ is the **conjugate base** of NH₃.
- ❌ **Incorrect** pair. NH₄⁺ is the conjugate acid of NH₃, not the conjugate base. NH₂⁻ is the conjugate base of NH₃, not the conjugate acid.

---

**D) NH₄⁺ and NH₃**

- NH₄⁺ is the **conjugate acid** of NH₃.
- NH₃ is the **conjugate base** of NH₄⁺.
- ✅ Correct pair.

---

### ✅ Correct answer: **C**

$$
\boxed{C}
$$",yes
B,"The correct answer is: **C**

**Explanation:**  
$\ce{H3PO4}$ (phosphoric acid) is indeed a good reducing agent, though not as strong as $\ce{H3PO2}$ or $\ce{H3PO3}$. The reason is that $\ce{H3PO4}$ has the highest oxidation state of phosphorus (+5), which makes it more likely to lose electrons and act as a reducing agent. While $\ce{H3PO2}$ and $\ce{H3PO3}$ have lower oxidation states (+3 and +3, respectively), they are still good reducing agents. The higher oxidation state in $\ce{H3PO4}$ allows it to act as a stronger reducing agent compared to the other two. 

Thus, the correct answer is: **C**.",no
B,"To solve this problem, we use **Fick's Law of diffusion**, which states that the rate of diffusion is proportional to the **square root of the molar mass** of the gas.

However, since the problem involves **vapor density** (which is mass per unit volume), we can use the **inverse square root of the vapor density** to relate the rates of diffusion.

---

### Given:
- Volume of oxygen = 30 cm³
- Time for oxygen = 7 s
- Volume of chlorine = 60 cm³
- Vapor density of oxygen = 16 g/cm³
- Vapor density of chlorine = 36 g/cm³

---

### Step 1: Use the inverse square root of vapor density

The rate of diffusion is inversely proportional to the **square root of the vapor density**.

$$
\frac{\text{Rate of diffusion of O}_2}{\text{Rate of diffusion of Cl}_2} = \sqrt{\frac{\text{vapor density of Cl}_2}{\text{vapor density of O}_2}}
$$

$$
\frac{\text{Rate of O}_2}{\text{Rate of Cl}_2} = \sqrt{\frac{36}{16}} = \sqrt{2.25} = 1.5
$$

So, the rate of diffusion of **O₂** is 1.5 times that of **Cl₂**.

---

### Step 2: Use the volumes and time

Let $ t $ be the time for chlorine to diffuse.

We know:
- $ V_{\text{O}_2} = 30 \, \text{cm}^3 $
- $ V_{\text{Cl}_2} = 60 \, \text{cm}^3 $
- $ t_{\text{O}_2} = 7 \, \text{s} $
- $ t_{\text{Cl}_2} = ? $

Since the rate of diffusion is proportional to the volume and inversely proportional to the square root of vapor density, we can write:

$$
\frac{V_{\text{O}_2}}{V_{\text{Cl}_2}} = \frac{t_{\text{O}_2}}{t_{\text{Cl}_2}} \cdot \sqrt{\frac{\text{vapor density of O}_2}{\text{vapor density of Cl}_2}}
$$

$$
\frac{30}{60} = \frac{7}{t_{\text{Cl}_2}} \cdot \sqrt{\frac{16}{36}}
$$

$$
\frac{1}{2} = \frac{7}{t_{\text{Cl}_2}} \cdot \frac{4}{6}
$$

$$
\frac{1}{2} = \frac{7}{t_{\text{Cl}_2}} \cdot \frac{2}{3}
$$

$$
\frac{1}{2} = \frac{14}{3 t_{\text{Cl}_2}}
$$

$$
t_{\text{Cl}_2} = \frac{14}{3} \cdot 2 = \frac{28}{3} \approx 9.33 \, \text{s}
$$

Wait! That's not matching the options. Let's go back.

---

### Correct approach:

Use the relation:

$$
\frac{t_{\text{O}_2}}{t_{\text{Cl}_2}} = \sqrt{\frac{\text{vapor density of Cl}_2}{\text{vapor density of O}_2}} \cdot \frac{V_{\text{Cl}_2}}{V_{\text{O}_2}}
$$

$$
\frac{7}{t_{\text{Cl}_2}} = \sqrt{\frac{36}{16}} \cdot \frac{60}{30}
$$

$$
\frac{7}{t_{\text{Cl}_2}} = \sqrt{2.25} \cdot 2 = 1.5 \cdot 2 = 3
$$

$$
t_{\text{Cl}_2} = \frac{7}{3} \approx 2.33 \, \text{s}
$$

Wait! Still not matching. Let's go back and use the **correct formula**.

---

### Correct formula:

$$
\frac{t_{\text{O}_2}}{t_{\text{Cl}_2}} = \sqrt{\frac{\text{vapor density of Cl}_2}{\text{vapor density of O}_2}} \cdot \frac{V_{\text{Cl}_2}}{V_{\text{O}_2}}
$$",No.
A,"The question asks which molecule **does not have an sp³-hybridized atom**.

Let's analyze each option:

---

### (A) **BH₃**  
- Boron has 3 valence electrons.
- In BH₃, boron forms three single bonds with hydrogen.
- The geometry is **trigonal planar**, with **sp² hybridization**.
- **No sp³ hybridized atom**.

---

### (B) **BH₄⁻**  
- Boron forms four single bonds with four hydrogens.
- The geometry is **tetrahedral**, with **sp³ hybridization**.
- **Has sp³-hybridized atoms**.

---

### (C) **NH₃**  
- Nitrogen has 5 valence electrons.
- In NH₃, nitrogen forms three single bonds with hydrogen and one lone pair.
- The geometry is **trigonal pyramidal**, with **sp³ hybridization**.
- **Has sp³-hybridized atoms**.

---

### (D) **NH₄⁺**  
- Nitrogen forms four single bonds with four hydrogens.
- The geometry is **tetrahedral**, with **sp³ hybridization**.
- **Has sp³-hybridized atoms**.

---

### Conclusion:
Only **(A) BH₃** has **no sp³-hybridized atom**.

**Answer: A**",yes
D,"The correct answer is: **D**

**Explanation:**  
The difference in melting points between molecular forms of oxygen (O₂) and sulphur (S₈) is due to the **strength of van der Waals interactions**. 

- **O₂** is a diatomic molecule with weak van der Waals interactions (London dispersion forces).
- **S₈** is a large, non-polar molecule with much stronger van der Waals interactions due to its larger size and higher number of electrons.

Thus, **S₈** has a much higher melting point than O₂ because the stronger van der Waals interactions require more energy to overcome.

**Answer: D**",yes
D,"To determine which bond has the highest polarity, we need to consider the **difference in electronegativity** between the two atoms involved in the bond.

Electronegativity values (approximate):

- **C (Carbon):** 2.55
- **H (Hydrogen):** 2.20
- **O (Oxygen):** 3.44
- **N (Nitrogen):** 3.04

Now, let's calculate the **difference in electronegativity** for each bond:

**(A) C–H**  
Difference = 2.55 – 2.20 = **0.35**

**(B) C–O**  
Difference = 3.44 – 2.55 = **0.89**

**(C) N–H**  
Difference = 3.04 – 2.20 = **0.84**

**(D) O–H**  
Difference = 3.44 – 2.20 = **1.24**

The **largest difference in electronegativity** is in the **O–H** bond, which means it has the **highest polarity**.

### Correct Answer: **D**",yes
C,"To determine how many iron atoms can react with 6 mol of chlorine, we need to know the balanced chemical equation for the reaction between iron and chlorine.

The reaction is:

$$
\text{Fe} + \text{Cl}_2 \rightarrow \text{FeCl}_2
$$

From the equation, **1 mole of Fe reacts with 1 mole of Cl₂ to produce 1 mole of FeCl₂**.

So, **1 mole of Fe reacts with 1 mole of Cl₂**.

---

### Given:
- 6 mol of Cl₂

### Using the mole ratio:
$$
\text{moles of Fe} = 6 \, \text{mol Cl}_2 \times \frac{1 \, \text{mol Fe}}{1 \, \text{mol Cl}_2} = 6 \, \text{mol Fe}
$$

---

### Now, convert moles of Fe to atoms:
$$
\text{Number of atoms} = 6 \, \text{mol Fe} \times 6.022 \times 10^{23} \, \text{atoms/mol} = 3.6132 \times 10^{24}
$$

---

### Correct answer:
$$
\boxed{D} \quad \text{36.12} \times 10^{23}
$$",No.
D,"A

Explanation: Strong non-oxidizing acids, such as hydrochloric acid (HCl), sulfuric acid (H₂SO₄), and nitric acid (HNO₃), are strong acids that completely dissociate in water. They have a pH range of **less than 2**, because they are highly acidic. For example, a 1 M solution of HCl has a pH of about 0. 

Thus, the correct answer is **A**.",No.
B,(B) Chlorine,yes
B,B,yes
A,"To determine which compound is linear, we need to consider the molecular geometry and the number of electron domains around the central atom.

Let's analyze each option:

---

**A) CO₂**  
- Central atom: C  
- Bonding: 2 double bonds to O  
- Electron domains: 2 (bonding)  
- Molecular geometry: Linear  
- **Answer: A**

---

**B) H₂S**  
- Central atom: S  
- Bonding: 2 single bonds to H  
- Electron domains: 4 (2 bonding, 2 lone pairs)  
- Molecular geometry: Bent  
- **Answer: B is not linear**

---

**C) I₃⁻**  
- Central atom: I  
- Bonding: 2 single bonds to I  
- Electron domains: 3 (2 bonding, 1 lone pair)  
- Molecular geometry: Linear  
- **Answer: C is linear**

---

**D) SO₂**  
- Central atom: S  
- Bonding: 2 double bonds to O  
- Electron domains: 3 (2 bonding, 1 lone pair)  
- Molecular geometry: Bent  
- **Answer: D is not linear**

---

**E) XeF₂**  
- Central atom: Xe  
- Bonding: 2 single bonds to F  
- Electron domains: 4 (2 bonding, 2 lone pairs)  
- Molecular geometry: Tetrahedral  
- **Answer: E is not linear**

---

### Final Answer: **C** (I₃⁻) is linear.

$$
\boxed{C}
$$",No.
A,"To determine which molecule lacks a dipole moment, we need to analyze the polarity of each molecule.

### Key Concepts:
- A **dipole moment** occurs when there is an uneven distribution of electron density, leading to a partial positive and partial negative charge.
- A molecule **lacks a dipole moment** if it is **symmetrical** and the individual bond dipoles cancel out.

---

### Analysis of Each Molecule:

**(A) $\ce{CCl4}$**  
- Tetrahedral geometry.  
- All C-Cl bonds are symmetric.  
- The dipoles cancel out.  
- **No dipole moment**.

**(B) $\ce{CH2Cl2}$**  
- Tetrahedral geometry.  
- Two C-H bonds and two C-Cl bonds.  
- The dipoles do not cancel out.  
- **Has a dipole moment**.

**(C) $\ce{CH3Cl}$**  
- Tetrahedral geometry.  
- One C-Cl bond and three C-H bonds.  
- The dipoles do not cancel out.  
- **Has a dipole moment**.

**(D) $\ce{CHCl3}$**  
- Tetrahedral geometry.  
- One C-H bond and three C-Cl bonds.  
- The dipoles do not cancel out.  
- **Has a dipole moment**.

---

### Conclusion:
Only **$\ce{CCl4}$** is symmetrical and the dipoles cancel out, so it **lacks a dipole moment**.

**Answer: A**",yes
C,"The molecule that possesses a **dipole moment not equal to zero** is **(C) \ce{SF4}**.

### Explanation:
- **(A) \ce{C2F4}**: This molecule is symmetrical (linear), and the dipole moments cancel out. So, it has **zero dipole moment**.
- **(B) \ce{CF4}**: This is a tetrahedral molecule with four identical fluorine atoms. The dipole moments cancel out due to symmetry. So, it has **zero dipole moment**.
- **(C) \ce{SF4}**: This is a **tetrahedral** molecule with one lone pair on sulfur. The molecule is **not symmetrical**, and the dipole moments do not cancel out. Hence, it has a **non-zero dipole moment**.
- **(D) \ce{SF6}**: This is a **tetrahedral** molecule with six identical fluorine atoms. The dipole moments cancel out due to symmetry. So, it has **zero dipole moment**.

### Correct Answer: **C**",yes
D,(D) They remove electrons from other substances,yes
C,"The correct answer is: **A**

**Explanation:**

In $\ce{PH3}$, the central phosphorus atom has four sp³ hybrid orbitals, and each is occupied by a bond to a hydrogen atom. The lone pair on phosphorus causes significant **steric repulsion** with the bonding pairs, leading to a **decreased bond angle** (approximately 93°).

In $\ce{[PH4]+}$, the central phosphorus atom also has four sp³ hybrid orbitals, but the molecule is **neutral** (no additional negative charge), and the molecule is **tetrahedral** in shape. The **lone pair is missing**, so there is no steric repulsion from a lone pair, allowing the bond angles to be **higher** (approximately 100°).

Thus, the **steric hindrance** in $\ce{PH3}$ is the reason for the **lower bond angle** in $\ce{PH3}$, while in $\ce{[PH4]+}$, there is **no steric hindrance** from a lone pair, leading to a **higher bond angle**.

**Correct answer: A**",no
B,"To determine the **oxidant** and the **sum of the stoichiometric coefficients**, we need to analyze the redox reactions in the given equation:

$$
\ce{Cr2O3 + NaNO3 + KOH -> K2CrO4 + NaNO2 + H2O}
$$

---

### Step 1: Identify the oxidation states of each element

Let's assign oxidation states to each element in the reactants and products.

#### **Reactants:**
- **Cr in Cr₂O₃**: Cr has a +3 oxidation state (since O is -2, and the total charge is 0).
- **N in NaNO₃**: N has +5 (since O is -2, and the total charge is 0).
- **K in KOH**: K is +1.
- **O in KOH**: O is -2.

#### **Products:**
- **Cr in K₂CrO₄**: Cr has +6 (since O is -2, and the total charge is 0).
- **N in NaNO₂**: N has +3 (since O is -2, and the total charge is 0).
- **K in K₂CrO₄**: K is +1.
- **O in H₂O**: O is -2.

---

### Step 2: Determine which species is the **oxidant** (reducing agent) and which is the **reductant** (oxidizing agent)

- **Cr in Cr₂O₃** goes from +3 to +6 → **oxidation** (reducing agent)
- **N in NaNO₃** goes from +5 to +3 → **reduction** (oxidizing agent)

So:
- **Oxidant** = **N in NaNO₃**
- **Reducing agent** = **Cr in Cr₂O₃**

---

### Step 3: Sum of stoichiometric coefficients

Let's balance the equation to find the coefficients.

#### Balanced equation:

$$
\ce{Cr2O3 + 2NaNO3 + 2KOH -> K2CrO4 + 2NaNO2 + 2H2O}
$$

Sum of stoichiometric coefficients:

$$
1 + 2 + 2 = 5 \text{ for Na}
$$
$$
1 + 2 + 2 = 5 \text{ for K}
$$
$$
1 + 2 = 3 \text{ for Cr}
$$
$$
3 \text{ for O (from Cr₂O₃ and NaNO₃)}
$$

**Total sum of coefficients**: 1 + 2 + 2 + 2 + 2 + 2 = **11**

Wait — let's recheck the full balanced equation.

Let me balance the reaction properly:

$$
\ce{Cr2O3 + 2NaNO3 + 2KOH -> K2CrO4 + 2NaNO2 + 2H2O}
$$

Sum of coefficients:
- Cr: 2 (from Cr₂O₃) + 2 (from K₂CrO₄) = 4
- Na: 2 (from NaNO₃) + 2 (from KOH) = 4
- K: 2 (from KOH) + 2 (from K₂CrO₄) = 4
- O: 3 (from Cr₂O₃) + 6 (from NaNO₃) + 2 (from KOH) = 11
- H: 4 (from 2H₂O) = 4
- N: 2 (from NaNO₃) + 2 (from NaNO₂) = 4

So the **sum of the coefficients** is:

$$
\boxed{11}
$$

---

### Final Answer:

- **Oxidant** = **N in NaNO₃** → **+5**
- **Sum of coefficients** = **11**

Correct choice: **(B) 15, N⁺5** ❌ (Wait — this is not correct. Let's double-check the oxidation states again.)

---

### Final Correct Answer:

- **Oxidant** = **N in NaNO₃** → **+5**
- **Sum of coefficients** = **11**

Correct choice: **(B) 15, N⁺5** ❌ (This is incorrect)

Correct answer is:

$$
\boxed{B} \text{ (15, N⁺5)} \text{ ❌}
$$

Actually, the correct answer is:

$$
\boxed{\text{B}} \text{ (15, N⁺5)}
$$

But the **correct answer is**:

$$
\boxed{\text","**No.**

The response contains **multiple errors**, including:

1. **Incorrect sum of stoichiometric coefficients**:
   - The balanced equation is:
     $$
     \ce{Cr2O3 + 2NaNO3 + 2KOH -> K2CrO4 + 2NaNO2 + 2H2O}
     $$
   - Sum of coefficients: **1 + 2 + 2 + 1 + 2 + 2 = 10**
   - The response claims the sum is **11**, which is **incorrect**.

2. **Incorrect answer choice**:
   - The correct sum is **not 15**, and the correct oxidation state of the **oxidant (N in NaNO₃)** is **+5**, not **+3** or **+1**.
   - The **correct answer is (B)**, but the **sum of coefficients is not 15**.

3. **Final answer is not clearly boxed**.

**Conclusion**: The **response is not correct**.

**Answer: no**."
B,"To determine which potassium salt has a chlorine content of 28.9% by mass, we need to calculate the percentage of chlorine in each option and compare it to 28.9%.

### Step 1: Calculate molar mass of each compound

**(A) KClO₂ (Potassium chlorite)**  
- K: 39.10 g/mol  
- Cl: 35.45 g/mol  
- O: 16.00 × 2 = 32.00 g/mol  
- Total molar mass = 39.10 + 35.45 + 32.00 = **106.55 g/mol**

**(B) KClO₃ (Potassium chlorate)**  
- K: 39.10 g/mol  
- Cl: 35.45 g/mol  
- O: 16.00 × 3 = 48.00 g/mol  
- Total molar mass = 39.10 + 35.45 + 48.00 = **122.55 g/mol**

**(C) KClO (Potassium hypochlorite)**  
- K: 39.10 g/mol  
- Cl: 35.45 g/mol  
- O: 16.00 × 1 = 16.00 g/mol  
- Total molar mass = 39.10 + 35.45 + 16.00 = **89.55 g/mol**

**(D) KCl (Potassium chloride)**  
- K: 39.10 g/mol  
- Cl: 35.45 g/mol  
- Total molar mass = 39.10 + 35.45 = **74.55 g/mol**

### Step 2: Calculate percentage of Cl in each compound

**(A) KClO₂**  
- Cl mass = 35.45 g/mol  
- % Cl = (35.45 / 106.55) × 100 ≈ **33.2%**

**(B) KClO₃**  
- Cl mass = 35.45 g/mol  
- % Cl = (35.45 / 122.55) × 100 ≈ **28.8%**

**(C) KClO**  
- Cl mass = 35.45 g/mol  
- % Cl = (35.45 / 89.55) × 100 ≈ **39.6%**

**(D) KCl**  
- Cl mass = 35.45 g/mol  
- % Cl = (35.45 / 74.55) × 100 ≈ **47.5%**

### Step 3: Match to the given percentage (28.9%)

The closest value is **B) KClO₃** with 28.8%.

### ✅ Final Answer: **B**",yes
A,"The correct answer is: **(A) NH₄Cl**

### Explanation:
An **acidic salt** is a salt formed by the reaction of a **strong acid** and a **weak base**, and it **dissociates in water to produce H⁺ ions**, making the solution acidic.

Let's analyze each option:

- **(A) NH₄Cl**: This is formed by the reaction of **HCl (a strong acid)** and **NH₃ (a weak base)**. It dissociates in water to give **NH₄⁺** and **Cl⁻**, and the **NH₄⁺** ion is acidic. So, this is an **acidic salt**.

- **(B) Na₂CO₃**: This is formed by the reaction of **NaOH (a strong base)** and **H₂CO₃ (a weak acid)**. It is a **basic salt**.

- **(C) NaH₂PO₄**: This is formed by the reaction of **H₃PO₄ (a strong acid)** and **NaOH (a strong base)**. It is a **basic salt** (since it has a **H₂PO₄⁻** ion, which is **amphoteric**, but it's more basic than a neutral salt).

- **(D) Zn(OH)Cl**: This is formed by the reaction of **Zn(OH)₂ (a weak base)** and **HCl (a strong acid)**. It is a **basic salt**.

### Conclusion:
Only **(A) NH₄Cl** is an **acidic salt**.

**Answer: A**",yes
A,"The correct answer is **(A)**.

When $\ce{PCl5}$ is heated, it decomposes into $\ce{PCl3}$ and $\ce{Cl2}$, which is a well-known thermodynamic decomposition reaction. This is a classic example of the thermal decomposition of phosphorus pentachloride.

**Explanation of the options:**

- **(A) It decomposes to form $\ce{PCl3}$ and $\ce{Cl2}$** → **Correct** (this is the most likely outcome).
- **(B) It polymerizes to form $\ce{(PCl5)_n}$** → **Incorrect** (PCl₅ does not polymerize under normal conditions).
- **(C) It reacts with atmospheric moisture to form $\ce{POCl3}$** → **Incorrect** (PCl₅ does not react with moisture to form POCl₃).
- **(D) It sublimes without decomposition** → **Incorrect** (PCl₅ sublimes but does not decompose upon heating).

### Final Answer: **A**",yes
A,(A),yes
D,"To find the sum of the stoichiometric coefficients on the left side of the redox reaction:

$$
\ce{Cd(NCS)2 + KNO3 -> K2CO3 + CO + SO2 + N2 + CdO}
$$

We need to count the coefficients of each reactant on the left side.

- $\ce{Cd(NCS)2}$: coefficient = 1
- $\ce{KNO3}$: coefficient = 1

Sum = $1 + 1 = 2$

But wait — this is not the full reaction. The question is about the **sum of the stoichiometric coefficients on the left side**, and the reaction as written is **not balanced**.

Let’s recheck the reaction and ensure all reactants are accounted for.

The reaction is:

$$
\ce{Cd(NCS)2 + KNO3 -> K2CO3 + CO + SO2 + N2 + CdO}
$$

Counting the coefficients on the **left** side:

- $\ce{Cd(NCS)2}$: 1
- $\ce{KNO3}$: 1

Total = $1 + 1 = 2$

However, this is **not the full reaction**. The reaction is **not balanced**, and the question is likely referring to a **balanced** reaction.

Let’s assume the reaction is balanced and we are to count the coefficients **on the left side** of the balanced equation.

If the balanced equation is:

$$
\ce{Cd(NCS)2 + 2 KNO3 -> K2CO3 + CO + SO2 + N2 + CdO}
$$

Then the coefficients on the left are:

- $\ce{Cd(NCS)2}$: 1
- $\ce{KNO3}$: 2

Total = $1 + 2 = 3$

But this is still not matching any of the choices.

Let’s recheck the original reaction and count all reactants on the **left** side again, assuming the reaction is balanced.

Let’s consider the **balanced** equation:

$$
\ce{Cd(NCS)2 + 2 KNO3 -> K2CO3 + CO + SO2 + N2 + CdO}
$$

Left side coefficients:

- $\ce{Cd(NCS)2}$: 1
- $\ce{KNO3}$: 2

Sum = $1 + 2 = 3$

Still not matching.

Let’s go back to the original equation and count the coefficients on the **left** side again, assuming the reaction is as written.

$$
\ce{Cd(NCS)2 + KNO3 -> K2CO3 + CO + SO2 + N2 + CdO}
$$

Left side coefficients:

- $\ce{Cd(NCS)2}$: 1
- $\ce{KNO3}$: 1

Sum = $1 + 1 = 2$

But this is not the correct answer.

Let’s go back to the original question and consider that the reaction is **not balanced** and the question is asking for the **sum of the coefficients on the left side** of the **unbalanced** reaction.

So the correct answer is:

$$
\boxed{2}
$$

But this is **not** one of the options.

Let’s now **re-check the reaction** and **assume the balanced reaction is**:

$$
\ce{Cd(NCS)2 + 2 KNO3 -> K2CO3 + CO + SO2 + N2 + CdO}
$$

Now, the coefficients on the left are:

- $\ce{Cd(NCS)2}$: 1
- $\ce{KNO3}$: 2

Sum = $1 + 2 = 3$

Still not matching.

Let’s go back and **count the coefficients on the left side of the unbalanced reaction**:

$$
\ce{Cd(NCS)2 + KNO3 -> K2CO3 + CO + SO2 + N2 + CdO}
$$

Coefficients on the left:

- $\ce{Cd(NCS)2}$: 1
- $\ce{KNO3}$: 1

Sum = $1 + 1 = 2$

This is the only valid answer.

---

### ✅ Final Answer: $\boxed{A}$","no

The response is incorrect. The correct answer is **(D) 23**, as stated in the standard answer. The response incorrectly concludes that the sum of the stoichiometric coefficients on the left side is **2**, but this is only true for the unbalanced equation. The question likely refers to a **balanced** redox reaction, and the correct sum of the coefficients on the left side of the **balanced** equation is **23**, which matches option (D). Therefore, the response is **not correct**."
10,"The ammonium ion, $\ce{NH4^{+}}$, has a total electron count of **8**.

The correct answer is: **A**.",no
4,"To determine the oxidation state of carbon in $\ce{CS2}$:

1. The molecule $\ce{CS2}$ consists of one carbon atom and two sulfur atoms.
2. Sulfur typically has an oxidation state of **-2** in most compounds, especially in $\ce{CS2}$.
3. Let the oxidation state of carbon be $x$.
4. The sum of oxidation states in a neutral molecule must be zero:
   $$
   x + 2(-2) = 0
   $$
   $$
   x - 4 = 0
   $$
   $$
   x = +4
   $$

**Answer:** $\boxed{+4}$",yes
D,"The acidity of a carboxylic acid is determined by the stability of its conjugate base. The more stable the conjugate base, the more acidic the carboxylic acid.

In general, the acidity of a carboxylic acid decreases as the electronegative substituent on the carbon atom (the α-carbon) becomes more electronegative. This is because the electron-withdrawing effect of the substituent stabilizes the conjugate base more effectively.

The substituents in the given compounds are:

- **Br** (bromine)
- **Cl** (chlorine)
- **F** (fluorine)
- **I** (iodine)

Among these, **iodine** is the most electronegative, but **fluorine** is the most electronegative of all. However, **iodine** is the least electronegative among these, and **fluorine** is the most electronegative.

But the key point is that **the more electronegative the substituent**, the **more acidic** the carboxylic acid. So:

- **F** (most electronegative) → most acidic
- **Cl** → less acidic
- **Br** → less acidic
- **I** (least electronegative) → least acidic

So the **least acidic** compound is the one with the **least electronegative substituent**, which is **I**.

Thus, the correct answer is:

**D**",yes
B,(B) Carbon dioxide,yes
D,"The correct order of Pauling electronegativity for the metals molybdenum (Mo), technetium (Tc), ruthenium (Ru), and palladium (Pd) is:

**Mo < Tc < Ru < Pd**

This is because:

- **Molybdenum (Mo)** has a Pauling electronegativity of approximately **2.25**.
- **Technetium (Tc)** has a Pauling electronegativity of approximately **2.15**.
- **Ruthenium (Ru)** has a Pauling electronegativity of approximately **2.10**.
- **Palladium (Pd)** has a Pauling electronegativity of approximately **2.20**.

So the correct order is:

**Mo < Tc < Ru < Pd**

The correct answer is: **A**.",No.
17,"To find the total electron count of $\ce{O2^{1-}}$, we start by considering the electron configuration of a neutral oxygen molecule, $\ce{O2}$, and then account for the charge.

- Each oxygen atom has 8 electrons.
- In $\ce{O2}$, there are 2 oxygen atoms: $2 \times 8 = 16$ electrons.
- Since $\ce{O2^{1-}}$ is negatively charged, it has one extra electron.

So, the total electron count is:

$$
16 + 1 = 17
$$

**Answer: 17** ✅

The correct letter is: **D**",yes
C,"To find the molar concentration of a NaOH solution, we follow these steps:

---

### **Given:**
- **Mass fraction (w)** = 16% = 0.16
- **Density (ρ)** = 1.18 g/cm³
- **Molar mass of NaOH** = 22.99 (Na) + 16.00 (O) + 1.00 (H) = **40.00 g/mol**

---

### **Step 1: Find the mass of 1 L of solution**

$$
\text{Volume} = 1 \, \text{L} = 1000 \, \text{cm}^3
$$
$$
\text{Mass of solution} = \rho \times \text{Volume} = 1.18 \, \text{g/cm}^3 \times 1000 \, \text{cm}^3 = 1180 \, \text{g}
$$

---

### **Step 2: Find the mass of NaOH in 1 L of solution**

$$
\text{Mass of NaOH} = \text{Mass of solution} \times \text{Mass fraction} = 1180 \, \text{g} \times 0.16 = 188.8 \, \text{g}
$$

---

### **Step 3: Convert mass of NaOH to moles**

$$
\text{Moles of NaOH} = \frac{\text{Mass of NaOH}}{\text{Molar mass}} = \frac{188.8 \, \text{g}}{40.00 \, \text{g/mol}} = 4.72 \, \text{mol}
$$

---

### **Step 4: Molar concentration (mol/L)**

$$
\text{Molar concentration} = \frac{\text{Moles of NaOH}}{\text{Volume in L}} = \frac{4.72 \, \text{mol}}{1 \, \text{L}} = 4.72 \, \text{M}
$$

---

### **Answer:**
$$
\boxed{C}
$$",yes
A,"The electronegativity of elements increases from left to right across a period in the periodic table. In the second period, moving from left to right, the electronegativity increases. Therefore, moving **from right to left** in the second period, the electronegativity **decreases**.

The correct answer is:  
**(A) decreases from right to left**

Answer: **A**",yes
5,"To determine the oxidation state of nitrogen (N) in $\ce{Cu(NO3)2}$:

1. **Identify the charges of the ions:**
   - Copper (Cu) is in the +2 oxidation state in this compound.
   - Each nitrate ion $\ce{NO3^-}$ has a charge of -1.

2. **Calculate the total charge:**
   - There are 2 nitrate ions, so total charge from nitrate ions is $2 \times (-1) = -2$.
   - The overall charge of the compound is 0 (neutral).

3. **Set up the equation:**
   $$
   \text{Charge of Cu} + \text{Charge of nitrate ions} = 0
   $$
   $$
   +2 + 2(-1) = 0
   $$
   $$
   +2 - 2 = 0
   $$
   This checks out.

4. **Determine the oxidation state of N:**
   - Each nitrate ion has 3 oxygen atoms, and oxygen typically has an oxidation state of -2.
   - Let the oxidation state of N be $x$.
   - The charge of the nitrate ion is:
     $$
     x + 3(-2) = -1
     $$
     $$
     x - 6 = -1
     $$
     $$
     x = +5
     $$

**Answer:** $\boxed{+5}$",yes
42,"To determine the total electron count of $\ce{Cl2O}$, we need to calculate the total number of electrons in the molecule.

### Step 1: Determine the number of electrons in each atom
- **Chlorine (Cl):** Each Cl atom has 17 electrons.
- **Oxygen (O):** Each O atom has 8 electrons.

### Step 2: Calculate the total electrons in $\ce{Cl2O}$
- There are 2 Cl atoms: $2 \times 17 = 34$ electrons
- There is 1 O atom: $1 \times 8 = 8$ electrons

### Step 3: Add them together
$$
34 + 8 = 42
$$

### Final Answer:
$$
\boxed{42}
$$",yes
B,"To determine which compound is **planar**, we need to consider the geometry of each molecule:

---

### (A) **BF₄⁻**  
- **Structure**: Tetrahedral  
- **Planarity**: **No** – Tetrahedral geometry is not planar.

---

### (B) **BrF₄⁻**  
- **Structure**: Tetrahedral  
- **Planarity**: **No** – Tetrahedral geometry is not planar.

---

### (C) **ClF₃**  
- **Structure**: Trigonal bipyramidal (with 3 bonding pairs and 2 lone pairs)  
- **Planarity**: **No** – Trigonal bipyramidal is not planar.

---

### (D) **H₂O**  
- **Structure**: Bent (with 2 bonding pairs and 2 lone pairs)  
- **Planarity**: **No** – Bent geometry is not planar.

---

### (E) **Ni(CO)₄**  
- **Structure**: Octahedral  
- **Planarity**: **Yes** – Octahedral geometry can be planar (e.g., square planar)  
- **Note**: Ni(CO)₄ is **square planar** (common in transition metal complexes like Ni(0) and Ni(II)).

---

### (F) **SiCl₄**  
- **Structure**: Tetrahedral  
- **Planarity**: **No** – Tetrahedral geometry is not planar.

---

### ✅ **Correct Answer**: **(E)**  
**E** is the only compound that is **planar**.

---

**Answer: E**",No.
D,"(D) Reducing agents

Sulfites (SO₃²⁻) are **reducing agents** because they can donate electrons and undergo oxidation in chemical reactions.",yes
10,"To determine the value of $ x $ in the balanced chemical equation:

$$
\ce{CaSiO3 + 2HCl + xH2O -> SiO2.11H2O + CaCl2}
$$

We need to balance the equation by ensuring the number of atoms of each element is the same on both sides.

### Step 1: Count atoms on each side

**Reactants:**
- Ca: 1
- Si: 1
- O: 3 (from CaSiO₃) + 2×1 (from H₂O) = 5
- H: 2×1 (from HCl) = 2
- Cl: 2 (from HCl)

**Products:**
- Si: 1 (from SiO₂.11H₂O)
- O: 2×1 (from SiO₂.11H₂O) + 2×1 (from H₂O) = 4
- H: 2×11 (from H₂O) = 22
- Cl: 2 (from CaCl₂)
- Ca: 1 (from CaCl₂)

### Step 2: Balance the equation

We need to balance the oxygen and hydrogen atoms.

#### Balance O:
- On the left: 3 (from CaSiO₃) + 2×1 (from H₂O) = 5
- On the right: 2×1 (from SiO₂.11H₂O) + 2×1 (from H₂O) = 4
- So, we need 1 more O atom on the right, which means we need 1 more H₂O on the left.

#### Balance H:
- On the left: 2 (from HCl) + 2×1 (from H₂O) = 4
- On the right: 22 (from H₂O)
- So, we need 22/2 = 11 H₂O on the right, which means we need 11 H₂O on the left.

#### Now check the equation:

$$
\ce{CaSiO3 + 2HCl + 11H2O -> SiO2.11H2O + CaCl2}
$$

Now check all atoms:

- **Ca**: 1 on both sides
- **Si**: 1 on both sides
- **O**: 3 (from CaSiO₃) + 11×1 (from H₂O) = 14 on the left; 2×1 (from SiO₂.11H₂O) + 11×1 (from H₂O) = 14 on the right
- **H**: 2×1 (from HCl) + 11×2 (from H₂O) = 24 on the left; 11×2 (from H₂O) = 22 on the right → Not balanced yet.
- **Cl**: 2 on both sides

So, the correct value of $ x $ is **11**.

### Final Answer:
**D**",no
1,"To determine the value of $ x $ in the reaction:

$$
\ce{CaC2 + 2H2O -> Ca(OH)2 + xC2H2}
$$

we need to balance the equation.

### Step 1: Count atoms on each side

**Left side:**
- Calcium (Ca): 1
- Carbon (C): 2
- Hydrogen (H): 4 (from 2 H₂O)
- Oxygen (O): 2 (from 2 H₂O)

**Right side:**
- Calcium (Ca): 1 (from Ca(OH)₂)
- Carbon (C): 2 (from C₂H₂)
- Hydrogen (H): 4 (from C₂H₂)
- Oxygen (O): 2 (from Ca(OH)₂)

### Step 2: Balance the equation

The equation is already balanced in terms of atoms except for the **carbon** and **hydrogen** in the product.

- On the left: 2 C, 4 H
- On the right: 2 C, 4 H

So, the equation is balanced as it stands.

### Step 3: Identify $ x $

The product is $ \ce{xC2H2} $, so the coefficient of $ \ce{C2H2} $ is $ x $.

Since the equation is balanced, $ x = 1 $.

### Final Answer:
**A**",yes
C,"The correct answer is **(C) F**.

**Reasoning:**  
Electronegativity increases across a period (from left to right) and decreases down a group (from top to bottom) in the periodic table. Fluorine (F) is the most electronegative element in the periodic table, ranked at the top of the halogen group. 

- **B (Boron)**: Low electronegativity (around 2.04)
- **C (Carbon)**: Low electronegativity (around 2.55)
- **F (Fluorine)**: Highest electronegativity (around 3.98)
- **S (Sulfur)**: Moderate electronegativity (around 2.58)

Thus, the element with the highest electonegativity is **F**.

**Answer:** **(C)**",yes
70,"The total electron count of $\ce{SF6}$ is 48.

Answer: **48**",No.
B,"To solve this problem, we need to determine how much of the compound $\ce{K2SO4.Cr2(SO4)3.24H2O}$ should be added to a 500 g solution with a 6% mass concentration of $\ce{K2SO4}$ to double the mass concentration of $\ce{K2SO4}$.

---

### Step 1: Determine the current mass of $\ce{K2SO4}$ in the solution

The solution has a mass of 500 g and a 6% mass concentration of $\ce{K2SO4}$:

$$
\text{Mass of } \ce{K2SO4} = 500 \, \text{g} \times 0.06 = 30 \, \text{g}
$$

---

### Step 2: Determine the desired mass of $\ce{K2SO4}$ after adding the compound

We want to **double** the mass concentration of $\ce{K2SO4}$. So the new concentration should be:

$$
\text{New concentration} = 12\%
$$

Let $x$ be the mass of the compound $\ce{K2SO4.Cr2(SO4)3.24H2O}$ that is added.

The total mass of the solution becomes:

$$
500 + x \, \text{g}
$$

The total mass of $\ce{K2SO4}$ becomes:

$$
30 + \text{mass of } \ce{K2SO4} \text{ in the compound}
$$

We need to find the mass of $\ce{K2SO4}$ in the compound.

---

### Step 3: Find the mass of $\ce{K2SO4}$ in the compound

The formula of the compound is:

$$
\ce{K2SO4.Cr2(SO4)3.24H2O}
$$

Let’s find the molar mass of the compound:

- $\ce{K2SO4}$: 2(39.1) + 32.1 + 4(16.0) = 174.24 g/mol
- $\ce{Cr2(SO4)3}$: 2(52.0) + 3(96.0) = 336.0 g/mol
- $\ce{24H2O}$: 24(18.0) = 432.0 g/mol

Total molar mass:

$$
174.24 + 336.0 + 432.0 = 942.24 \, \text{g/mol}
$$

Now, find the mass of $\ce{K2SO4}$ in the compound:

$$
\text{Mass of } \ce{K2SO4} \text{ in the compound} = \frac{174.24}{942.24} \times 100\% \approx 18.44\%
$$

So, the mass of $\ce{K2SO4}$ in 1 mole of the compound is:

$$
\text{Mass of } \ce{K2SO4} = 18.44\% \times 942.24 \, \text{g/mol} \approx 174.24 \, \text{g/mol}
$$

---

### Step 4: Set up the equation for the new concentration

We want the new concentration to be 12%, so:

$$
\frac{30 + 174.24 \cdot \frac{x}{942.24}}{500 + x} = 0.12
$$

Solve for $x$:

$$
30 + \frac{174.24x}{942.24} = 0.12(500 + x)
$$

$$
30 + \frac{174.24x}{942.24} = 60 + 0.12x
$$

$$
\frac{174.24x}{942.24} = 30 + 0.12x
$$

Multiply both sides by 942.24:

$$
174.24x = 30 \times 942.24 + 0.12 \times 942.24x
$$

$$
174.24x = 28267.2 + 113.07x
$$

$$",no
1,"To determine the value of $ x $ in the reaction:

$$
\ce{CaC2 + 2H2O -> xCa(OH)2 + C2H2}
$$

we need to balance the equation.

### Step 1: Balance the equation

Let's balance the equation step by step.

#### Left side:
- $\ce{CaC2}$: 1 Ca, 2 C, 2 O
- $\ce{H2O}$: 2 H, 1 O

#### Right side:
- $\ce{Ca(OH)2}$: 1 Ca, 2 O, 2 H
- $\ce{C2H2}$: 2 C, 2 H

### Step 2: Balance the calcium (Ca)

- On the left: 1 Ca
- On the right: 1 Ca (from $\ce{Ca(OH)2}$)

So, calcium is already balanced.

### Step 3: Balance the oxygen (O)

- On the left: 2 O (from $\ce{CaC2}$) + 2 O (from $\ce{H2O}$) = 4 O
- On the right: 2 O (from $\ce{Ca(OH)2}$) + 0 O (from $\ce{C2H2}$) = 2 O

So, we need 2 more O atoms on the right.

To balance oxygen, we can add another $\ce{H2O}$ on the left:

$$
\ce{CaC2 + 2H2O -> xCa(OH)2 + C2H2}
$$

Now, oxygen is balanced:

- Left: 2 O (from $\ce{CaC2}$) + 2 O (from $\ce{H2O}$) = 4 O
- Right: 2 O (from $\ce{Ca(OH)2}$) + 0 O = 2 O

So, we need 2 more O atoms on the right. That means we need to add another $\ce{H2O}$ on the left:

$$
\ce{CaC2 + 3H2O -> xCa(OH)2 + C2H2}
$$

Now oxygen is balanced:

- Left: 2 O (from $\ce{CaC2}$) + 3 O (from $\ce{H2O}$) = 5 O
- Right: 2 O (from $\ce{Ca(OH)2}$) + 0 O = 2 O

So, we need 3 more O atoms on the right. That means we need to add another $\ce{H2O}$ on the left:

$$
\ce{CaC2 + 4H2O -> xCa(OH)2 + C2H2}
$$

Now oxygen is balanced:

- Left: 2 O (from $\ce{CaC2}$) + 4 O (from $\ce{H2O}$) = 6 O
- Right: 2 O (from $\ce{Ca(OH)2}$) + 0 O = 2 O

We still need 4 more O atoms on the right. That means we need to add 2 more $\ce{H2O}$ on the left:

$$
\ce{CaC2 + 6H2O -> xCa(OH)2 + C2H2}
$$

Now oxygen is balanced:

- Left: 2 O (from $\ce{CaC2}$) + 6 O (from $\ce{H2O}$) = 8 O
- Right: 2 O (from $\ce{Ca(OH)2}$) + 0 O = 2 O

We still need 6 more O atoms on the right. That means we need to add 3 more $\ce{H2O}$ on the left:

$$
\ce{CaC2 + 8H2O -> xCa(OH)2 + C2H2}
$$

Now oxygen is balanced:

- Left: 2 O (from $\ce{CaC2}$) + 8 O (from $\ce{H2O}$) = 10 O
- Right: 2 O (from $\ce{Ca(OH)2}$) + 0 O = 2 O

We still need 8 more O atoms on the right. That means we need to add 4 more $\ce{H2O}$ on the left:

$$
\ce{CaC2 + 10H2O -> xCa(OH)2 + C2H2}
$$

Now oxygen is balanced:

- Left: 2 O (from $\ce{CaC2}$) + 10 O (from $\ce{H2O",No.
C,"To determine which atom has the fewest valence electrons, we need to identify the number of valence electrons for each element.

Valence electrons are the electrons in the outermost shell of an atom, and for main-group elements, they are determined by their group number in the periodic table:

- **Group 1 (alkali metals):** 1 valence electron
- **Group 2 (alkaline earth metals):** 2 valence electrons
- **Groups 13–18 (pnictogens, chalcogens, etc.):** 3–8 valence electrons (depending on the group)

Now let's analyze each option:

- **(A) Aluminum (Al):** Group 13 → 3 valence electrons
- **(B) Bromine (Br):** Group 17 (halogen) → 7 valence electrons
- **(C) Calcium (Ca):** Group 2 → 2 valence electrons
- **(D) Carbon (C):** Group 14 → 4 valence electrons
- **(E) Sulfur (S):** Group 16 (chalcogen) → 6 valence electrons

The atom with the fewest valence electrons is **Aluminum (Al)** with **3 valence electrons**.

**Answer:** (A)",No.
7,"To determine the value of $ x $ in the electronic configuration of Iridium:

$$
\ce{[Xe] 4f^{14} 5d^{x} 6s^{2}}
$$

we need to recall the electron configuration of Iridium (Ir).

Iridium has the atomic number 77. The electron configuration of Iridium is:

$$
\ce{[Xe] 4f^{14} 5d^{7} 6s^{2}}
$$

Thus, the value of $ x $ is:

$$
\boxed{7}
$$

So, the answer is: **D** (if the options are labeled A, B, C, D). If numerical value is expected, it is **7**.",yes
B,"The carbonate anion is $\ce{CO3^{2-}}$.

- Carbon (C) has an atomic number of 6, so it has 6 protons.
- Oxygen (O) has an atomic number of 8, so each oxygen has 8 protons.

For the anion $\ce{CO3^{2-}}$:
- There is 1 carbon atom.
- There are 3 oxygen atoms.

Total protons = $6 + 3 \times 8 = 6 + 24 = 30$.

The anion has a charge of -2, meaning it has 2 more electrons than protons.

Total electrons = $30 + 2 = 32$.

Thus, the correct answer is:

**B) 30 protons, 32 electrons**",yes
23,"The total electron count of $\ce{Fe^{3+}}$ is **26**.

The neutral iron atom has 26 electrons. When it loses 3 electrons to form $\ce{Fe^{3+}}$, it has 23 electrons left.

So, the correct answer is:  
$\boxed{26}$",No.
1,"To determine the value of $ x $ in the disproportionation reaction:

$$
\ce{3IF -> xI2 + IF3}
$$

we need to analyze the oxidation states of iodine in each compound.

- In **IF**, iodine has an oxidation state of **-1** (since fluorine is -1).
- In **I₂**, iodine has an oxidation state of **0**.
- In **IF₃**, iodine has an oxidation state of **+3** (since fluorine is -1, and the total charge is 0: $ x + 3(-1) = 0 \Rightarrow x = +3 $).

Now, consider the reaction:

$$
\ce{3IF -> xI2 + IF3}
$$

In the reactant side, iodine is in the +1 oxidation state (in IF) and in the 0 oxidation state (in I₂). In the product side, iodine is in the 0 oxidation state (in I₂) and in the +3 oxidation state (in IF₃).

This is a **disproportionation** reaction, where iodine is both oxidized and reduced.

Let’s balance the reaction using oxidation states:

- Iodine in IF is **-1** → becomes **+3** (oxidation)
- Iodine in IF is **-1** → becomes **0** (reduction)

To balance the reaction, we need to find the number of I atoms that are oxidized and reduced.

In the reaction:
- 3 I atoms are involved.
- 2 I atoms are in I₂ (0 oxidation state).
- 1 I atom is in IF₃ (+3 oxidation state).

Let’s balance the oxidation and reduction:

- 1 I atom is oxidized from -1 to +3 (1 electron lost)
- 2 I atoms are reduced from 0 to +3 (2 electrons gained)

To balance the electrons:

- 1 I atom oxidized → 1 electron lost
- 2 I atoms reduced → 2 electrons gained

So, we need to multiply the oxidation half-reaction by 2 and the reduction half-reaction by 1:

- 2 I⁻ → 2I⁺ + 2e⁻ (oxidation)
- 2 I → 2I³⁻ + 6e⁻ (reduction)

Now combine:

$$
\ce{2I^- -> 2I^3- + 2e^-}
$$
$$
\ce{2I -> 2I^3- + 6e^-}
$$

Add them:

$$
\ce{2I + 2I -> 2I^3- + 2e^- + 2I^3- + 6e^-}
$$
$$
\ce{4I -> 4I^3- + 8e^-}
$$

Now, the full reaction is:

$$
\ce{3IF -> xI2 + IF3}
$$

From the balanced half-reactions, we can see that **2 I atoms** are oxidized and **2 I atoms** are reduced, so the total number of I atoms is 4. Since 3 I atoms are in the reactant, and 4 I atoms are in the product, the stoichiometry must be adjusted.

Let’s find the value of $ x $:

From the reaction:
- 3 I atoms are in the reactant
- 4 I atoms are in the product

So, the reaction is:

$$
\ce{3IF -> xI2 + IF3}
$$

The total number of I atoms on the left is 3, and on the right is $ 2x + 1 $.

So:

$$
3 = 2x + 1 \Rightarrow 2x = 2 \Rightarrow x = 1
$$

### Final Answer: **A**",yes
D,(D) separating funnel method,yes
D,D,yes
A,"The question asks which of the given compounds are **predominantly ionic**.

Let's analyze each compound:

**(A) $\ce{AlCl3}$**  
- Aluminum (Al) is a metal, and chlorine (Cl) is a nonmetal.  
- $\ce{AlCl3}$ is a **covalent compound** formed by the sharing of electrons, but it is **polar** and **ionic** in nature due to the large difference in electronegativity.  
- **Predominantly ionic**.

**(B) $\ce{BF3}$**  
- Boron (B) is a nonmetal, and fluorine (F) is a nonmetal.  
- $\ce{BF3}$ is a **covalent** compound, and it is **not ionic**.  
- **Not predominantly ionic**.

**(C) $\ce{CH4}$**  
- Carbon (C) and hydrogen (H) are both nonmetals.  
- $\ce{CH4}$ is a **covalent** compound, and it is **not ionic**.  
- **Not predominantly ionic**.

**(D) $\ce{NaHg}$**  
- Sodium (Na) is a metal, and mercury (Hg) is a metal.  
- $\ce{NaHg}$ is a **metallic** compound, and it is **not ionic** in the traditional sense.  
- **Not predominantly ionic**.

**(E) $\ce{S8}$**  
- Sulfur (S) is a nonmetal.  
- $\ce{S8}$ is a **covalent** molecule, and it is **not ionic**.  
- **Not predominantly ionic**.

### ✅ Correct answer: **(A)**

$$
\boxed{\text{A}}
$$",yes
C,"To determine the molecular formula of the diamagnetic compound that comprises 71.4% arsenic by mass, we need to consider the following:

### Step 1: Assume a 100 g sample
- Mass of As = 71.4 g
- Mass of other elements = 100 g - 71.4 g = 28.6 g

### Step 2: Calculate the molar masses
- Arsenic (As): 74.92 g/mol
- Carbon (C): 12.01 g/mol
- Hydrogen (H): 1.008 g/mol
- Nitrogen (N): 14.01 g/mol

### Step 3: Use the mass percentages to find the ratio of atoms

Let’s assume the formula is of the form $\ce{C_xH_yAs_zN_w}$

From the mass of As:
$$
\frac{z \times 74.92}{\text{molar mass of compound}} = 0.714
$$

Let’s try each option and check which one satisfies the 71.4% As by mass and is diamagnetic.

---

### Option A: $\ce{C2H6As2N2}$

- Molar mass = $2(12.01) + 6(1.008) + 2(74.92) + 2(14.01)$
- = $24.02 + 6.048 + 149.84 + 28.02 = 207.928$ g/mol

- Mass of As = $2 \times 74.92 = 149.84$ g
- % As = $\frac{149.84}{207.928} \times 100 \approx 71.8\%$ → too high

---

### Option B: $\ce{C2H6As}$

- Molar mass = $2(12.01) + 6(1.008) + 74.92 = 24.02 + 6.048 + 74.92 = 104.988$ g/mol

- Mass of As = $74.92$ g
- % As = $\frac{74.92}{104.988} \times 100 \approx 71.3\%$ → matches the given 71.4%

This is a good candidate.

---

### Option C: $\ce{C4H12As2}$

- Molar mass = $4(12.01) + 12(1.008) + 2(74.92) = 48.04 + 12.096 + 149.84 = 209.976$ g/mol

- Mass of As = $2 \times 74.92 = 149.84$ g
- % As = $\frac{149.84}{209.976} \times 100 \approx 71.4\%$ → matches the given 71.4%

This is also a good candidate.

---

### Option D: $\ce{CH3AsN}$

- Molar mass = $12.01 + 3(1.008) + 74.92 + 14.01 = 12.01 + 3.024 + 74.92 + 14.01 = 103.964$ g/mol

- Mass of As = $74.92$ g
- % As = $\frac{74.92}{103.964} \times 100 \approx 72.0\%$ → too high

---

### Final Check: Diamagnetic

Diamagnetic compounds are those that are not magnetic and have a net magnetic moment of zero. This is typically the case for compounds with even numbers of electrons (due to pairing in orbitals), and such compounds are often isoelectronic with noble gases or have a balanced electron count.

- $\ce{C2H6As}$: 2 C (12e), 6 H (6e), 1 As (15e) → total = 33e
- $\ce{C4H12As2}$: 4 C (16e), 12",no
B,(B) Strong Oxidizing Agents,yes
C,(C) Hypophosphorous acid,yes
C,"To determine which equimolecular mixture of gases is lighter than air, we need to compare the molar masses of the gases in each option.

### Step 1: Calculate the molar mass of each gas in the options

- **Air** is mostly nitrogen (N₂) and oxygen (O₂), with a molar mass of approximately **28.97 g/mol** (average of 28.02 g/mol for N₂ and 32.00 g/mol for O₂).

Now let's calculate the molar mass of each option:

---

### **Option A: BH₃ + N₂O**

- BH₃: B = 10.81, H = 1.008 → 10.81 + 3(1.008) = **13.83 g/mol**
- N₂O: N = 14.01 × 2 = 28.02, O = 16.00 → 28.02 + 16.00 = **44.02 g/mol**

Total molar mass = **13.83 + 44.02 = 57.85 g/mol**

This is **heavier** than air (28.97 g/mol), so **not lighter**.

---

### **Option B: F₂ + CO₂**

- F₂: F = 19.00 × 2 = **38.00 g/mol**
- CO₂: C = 12.01, O = 16.00 × 2 = **48.02 g/mol**

Total molar mass = **38.00 + 48.02 = 86.02 g/mol**

This is **heavier** than air, so **not lighter**.

---

### **Option C: HF + CH₄**

- HF: H = 1.008, F = 19.00 → **20.01 g/mol**
- CH₄: C = 12.01, H = 1.008 × 4 = **4.032** → **16.04 g/mol**

Total molar mass = **20.01 + 16.04 = 36.05 g/mol**

This is **lighter** than air (28.97 g/mol), so **this is a candidate**.

---

### **Option D: N₂ + O₂**

- N₂: 28.02 g/mol
- O₂: 32.00 g/mol

Total molar mass = **28.02 + 32.00 = 60.02 g/mol**

This is **heavier** than air, so **not lighter**.

---

### ✅ Final Answer:

**(C) HF + CH₄**

**Correct Answer: C**",yes
20,"To determine the total electron count of MgO:

- Magnesium (Mg) has an atomic number of 12, so it has 12 electrons.
- Oxygen (O) has an atomic number of 8, so it has 8 electrons.

In MgO, the ions are Mg²⁺ and O²⁻.

- Mg²⁺ has 10 electrons (12 - 2).
- O²⁻ has 10 electrons (8 + 2).

Total electron count = 10 (Mg²⁺) + 10 (O²⁻) = **20**

The correct answer is: **A** (if A is 20, or if the answer is numerical, it's 20).",yes
B,B,yes
B,"We are given:

- **Mass of HNO₃ solution used**: 300 g  
- **Mass percentage of HNO₃ in solution**: 63%  
- **Reaction**: Nitration of glycerin produces **trinitroglycerin**  
- **Question**: What is the **volume of gas** obtained from the **explosion of half the quantity of trinitroglycerin** produced after **condensing the water**?

---

### Step 1: Calculate the mass of HNO₃ used

$$
\text{Mass of HNO₃} = 300 \, \text{g} \times 0.63 = 189 \, \text{g}
$$

---

### Step 2: Find moles of HNO₃

$$
\text{Molar mass of HNO₃} = 1 + 14 + 3(16) = 63 \, \text{g/mol}
$$

$$
\text{Moles of HNO₃} = \frac{189}{63} = 3 \, \text{mol}
$$

---

### Step 3: Determine moles of trinitroglycerin formed

In the **nitration of glycerin**, the reaction is:

$$
\ce{C3H5(OH)3 + 3 HNO3 -> C3H5(NO3)3 + 3 H2O}
$$

This is a **1:1** molar ratio of HNO₃ to trinitroglycerin.

So, **3 moles of HNO₃** produce **3 moles of trinitroglycerin**.

---

### Step 4: Find the amount of trinitroglycerin produced

$$
\text{Moles of trinitroglycerin} = 3 \, \text{mol}
$$

---

### Step 5: Find the amount of trinitroglycerin that explodes

We are asked to consider **half the quantity**, so:

$$
\text{Moles of trinitroglycerin} = \frac{3}{2} = 1.5 \, \text{mol}
$$

---

### Step 6: Find the volume of gas produced from the explosion of 1.5 moles of trinitroglycerin

We need to consider the **reaction of trinitroglycerin** during **explosion**.

---

### Step 7: Write the chemical equation for the explosion of trinitroglycerin

Trinitroglycerin is:

$$
\ce{C3H5(NO3)3}
$$

It explodes and produces:

$$
\ce{C3H5(NO3)3 -> 3 CO2 + 3 H2O + 3 N2 + 1/2 O2}
$$

This is a **decomposition reaction**.

Let’s balance the equation:

$$
\ce{C3H5(NO3)3 -> 3 CO2 + 3 H2O + 3 N2 + 1/2 O2}
$$

Check the atoms:

- C: 3 on both sides  
- H: 5 on left, 6 on right (from 3 H2O) → Not balanced  
- N: 3 on left, 6 on right (from 3 N2) → Not balanced  
- O: 9 on left, 3(12) + 3(1) + 1/2(2) = 36 + 3 + 1 = 40 on right → Not balanced

So, we need to balance the equation properly.

---

### Step 8: Balance the decomposition of trinitroglycerin

The correct balanced decomposition reaction is:

$$
\ce{C3H5(NO3)3 -> 3 CO2 + 3 H2O + 3 N2 + 1/2 O2}
$$

This is a **decomposition reaction**.

So, 1 mole of trinitroglycerin produces:

- 3 moles of CO₂  
- 3 moles of H₂O  
- 3 moles of N₂  
- 0.5 moles of O₂

---

### Step 9: Find moles of gas produced from 1.5 moles of trinitroglycerin

$$
\text{Moles of gas} = 3 \, \text{(CO₂)} + 3 \, \text{(H₂O)} + 3 \, \text{(N₂)} + 0.5 \, \text{(O₂)} = 3 + 3 + 3 + 0.5 = 9.5 \, \text{mol}
$$

---

### Step 10: Calculate",No.
C,"The correct answer is **(C) \ce{Np}** (Neptunium).

**Explanation:**

Among the actinides, the density increases with atomic number, but the actual density depends on the specific isotope and the structure of the element. However, **Neptunium (Np)** is known to have the **highest density** among the actinides.

- **Ac (Actinium)**: Low density (about 10.5 g/cm³)
- **Am (Americium)**: ~10.8 g/cm³
- **Np (Neptunium)**: ~20.7 g/cm³ (for the isotope **Np-237**)
- **Pa (Protactinium)**: ~16.3 g/cm³

Thus, **Neptunium (Np)** has the **highest density** among the given options.

**Answer: (C)**",yes
C,(C),yes
A,"We are asked to determine which species **does not** have the ground-state configuration **1s² 2s² 2p⁶**.

Let's analyze each option:

---

### (A) **Cl⁻**

- Neutral chlorine (Cl) has 17 electrons.
- Cl⁻ has 18 electrons.
- The configuration of Cl⁻ is **1s² 2s² 2p⁶ 3s² 3p⁶**, which is **not** 1s² 2s² 2p⁶.
- So, **Cl⁻** does **not** have the configuration 1s² 2s² 2p⁶.

---

### (B) **F⁻**

- Fluorine (F) has 9 electrons.
- F⁻ has 10 electrons.
- The configuration is **1s² 2s² 2p⁵ + 1 electron = 1s² 2s² 2p⁶**, which is **1s² 2s² 2p⁶**.
- So, **F⁻** **does** have the configuration.

---

### (C) **Na⁺**

- Sodium (Na) has 11 electrons.
- Na⁺ has 10 electrons.
- The configuration is **1s² 2s² 2p⁶**, which is **1s² 2s² 2p⁶**.
- So, **Na⁺** **does** have the configuration.

---

### (D) **Ne**

- Neon (Ne) has 10 electrons.
- Its ground-state configuration is **1s² 2s² 2p⁶**.
- So, **Ne** **does** have the configuration.

---

### ✅ Final Answer:

**(A)** Cl⁻ does **not** have the ground-state configuration 1s² 2s² 2p⁶.

$$
\boxed{\text{A}}
$$",yes
B,C,no
-2,"To determine the oxidation state of oxygen (O) in $\ce{Al(H2PO4)3}$, we follow these steps:

---

### **Step 1: Write the formula**

$$
\ce{Al(H2PO4)3}
$$

This is a neutral compound, so the total oxidation state of all atoms must be zero.

---

### **Step 2: Assign known oxidation states**

- **Aluminum (Al)**: In most compounds, it has a +3 oxidation state.
  $$
  \ce{Al: +3}
  $$

- **Hydrogen (H)**: In most compounds, it has a +1 oxidation state.
  $$
  \ce{H: +1}
  $$

- **Phosphate ion (PO₄³⁻)**: The phosphate ion has a charge of -3. We'll use this to find the oxidation state of O.

---

### **Step 3: Consider the phosphate ion**

$$
\ce{PO4^3-}
$$

Let the oxidation state of O be $ x $. Then the oxidation state of P is:

$$
\text{P} + 4x = -3
$$

We need to find $ x $, the oxidation state of O.

---

### **Step 4: Use the formula for the phosphate ion**

$$
\ce{H2PO4^-}
$$

This is a **hydrogen phosphate ion** (not the full phosphate ion), and it has a charge of -1.

So, the oxidation state of the entire ion is:

$$
\ce{H2PO4^-} \rightarrow \text{Charge} = -1
$$

Let’s calculate the oxidation state of O in $\ce{H2PO4^-}$.

Let the oxidation state of O be $ x $, and the oxidation state of P be $ y $.

Then:

$$
2(+1) + y + 4x = -1
$$

$$
2 + y + 4x = -1
$$

$$
y + 4x = -3
$$

We also know that the oxidation state of P in $\ce{H2PO4^-}$ is the same as in $\ce{PO4^3-}$, because the phosphate ion is the same but with one H+.

So, the oxidation state of P in $\ce{H2PO4^-}$ is the same as in $\ce{PO4^3-}$, which is:

$$
y = -3 - 4x
$$

But we also know that in $\ce{H2PO4^-}$, the oxidation state of P is the same as in $\ce{PO4^3-}$, so:

$$
y = -3 - 4x
$$

So, the equation is:

$$
-3 - 4x = -3
$$

$$
-4x = 0 \Rightarrow x = 0
$$

---

### **Step 5: Conclusion**

The oxidation state of O in $\ce{H2PO4^-}$ is **0**.

---

### ✅ Final Answer:

$$
\boxed{0}
$$",no
24,"To determine the total electron count of the ion $\ce{NO2^{1-}}$, we need to consider the electron configuration of the neutral molecule $\ce{NO2}$ and then account for the charge.

1. **Neutral molecule $\ce{NO2}$:**
   - Nitrogen has 7 electrons.
   - Each oxygen has 8 electrons.
   - Total electrons in $\ce{NO2}$: $7 + 2(8) = 23$.

2. **Charge of the ion:** $\ce{NO2^{1-}}$ has a charge of -1, so we add one more electron.

3. **Total electron count:** $23 + 1 = 24$.

The total electron count of $\ce{NO2^{1-}}$ is **24**.

Answer: **24**",yes
C,"To find the pH of a 0.10 M solution of **NH₄F**, we need to consider the **dissociation of NH₄F** in water:

$$
\ce{NH4F -> NH4+ + F-}
$$

This is a **salt of a weak acid (NH₄⁺) and a weak base (F⁻)**. The solution will be **buffered** due to the presence of both NH₄⁺ and F⁻, and we can use the **Henderson-Hasselbalch equation**:

$$
\text{pH} = \text{p}K_a + \log\left(\frac{[\text{base}]}{[\text{acid}]}\right)
$$

### Step 1: Identify the relevant acid and base
- **NH₄⁺** is the **acid** (weak acid), with $ K_a = 5.6 \times 10^{-10} $
- **F⁻** is the **base** (weak base), with $ K_b $ for F⁻ can be calculated from $ K_w $ and $ K_a $:

$$
K_b = \frac{K_w}{K_a} = \frac{1.0 \times 10^{-14}}{5.6 \times 10^{-10}} \approx 1.79 \times 10^{-5}
$$

### Step 2: Use the Henderson-Hasselbalch equation
The **Henderson-Hasselbalch equation** for a buffer is:

$$
\text{pH} = \text{p}K_a + \log\left(\frac{[\text{base}]}{[\text{acid}]}\right)
$$

Here:
- $ \text{p}K_a = -\log(5.6 \times 10^{-10}) \approx 9.25 $
- $ [\text{base}] = [\text{F}^-] = 0.10 \, \text{M} $
- $ [\text{acid}] = [\text{NH}_4^+] = 0.10 \, \text{M} $

$$
\text{pH} = 9.25 + \log\left(\frac{0.10}{0.10}\right) = 9.25 + \log(1) = 9.25
$$

However, this is **not correct** because **NH₄⁺** and **F⁻** are **not** in a 1:1 ratio in solution. The correct approach is to use the **Henderson-Hasselbalch equation** with the **correct acid and base**.

Let’s use the **correct acid and base**:

- The **acid** is **NH₄⁺** (with $ K_a = 5.6 \times 10^{-10} $)
- The **base** is **F⁻** (with $ K_b = 1.79 \times 10^{-5} $)

So the **Henderson-Hasselbalch equation** becomes:

$$
\text{pH} = \text{p}K_a + \log\left(\frac{[\text{base}]}{[\text{acid}]}\right)
$$

$$
\text{pH} = 9.25 + \log\left(\frac{0.10}{0.10}\right) = 9.25 + 0 = 9.25
$$

But this is **not** correct because the **Henderson-Hasselbalch equation** is for a **buffer solution**, and the **concentrations** of the acid and base must be **equal** for the pH to be **9.25**.

However, in reality, the solution is **not** a buffer solution in the traditional sense, because **NH₄⁺** and **F⁻** are **not** conjugates of each other, and the solution is **not** a simple buffer.

Instead, we should consider the **dissociation of NH₄F** in water, and use the **ionization of the weak acid and base**.

Let’s consider the **ionization of NH₄⁺** and **F⁻**:

- $ \ce{NH4+} \rightleftharpoons \ce{NH3 + H+} $, with $ K_a = 5.6 \times 10^{-10} $
- $ \ce{F-} \rightleftharpoons \ce{HF + OH-} $, with $ K_b = 1.79 \times 10^{-5} $

The solution is a **weak acid (NH",No.
12,"To determine the total electron count of LiF:

- Lithium (Li) has 3 electrons.
- Fluorine (F) has 9 electrons.

Total electron count = 3 (from Li) + 9 (from F) = 12 electrons.

The total electron count of LiF is **12**.

Answer: **12**",yes
B,"To determine which carboxylic acid is the most acidic, we need to consider the **electron-withdrawing effect of the chlorine atom**. Chlorine is a **strong electron-withdrawing group**, which destabilizes the conjugate base (the carboxylate ion) by pulling electron density away from the carboxyl group.

The more electron-withdrawing groups a molecule has, the more acidic it is. In this case, the **presence of chlorine** in the **meta or para position** relative to the carboxyl group would make the molecule more acidic.

Let’s analyze each option:

---

**A)** $\ce{CH3CH(Cl)CH2CO2H}$  
- The chlorine is in the **middle** of the chain (between the methyl group and the carboxyl group).  
- This is **meta** to the carboxyl group, so the electron-withdrawing effect is **localized** and **less effective** compared to if it were in the **para** position.

**B)** $\ce{CH3CH2CH(Cl)CO2H}$  
- The chlorine is in the **third** position (para to the carboxyl group).  
- This is **para** to the carboxyl group, so the electron-withdrawing effect is **stronger**.

**C)** $\ce{CH3CH2CH2CO2H}$  
- No chlorine present.  
- So, it is **less acidic** than any with chlorine.

**D)** $\ce{ClCH2CH2CH2CO2H}$  
- The chlorine is in the **first** position (para to the carboxyl group).  
- This is **para** to the carboxyl group, so the electron-withdrawing effect is **stronger** than in option B.

---

**Comparison:**
- **B** and **D** both have chlorine in the **para** position to the carboxyl group.
- **D** has the chlorine in the **first** position (i.e., **para** to the carboxyl group), which is **more electron-withdrawing** than in **B** (since it's **closer** to the carboxyl group).

Thus, **D** is the most acidic.

---

**Answer: D**",No.
32,"To determine the total electron count of the nitrate ion, $\ce{NO3^{-}}$, we start by considering the electron configuration of a neutral nitrogen atom and oxygen atoms.

- Nitrogen has 7 electrons.
- Each oxygen atom has 8 electrons.

For a neutral $\ce{NO3^{-}}$ ion, we add 1 extra electron (since it's negatively charged).

So, the total electron count is:

$$
7 \, (\text{N}) + 3 \times 8 \, (\text{O}) + 1 \, (\text{extra electron}) = 7 + 24 + 1 = 32
$$

Thus, the total electron count is **32**.

The correct answer is: $\boxed{32}$",yes
D,"The question asks which of the given compounds are **predominantly metallic**.

Let's analyze each option:

**(A) AlCl₃**  
- Aluminum (Al) is a metal, and chlorine (Cl) is a nonmetal.  
- AlCl₃ is a **covalent compound** (ionic character is small due to the large difference in electronegativity).  
- **Not predominantly metallic**.

**(B) BF₃**  
- Boron (B) is a metalloid, and fluorine (F) is a nonmetal.  
- BF₃ is a **covalent compound** with **very little ionic character**.  
- **Not predominantly metallic**.

**(C) CH₄**  
- Carbon (C) is a nonmetal, and hydrogen (H) is a nonmetal.  
- CH₄ is a **covalent compound** with **no metallic character**.  
- **Not predominantly metallic**.

**(D) NaHg**  
- Sodium (Na) is a metal, and mercury (Hg) is a **metal**.  
- NaHg is a **metallic compound** (metal + metal).  
- **Predominantly metallic**.

**(E) S₈**  
- Sulfur (S) is a nonmetal.  
- S₈ is a **covalent compound** with **no metallic character**.  
- **Not predominantly metallic**.

### ✅ Correct answer: **D**  
$$
\boxed{D}
$$",yes
32,"To determine the total electron count of $\ce{BF3}$, we need to consider the electron configuration of boron and fluorine atoms and sum their valence electrons.

- Boron (B) has 3 valence electrons.
- Each Fluorine (F) has 7 valence electrons.

$\ce{BF3}$ has 1 B atom and 3 F atoms.

Total valence electrons = $3 + 3 \times 7 = 3 + 21 = 24$.

Thus, the total electron count of $\ce{BF3}$ is **24**.

The correct answer is: $\boxed{24}$",no
A,"The correct answer is **D**.

**Explanation:**

The density of group 2 elements (alkaline earth metals) does **not** show a clear trend from **Be (Beryllium)** to **Ra (Radium)**. While the density of group 2 elements generally increases with atomic number (from Be to Ra), the trend is not consistent due to the following factors:

- **Be** is the lightest in the group and has a low density.
- **Mg** and **Ca** have increasing densities.
- **Sr** and **Ba** have even higher densities.
- **Ra** is the heaviest and has the highest density among group 2 elements.

However, **Ra** is much lighter than **Be**, and the trend is not monotonic. The density increases with atomic number, but the rate of increase varies.

Thus, **there is no consistent trend** for density in group 2 elements from Be to Ra.

**Correct answer: D**",no
D,"The incorrect statement is **(B)**.

**Explanation:**

- **(A)**: In an exothermic reaction, the enthalpy of the product(s) is lower than that of the reactant(s). ✅ Correct.
- **(B)**: The equilibrium constant of an endergonic reaction is smaller than 1. ❌ **Incorrect**.  
  - An **endergonic reaction** is non-spontaneous, and its equilibrium constant ($K$) is **less than 1**, meaning the products are less favored.  
  - However, the **equilibrium constant** is **not** directly related to whether the reaction is endergonic or exergonic, but rather to the **favorability** of the reaction.  
  - The **correct** statement would be: ""The equilibrium constant of an endergonic reaction is greater than 1"" (if it is spontaneous), or ""less than 1"" if it is non-spontaneous.  
  - But the statement **""the equilibrium constant of an endergonic reaction is smaller than 1""** is **incorrect** because it is **not** necessarily true that endergonic reactions have $K < 1$.  
  - **The statement is incorrect**.

- **(C)**: The higher the energy of its HOMO, the more reactive a nucleophile will usually be. ✅ Correct.  
  - A higher HOMO energy means a greater tendency to donate an electron, making the nucleophile more reactive.

- **(D)**: The higher the energy of its LUMO, the more reactive an electrophile will usually be. ✅ Correct.  
  - A higher LUMO energy means a greater tendency to accept an electron, making the electrophile more reactive.

### ✅ Correct answer: **B**",yes
5,"To determine the oxidation state of nitrogen in $\ce{NO3^-}$:

1. The overall charge of the ion is $-1$.
2. Oxygen typically has an oxidation state of $-2$ in compounds.
3. Let the oxidation state of nitrogen be $x$.

The sum of the oxidation states must equal the overall charge of the ion:

$$
x + 3(-2) = -1
$$

$$
x - 6 = -1
$$

$$
x = +5
$$

Thus, the oxidation state of N in $\ce{NO3^-}$ is **+5**.

Answer: **+5**",yes
C,(C) Their chemical formulae,yes
B,(B) Carbon dioxide,yes
10,"To determine the total electron count of $\ce{NH3}$ (ammonia), we need to consider the electron configuration of the atoms involved.

- Nitrogen (N) has 7 electrons.
- Hydrogen (H) has 1 electron each.

In $\ce{NH3}$, there is 1 nitrogen atom and 3 hydrogen atoms.

Total electron count = (Number of electrons in N) + (Number of electrons in H)

$$
\text{Total electron count} = 7 + (3 \times 1) = 7 + 3 = 10
$$

The total electron count of $\ce{NH3}$ is **10**.

Answer: **A**",yes
D,"The compound characterized by an ionic bond is **(D) \ce{NH4Cl}**.

**Explanation:**
- **(A) \ce{CH3Cl}**: This is a covalent compound (carbon halide), not ionic.
- **(B) \ce{CH3Li}**: This is an ionic compound (methyllithium), but it is not commonly considered as a typical ionic compound in the context of general chemistry.
- **(C) \ce{H2O}**: This is a covalent compound (water), not ionic.
- **(D) \ce{NH4Cl}**: This is an ionic compound where \ce{NH4^+} (ammonium ion) and \ce{Cl^-} (chloride ion) are attracted to each other through ionic bonding.

**Correct Answer: D**  
$$
\boxed{D}
$$",yes
B,"To solve this problem, we need to determine the molar ratio of calcium carbonate (CaCO₃) and magnesium carbonate (MgCO₃) such that when the mixture is calcined at a temperature higher than 100°C, the total mass decreases by half.

---

### Step 1: Understand the reaction

Calcination of carbonates typically produces the corresponding oxide and carbon dioxide:

$$
\text{CaCO}_3 \rightarrow \text{CaO} + \text{CO}_2 \quad \text{(ΔH = +179 kJ/mol)}
$$
$$
\text{MgCO}_3 \rightarrow \text{MgO} + \text{CO}_2 \quad \text{(ΔH = +112 kJ/mol)}
$$

So, the mass loss occurs due to the release of CO₂.

---

### Step 2: Calculate mass loss for a given molar ratio

Let’s assume we mix **x moles of CaCO₃** and **y moles of MgCO₃**.

Total mass loss = mass of CO₂ released

Mass of CO₂ from CaCO₃ = $ x \times 44.01 \, \text{g/mol} $

Mass of CO₂ from MgCO₃ = $ y \times 44.01 \, \text{g/mol} $

Total mass loss = $ (x + y) \times 44.01 \, \text{g} $

We want the **mass decrease to be half** of the original mass of the mixture.

Let the total mass of the original mixture be $ M $, so the mass after calcination is $ \frac{M}{2} $.

Thus, the mass loss is $ \frac{M}{2} $.

So:

$$
(x + y) \times 44.01 = \frac{M}{2}
$$

But the original mass $ M $ is:

$$
M = (x + y) \times (44.01 + 44.01) = (x + y) \times 88.02
$$

So:

$$
(x + y) \times 44.01 = \frac{1}{2} \times (x + y) \times 88.02
$$

This is always true, so this condition is **always satisfied** for any molar ratio of CaCO₃ and MgCO₃.

Wait — this suggests that **any molar ratio** would satisfy the condition, which is not correct.

Let’s re-express this more carefully.

---

### Step 3: Correct approach

Let’s denote:

- Mass of CaCO₃ = $ m_{\text{CaCO}_3} $
- Mass of MgCO₃ = $ m_{\text{MgCO}_3} $

Then:

$$
\text{Mass loss} = \text{Mass of CO}_2 = \frac{m_{\text{CaCO}_3}}{44.01} + \frac{m_{\text{MgCO}_3}}{44.01}
$$

We want this to be half the original mass:

$$
\frac{m_{\text{CaCO}_3} + m_{\text{MgCO}_3}}{2} = \frac{m_{\text{CaCO}_3}}{44.01} + \frac{m_{\text{MgCO}_3}}{44.01}
$$

Multiply both sides by 44.01:

$$
\frac{(m_{\text{CaCO}_3} + m_{\text{MgCO}_3}) \times 44.01}{2} = m_{\text{CaCO}_3} + m_{\text{MgCO}_3}
$$

Multiply both sides by 2:

$$
(m_{\text{CaCO}_3} + m_{\text{MgCO}_3}) \times 22.005 = 2(m_{\text{CaCO}_3} + m_{\text{MgCO}_3})
$$

This is only true if $ m_{\text{CaCO}_3} + m_{\text{MgCO}_3} = 0 $, which is not possible.

Wait — clearly, this is not the correct way to approach it.

Let’s instead define:

Let’s say we mix **x moles** of CaCO₃ and **y moles** of MgCO₃.

Then:

- Mass of CaCO₃ = $ x \times 100.09 + y \times 100.09 = (x",No.
A,"The electronegativity of elements generally **decreases** as you move **down a group** in the periodic table. This is because the atomic size increases, and the outer electrons are held more loosely by the nucleus, leading to a decrease in the ability of the atom to attract electrons.

In group 16 (oxygen, sulfur, selenium, etc.), electronegativity **decreases** as you move down the group.

Thus, the correct answer is:  
**A**",yes
A,D,No.
10,"The electronic configuration of Palladium is given as $\ce{[Kr] 4d^x}$. 

Palladium (Pd) has an atomic number of 46. The electron configuration of Kr (krypton) is $\ce{[Ar] 3d^{10} 4s^2 4p^6}$, which is 18 electrons. 

Pd has 46 electrons, so the remaining electrons after Kr are $46 - 36 = 10$.

Thus, $x = 10$.

The correct answer is: $\boxed{A}$",yes
C,"The most acidic compound among the given options is **(A) CH₄** (methane), but this is **not** the most acidic. 

Let's analyze the acidity of each compound:

- **(A) CH₄ (methane)**: A nonpolar molecule with no acidic character.
- **(B) H₂O (water)**: A weak acid, with a pKa of around 15.7.
- **(C) H₂S (hydrogen sulfide)**: A weak acid, with a pKa of around 7.0.
- **(D) NH₃ (ammonia)**: A weak base, with a pKa of around 35.3.

The **most acidic** compound is **(C) H₂S**, because it has the **lowest pKa** (most acidic), followed by **(B) H₂O**, then **(D) NH₃**, and finally **(A) CH₄**.

**Answer: C**",yes
10,"The ion $\ce{OH^-}$ has a charge of -1. The neutral oxygen atom has 8 electrons, and the neutral hydrogen atom has 1 electron. Since the ion has a charge of -1, it has one extra electron.

Therefore, the total electron count is:

$$
8 + 1 + 1 = 10 \text{ electrons}
$$

The correct answer is: **A**",yes
B,"To determine the stoichiometric coefficient of the proton ($\ce{H^+}$) in the redox reaction:

$$
\ce{Mn^{2+} + BiO3^- + H+ -> Bi^{3+} + MnO4^- + H2O}
$$

we need to balance the redox reaction step by step.

---

### Step 1: Identify oxidation and reduction half-reactions

#### **Oxidation half-reaction** (Mn²⁺ → MnO₄⁻):
- Mn goes from +2 to +7 (oxidation)
- Balance oxygen with H₂O:
  $$
  \ce{Mn^{2+} + 4H2O -> MnO4^- + 8H+}
  $$
- Balance charge by adding electrons:
  $$
  \ce{Mn^{2+} + 4H2O -> MnO4^- + 8H+ + 5e^-}
  $$

#### **Reduction half-reaction** (BiO₃⁻ → Bi³⁺):
- Bi goes from +5 to +3 (reduction)
- Balance oxygen with H₂O:
  $$
  \ce{BiO3^- + 3H2O -> Bi^{3+} + 6OH^-}
  $$
- Balance hydrogen with H⁺ (since we are adding H⁺ to the left):
  $$
  \ce{BiO3^- + 3H2O + 6H+ -> Bi^{3+} + 6OH^-}
  $$
- Balance charge by adding electrons:
  $$
  \ce{BiO3^- + 3H2O + 6H+ -> Bi^{3+} + 6OH^- + 6e^-}
  $$

---

### Step 2: Balance the electrons

- Oxidation: 5 electrons lost
- Reduction: 6 electrons gained

To balance, multiply the oxidation half-reaction by 6 and the reduction half-reaction by 5:

- Oxidation (x6):  
  $$
  \ce{6Mn^{2+} + 24H2O -> 6MnO4^- + 48H+ + 30e^-}
  $$

- Reduction (x5):  
  $$
  \ce{5BiO3^- + 15H2O + 30H+ -> 5Bi^{3+} + 30OH^- + 30e^-}
  $$

Now add the two half-reactions:

$$
\ce{6Mn^{2+} + 24H2O + 5BiO3^- + 15H2O + 30H+ -> 6MnO4^- + 48H+ + 30OH^- + 5Bi^{3+}}
$$

Combine like terms:

- Water: $24H₂O + 15H₂O = 39H₂O$
- H⁺: $30H^+$
- OH⁻: $30OH^-$

Now, simplify the equation by combining H⁺ and OH⁻:

$$
\ce{6Mn^{2+} + 5BiO3^- + 39H2O + 30H+ -> 6MnO4^- + 5Bi^{3+} + 48H+ + 30OH^-}
$$

Now cancel H⁺ and OH⁻:

- $30H^+ + 30OH^- = 30H₂O$

So the final balanced equation is:

$$
\ce{6Mn^{2+} + 5BiO3^- + 39H2O + 30H+ -> 6MnO4^- + 5Bi^{3+} + 30H2O}
$$

---

### Step 3: Determine the coefficient of H⁺

From the balanced equation:

$$
\ce{6Mn^{2+} + 5BiO3^- + 30H+ -> 6MnO4^- + 5Bi^{3+} + 30H2O}
$$

So the coefficient of H⁺ is **30**.

---

### ✅ Final Answer: **(B) 30**",no
D,"The atomic radius of elements increases as we move **left** across a period and **down** a group in the periodic table.

Group 2 elements are:  
**Be (beryllium)**, **Mg (magnesium)**, **Ca (calcium)**, **Sr (strontium)**, **Ba (barium)**, and **Ra (radium)**.

From left to right in Group 2, the atomic radius **decreases**.  
From top to bottom in Group 2, the atomic radius **increases**.

So the correct order of atomic radius from largest to smallest in Group 2 is:

**Ra > Ba > Sr > Ca > Mg > Be**

This corresponds to **Option D**.

**Answer: D**",yes
C,"To determine the number of protons and electrons in the anion **tetrahydroxodiaquaaluminate**, we need to analyze its chemical formula.

### Step 1: Identify the formula
The name ""tetrahydroxodiaquaaluminate"" suggests the ion has:

- **4 hydroxide (OH⁻)** groups
- **2 water (H₂O)** molecules
- **Aluminate** ion, which is **Al(OH)₄⁻**

So the formula is: **[Al(OH)₄]²⁻**

### Step 2: Determine the charge
The ion is **[Al(OH)₄]²⁻**, so it has a **-2 charge**.

### Step 3: Calculate the number of protons
- Aluminum (Al) has an atomic number of **13**, so it has **13 protons**.

### Step 4: Calculate the number of electrons
The ion has a **-2 charge**, meaning it has **2 more electrons** than protons.

- Total protons = 13
- Total electrons = 13 + 2 = **15**

Now, let's consider the **water (H₂O)** and **hydroxide (OH⁻)** groups:

- Each **OH⁻** has:
  - 1 O (8 protons)
  - 1 H (1 proton)
  - 1 electron
  - Total for OH⁻: 8 + 1 + 1 = **10 protons and 10 electrons**

- Each **H₂O** has:
  - 2 H (2 protons)
  - 1 O (8 protons)
  - Total for H₂O: 2 + 8 = **10 protons**

So, for **4 OH⁻** and **2 H₂O**:

- OH⁻: 4 × (10 protons + 10 electrons) = 4 × 20 = **80 protons and 80 electrons**
- H₂O: 2 × (10 protons) = **20 protons**

Total protons = 80 + 20 = **100 protons**

Total electrons = 80 + 20 = **100 electrons**

Now, the **Al(OH)₄⁻** ion has:

- 13 protons (from Al)
- 100 electrons (from OH⁻ and H₂O)

So total electrons = 13 + 100 = **113 electrons**

Wait — this is not correct. Let's correct this.

### Correct approach:

The **[Al(OH)₄]²⁻** ion has:

- 13 protons (from Al)
- 4 OH⁻ groups: each has 1 electron, so 4 × 1 = **4 electrons**
- 2 H₂O molecules: each has 0 electrons, so 0

Total electrons = 13 + 4 = **17 electrons**

But wait — the **[Al(OH)₄]²⁻** ion has **13 protons** and **17 electrons**.

But this contradicts earlier logic.

Let’s go back to the **correct formula**:

The correct formula for **tetrahydroxodiaquaaluminate** is **[Al(OH)₄]²⁻**, which is a **complex ion**.

### Final correct calculation:

- Al has 13 protons
- Each OH⁻ has 1 electron → 4 × 1 = 4 electrons
- Total electrons = 13 + 4 = **17**

So the correct answer is:

**(A) 13 protons, 17 electrons**

But this is not among the options. Let's recheck.

Actually, the **[Al(OH)₄]²⁻** ion has **13 protons** and **15 electrons** (since it has a -2 charge, it has 2 more electrons than protons).

So:

- 13 protons
- 15 electrons

This is **not among the options**.

Let’s go back to the **correct formula**:

The correct formula for **tetrahydroxodiaquaaluminate** is **[Al(OH)₄]²⁻**

So:

- Al: 13 protons
- 4 OH⁻: 4 × 1 = 4 electrons
- Total electrons = 13 + 4 = **17**

But this is not among the options.

Let’s recheck the options:

### Given options:

(A) 13 protons, 59 electrons  
(B) 27 protons, 71 electrons  
(C) 69 protons, 70 electrons  
(D)",No.
4,"To determine how many fluorine atoms element X needs to bond to form a stable compound, we first need to determine its valency.

Element X has an atomic number of 6, which means it is **carbon** (C). Carbon has an electron configuration of **1s² 2s² 2p²**, and it tends to **gain 4 electrons** to achieve a stable octet. However, in terms of **valency**, carbon typically forms **4 covalent bonds**.

Fluorine, on the other hand, has an atomic number of 9 and an electron configuration of **1s² 2s² 2p⁵**. It needs **1 electron** to achieve a stable octet, so it has a **valency of 1**.

To form a stable compound, carbon (with valency 4) will need to **gain 4 fluorine atoms**, each contributing 1 electron.

Thus, the correct answer is:  
**A**",yes
A,"The electronic configuration given is:  
**1s² 2s² 2p⁶ 3s² 3p⁶**

This configuration corresponds to the electron configuration of **Neon (Ne)**, which has 10 electrons.

Let's analyze the options:

- **(A) Cl⁻**: Chlorine has 17 electrons, and Cl⁻ has 18 electrons. Not matching.
- **(B) K**: Potassium has 19 electrons. Not matching.
- **(C) Mg²⁺**: Magnesium has 12 electrons, and Mg²⁺ has 10 electrons. Not matching.
- **(D) Ne**: Neon has 10 electrons. This matches the given configuration.

### Correct Answer: **D**

$$
\boxed{D}
$$",no
126,"To determine the total electron count of $\ce{Br2O7}$, we need to calculate the total number of electrons in the molecule.

### Step 1: Identify the elements and their atomic numbers
- **Br (Bromine)**: Atomic number = 35
- **O (Oxygen)**: Atomic number = 8

### Step 2: Calculate the number of electrons in each atom
- Each Br atom has 35 electrons.
- Each O atom has 8 electrons.

### Step 3: Calculate the total number of electrons in $\ce{Br2O7}$
- There are 2 Br atoms: $2 \times 35 = 70$ electrons
- There are 7 O atoms: $7 \times 8 = 56$ electrons

### Step 4: Add the electrons together
$$
70 + 56 = 126
$$

### Final Answer:
$$
\boxed{126}
$$",yes
D,(C) An ester,No.
B,"To find the number of hydrogen atoms in 6.72 L of hydrogen gas at standard conditions, we use the concept of **molar volume**.

At **standard temperature and pressure (STP)**, 1 mole of any gas occupies **22.4 L**.

---

### Step 1: Calculate moles of hydrogen gas

$$
\text{Moles of H}_2 = \frac{6.72 \, \text{L}}{22.4 \, \text{L/mol}} = 0.3 \, \text{mol}
$$

---

### Step 2: Calculate number of molecules

Each mole of gas contains $6.022 \times 10^{23}$ molecules (Avogadro's number).

$$
\text{Number of molecules} = 0.3 \, \text{mol} \times 6.022 \times 10^{23} \, \text{molecules/mol} = 1.8066 \times 10^{23}
$$

---

### Step 3: Number of hydrogen atoms

Since each molecule of H₂ contains **2 atoms**, the number of hydrogen atoms is:

$$
\text{Number of H atoms} = 1.8066 \times 10^{23} \times 2 = 3.6132 \times 10^{23}
$$

---

### Final Answer:

**(B) $3.612 \cdot 10^{23}$**",yes
B,"To determine which d-block element has the highest density at room temperature, we need to consider the **atomic mass** and **atomic radius** of the elements, as well as their **metallic character** and **structure**.

The d-block elements (also known as transition metals) generally have **high densities** due to their **high atomic mass** and **compact atomic structure**.

Here are the approximate **atomic masses** (in g/mol) of the d-block elements:

- **Cd (Cadmium)**: ~112
- **Os (Osmium)**: ~190
- **Re (Rhenium)**: ~186
- **Ta (Tantalum)**: ~180

The **density** of a metal is approximately proportional to its **atomic mass** and **atomic radius**, and for metals, **larger atomic mass** generally correlates with **higher density**.

Among the options:

- **Os (Os)** has the **highest atomic mass** (190 g/mol) and is known for being one of the **densest d-block elements** at room temperature.

### Final Answer:
**(B) Os**",yes
3,"To determine the oxidation state of nitrogen (N) in $\ce{Na3Co(NO2)6}$, we need to consider the overall charge of the compound and the known oxidation states of the other elements.

1. **Overall charge of the compound**: $\ce{Na3Co(NO2)6}$ is neutral.

2. **Oxidation states**:
   - Sodium (Na) is +1.
   - Cobalt (Co) is typically +3 in this compound (common oxidation state for Co in such complexes).
   - Nitrogen (N) is in the nitro group $\ce{NO2^-}$, which has a charge of -1.

3. **Let the oxidation state of N be $x$**. Each $\ce{NO2^-}$ has a charge of -1, and there are 6 such groups.

   So, the total charge from the nitro groups is:  
   $6 \times (-1) = -6$

4. **Sum of oxidation states**:
   $$
   3(+1) + (+3) + 6x = 0
   $$
   $$
   3 + 3 + 6x = 0
   $$
   $$
   6 + 6x = 0
   $$
   $$
   6x = -6
   $$
   $$
   x = -1
   $$

**Answer:** $\boxed{-1}$",No.
A,"(D) Weak bases

A typical use for acidic salts is as **weak bases**. Acidic salts, such as those formed from the reaction of a strong acid and a weak base, can act as weak bases in solution. For example, sodium acetate is an acidic salt that acts as a weak base in water. 

The correct answer is: **D**.",No.
48,"To determine the total electron count of $\ce{Zn(OH)2}$, we need to consider the electron configuration of zinc (Zn) and the hydroxide ions ($\ce{OH^-}$).

1. **Zinc (Zn)** has an atomic number of 30, so its electron configuration is:
   $$
   \ce{[Ar] 3d^{10} 4s^2}
   $$
   Zn has 28 electrons in its neutral atom.

2. **Each hydroxide ion ($\ce{OH^-}$)** has:
   - 8 electrons in the oxygen atom ($\ce{O}$) → 8 electrons
   - 1 electron in the hydrogen atom ($\ce{H}$) → 1 electron
   - 1 extra electron due to the negative charge → 1 electron
   So, each $\ce{OH^-}$ has:
   $$
   8 + 1 + 1 = 10 \text{ electrons}
   $$

3. **$\ce{Zn(OH)2}$** has 2 hydroxide ions:
   $$
   2 \times 10 = 20 \text{ electrons}
   $$

4. **Zinc contributes 28 electrons**, and the hydroxide ions contribute 20 electrons.

**Total electron count** = 28 + 20 = **48**

$$
\boxed{48}
$$",yes
A,"The compound with the **least acidic** is **(A) CH₄** (methane).

### Reasoning:
Acidity increases with the **electronegativity** of the central atom and the **bond strength** (i.e., the strength of the H–X bond). In the case of hydrides (H–X), the acidity decreases as the bond strength decreases and the electronegativity of X increases.

- **CH₄** (methane): The H–C bond is very strong and non-polar, making it the least acidic.
- **H₂O** (water): The H–O bond is moderately strong and polar, making it more acidic than methane.
- **H₂S** (hydrogen sulfide): The H–S bond is weaker than H–O, so it is more acidic than water.
- **NH₃** (ammonia): The H–N bond is weaker than H–O and H–S, so it is more acidic than methane.

Thus, the **least acidic** compound is:

**Answer: A**",yes
C,"To determine the symbol of metal X, we need to analyze the chemical reaction and the given data.

---

### **Given:**

- Mass of **H₂SO₄** solution: **8.91 g**  
- Mass fraction of **H₂SO₄** is **66%**, so the **mass of H₂SO₄** is:
  $$
  8.91 \times 0.66 = 5.8806 \, \text{g}
  $$

- Reaction:
  $$
  \ce{X + H2SO4 -> XSO4 + A + B}
  $$

- **A** is a **sulphur oxide** with **50% sulfur**.
- **B** is a **binary compound** with **m(H) : m(O) = 2 : 1**.

---

### **Step 1: Determine the formula of A (sulphur oxide)**

Let’s assume the formula of A is **SO₃** (since it’s a common sulphur oxide with 50% sulfur).

- Molar mass of SO₃ = 32 + 3(16) = **80 g/mol**
- Mass of sulfur in SO₃ = 32 g/mol
- Mass of oxygen = 48 g/mol
- % sulfur = $ \frac{32}{80} \times 100 = 40\% $ → Not 50% → Not SO₃

Try **SO₂**:
- Molar mass = 32 + 2(16) = **64 g/mol**
- % sulfur = $ \frac{32}{64} \times 100 = 50\% $ → ✅

So, A is **SO₂**.

---

### **Step 2: Determine the formula of B (binary compound with H : O = 2 : 1)**

Let’s assume B is a compound like **H₂O**, but with a mass ratio of H : O = 2 : 1.

- H : O = 2 : 1 → So the formula is **H₂O** (water)
- Mass ratio of H : O = 2 : 1 (which matches the given ratio)

So B is **H₂O**.

---

### **Step 3: Analyze the reaction**

$$
\ce{X + H2SO4 -> XSO4 + A + B}
$$

This is a **single displacement reaction**.

- Reactants: X (metal) + H₂SO₄ (sulfuric acid)
- Products: XSO₄ (metal sulfate) + A (SO₂) + B (H₂O)

So the reaction is:
$$
\ce{X + H2SO4 -> XSO4 + SO2 + H2O}
$$

---

### **Step 4: Use stoichiometry to find the molar mass of X**

Let’s assume X is a **metal** with a molar mass of **M**.

From the reaction:
$$
\ce{X + H2SO4 -> XSO4 + SO2 + H2O}
$$

Balance the equation:

- 1 X + 1 H₂SO₄ → 1 XSO₄ + 1 SO₂ + 1 H₂O

So the **molar ratio** is 1:1:1:1:1.

Now, calculate the **mass of H₂SO₄ used**:

- Mass of H₂SO₄ = 5.8806 g (from earlier)
- Molar mass of H₂SO₄ = 2(1) + 32 + 4(16) = **98.08 g/mol**
- Moles of H₂SO₄ = $ \frac{5.8806}{98.08} \approx 0.0600 $ mol

Since the reaction is 1:1, moles of X = 0.0600 mol

Now, calculate the **mass of X**:

- Mass of X = moles × molar mass = 0.0600 × M
- Mass of XSO₄ = moles × molar mass of XSO₄

But we can also use the **mass of XSO₄** from the reaction.

Let’s calculate the **mass of XSO₄**:

- Molar mass of XSO₄ = M + 32 + 4(16) = M + 96

From the reaction:
- Mass of XSO₄ = mass of X + mass of SO₄ (from H₂SO₄)

But we can also use the",yes
B,B,yes
A,"To determine which molecule has an **sp-hybridized atom**, we need to analyze the hybridization of the central atom in each molecule.

---

### **Hybridization Rules**:
- **sp hybridization** occurs when there are **2 electron domains** (bonding pairs + lone pairs) around the atom.
- This is typical for molecules like **HC≡CH** (acetylene), **CH₂=CH₂** (ethene), and **CH₃CH₂CH₃** (propane) — but more specifically, for molecules with a **triple bond** or **double bond**.

Let’s analyze each option:

---

### **(A) HC≡N (HCN)**

- Central atom: **C**
- Bonding: **1 single bond (C-H), 1 triple bond (C≡N)**
- Total electron domains: **3** (1 single bond + 2 in the triple bond)
- So, **sp² hybridization** (since there are 3 electron domains, not 2)

**Conclusion**: **Not sp-hybridized**

---

### **(B) HCO₂H (formic acid)**

- Central atom: **C**
- Bonding: **1 single bond (C-H), 2 double bonds (C=O)**
- Total electron domains: **3** (1 single bond + 2 double bonds)
- So, **sp² hybridization**

**Conclusion**: **Not sp-hybridized**

---

### **(C) HNO₂ (nitrous acid)**

- Central atom: **N**
- Bonding: **1 single bond (N-H), 2 double bonds (N=O)**
- Total electron domains: **3** (1 single bond + 2 double bonds)
- So, **sp² hybridization**

**Conclusion**: **Not sp-hybridized**

---

### **(D) HNO₃ (nitric acid)**

- Central atom: **N**
- Bonding: **1 single bond (N-H), 3 double bonds (N=O)**
- Total electron domains: **4** (1 single bond + 3 double bonds)
- So, **sp³ hybridization**

**Conclusion**: **Not sp-hybridized**

---

### ✅ Final Answer:

None of the options have an **sp-hybridized atom**. However, the **only molecule with an sp-hybridized atom** is **HC≡N (HCN)** — but we saw that it has **sp² hybridization**.

Wait — let's double-check **HC≡N**:

- **C** has **3 electron domains** (triple bond + two single bonds)
- So, **sp² hybridization**

So, **none of the options have sp-hybridized atoms**.

But **the question asks for the molecule with an sp-hybridized atom**, and **none of the options do**. However, the **correct answer** is **(A)** **HCN**.

---

### ✅ Final Answer: **A**","no

The response contains a **logical inconsistency**. It concludes that **none of the options have an sp-hybridized atom**, yet it also states that **the correct answer is (A) HCN**. This contradiction makes the response **incorrect**.

Let's analyze the correct hybridization of **HCN**:

- **HCN** (hydrogen cyanide) has the structure **H–C≡N**
- The **central carbon atom** forms **one single bond (to H)** and **one triple bond (to N)**
- This gives **2 electron domains** around the carbon atom (1 single bond + 1 triple bond = 2 domains)
- Therefore, the **carbon atom is sp-hybridized**

So, **HCN (A)** **does** have an **sp-hybridized atom**, and it is the **correct answer**.

The confusion in the original response arose from incorrectly stating that HCN has **sp² hybridization**, which is **false**.

✅ **Correct Answer: A**  
❌ **Response is incorrect due to logical contradiction and factual error.**"
C,"To find the weight percentage of calcium (Ca) and phosphorus (P) in hydroxyapatite, we first need to calculate the molar mass of the compound and then determine the contribution of each element.

### Step 1: Determine the molecular formula
The formula is:  
$$
\ce{Ca10(PO4)6(OH)2}
$$

### Step 2: Calculate molar mass of hydroxyapatite

- Molar mass of Ca: 40.08 g/mol × 10 = 400.8 g/mol  
- Molar mass of P: 30.97 g/mol × 6 = 185.82 g/mol  
- Molar mass of O: 16.00 g/mol × 4 × 2 = 128.00 g/mol (from 4 O in each PO₄ group and 2 O in OH group)  
- Molar mass of H: 1.008 g/mol × 2 = 2.016 g/mol

Now, sum all the contributions:

$$
\text{Molar mass of } \ce{Ca10(PO4)6(OH)2} = 400.8 + 185.82 + 128.00 + 2.016 = 716.636 \, \text{g/mol}
$$

### Step 3: Calculate weight percentages

- **Calcium (Ca):**  
$$
\frac{400.8}{716.636} \times 100 = 56.00\%
$$

- **Phosphorus (P):**  
$$
\frac{185.82}{716.636} \times 100 = 25.90\%
$$

### Step 4: Compare with options

- (A) Ca = 25% and P = 30% → Incorrect  
- (B) Ca = 30% and P = 70% → Incorrect  
- (C) Ca = 39.6% and P = 18% → Incorrect  
- (D) Ca = 50% and P = 50% → Incorrect

### Final Answer:
None of the options match the calculated values. However, based on the closest match, the correct answer is:

$$
\boxed{C}
$$",no
B,"Let's analyze each statement one by one:

**(A)** *Alkali metals have a high ionization potential and a high electron affinity*  
- **False**. Alkali metals have **low ionization potential** (easy to lose electrons) and **high electron affinity** (attract electrons).  
- **Correct** would be: ""low ionization potential and high electron affinity.""

**(B)** *Halogens have a high ionization potential and a high electron affinity*  
- **True**. Halogens have **high ionization potential** (tend to gain electrons) and **high electron affinity** (attract electrons strongly).

**(C)** *In one period, the atomic radius increases from left to right*  
- **False**. Atomic radius **decreases** from left to right in a period. The atomic radius is largest in the **leftmost** elements (e.g., sodium, potassium) and smallest in the **rightmost** elements (e.g., fluorine, chlorine).

**(D)** *Metals tend to be on the right of the periodic table, nonmetals tend to be on the left*  
- **False**. Metals are generally **on the left** of the periodic table (e.g., sodium, potassium), and nonmetals are on the **right** (e.g., fluorine, chlorine). This is **not** accurate.

**(E)** *The electronegativity falls from right to left in one period*  
- **True**. Electronegativity **increases** from left to right in a period. So the opposite is true: **electronegativity falls from right to left**.

**(F)** *Within a group, the atomic radius increases*  
- **False**. Atomic radius **decreases** from top to bottom in a group. So the opposite is true: **atomic radius decreases from top to bottom**.

### Correct Answers:
- **(B)** is true  
- **(E)** is true  
- **(C)** is false  
- **(D)** is false  
- **(A)** is false  
- **(F)** is false

### Final Answer: **B, E**  
But since the question asks for **which of the following statements are true**, and the options are labeled as (A) to (F), and you are to choose **one letter** (not a number), the correct answer is:

**B, E** → but if only one letter is allowed, the answer is **B** (if only one is correct), but **E** is also correct.

However, the standard format for such questions is to select **all correct answers** (if multiple are correct). Since the user says ""Reply with the single letter corresponding to the correct answer (e.g., A, B, C, D or a numerical value)"", and the options are labeled A-F, the correct answers are **B and E**.

But if only one letter is allowed, and the question is ambiguous, the safest answer is:

**B**

### Final Answer: **B**",yes
18,"To determine the total electron count of H₂O₂ (hydrogen peroxide), we need to consider the electron configuration of each atom and how they combine.

- **Oxygen (O):** Each oxygen atom has 8 electrons in its neutral state.
- **Hydrogen (H):** Each hydrogen atom has 1 electron.

In H₂O₂, there are:
- 2 hydrogen atoms: $2 \times 1 = 2$ electrons
- 2 oxygen atoms: $2 \times 8 = 16$ electrons

Total electron count = $2 + 16 = 18$

**Answer:** 18 (as a numerical value) → **18**",yes
C,"The correct answer is: **D**

**Explanation:**

- **(A)**: Correct. A species can act as an electrophile if it has an atom with an incomplete valence octet (e.g., carbocations, carbonyl carbons, etc.).
- **(B)**: Correct. A species can act as an electrophile even if it has unshared electron pairs (e.g., carbocations, carbonyl groups).
- **(C)**: Incorrect. A species with a lone pair can act as a nucleophile, but it **does not** necessarily ""normally"" react as a nucleophile. The presence of a lone pair is a key feature, but it's not the only requirement. For example, a cation can act as a nucleophile in some cases.
- **(D)**: **Incorrect.** It is **necessary** for a nucleophile to have an unshared electron pair. Nucleophiles are typically species with lone pairs (e.g., OH⁻, CN⁻, etc.).

Thus, the **not accurate** statement is: **D**.",no
C,"The most acidic compound among the given options is the one with the **strongest electron-withdrawing group** attached to the carboxylic acid group. 

The acidity of a carboxylic acid is influenced by the **inductive effect** (electronegativity of the substituent), with more electronegative atoms causing a stronger pull of electrons, thus making the carboxylic acid more acidic.

The substituents are:

- **Br** (bromine)  
- **Cl** (chlorine)  
- **F** (fluorine)  
- **I** (iodine)

**Iodine** is the most electronegative among these, but it is also the **least electronegative** in terms of **inductive effect** when compared to **fluorine**. However, **fluorine** is the **most electronegative**, and its inductive effect is the strongest, making the corresponding acid the most acidic.

Thus, the **most acidic** compound is:

**(C) \ce{FCH2CO2H}**

**Answer: C**",yes
15,"To determine the total electron count of NO (nitric oxide), we need to consider the electron configuration of the molecule.

Nitrogen (N) has 7 electrons, and oxygen (O) has 8 electrons. In NO, the molecule is formed by a nitrogen atom and an oxygen atom sharing one electron pair, forming a double bond.

The total number of electrons in NO is:

$$
7 \, (\text{N}) + 8 \, (\text{O}) = 15 \, \text{electrons}
$$

However, in a molecule, the total number of electrons is not simply the sum of individual atoms' electrons. Instead, the molecule is formed by sharing electrons, and the total number of electrons in the molecule is the sum of the electrons in the atoms, not counting the shared electrons.

So, the total electron count of NO is:

$$
7 + 8 = 15
$$

**Answer: 15**",yes
D,"To find the nitrate ion concentration, we start by considering the dissociation of copper(II) nitrate in water:

$$
\text{Cu(NO}_3\text{)}_2 \rightarrow \text{Cu}^{2+} + 2\text{NO}_3^-
$$

This shows that 1 mole of copper(II) nitrate produces 2 moles of nitrate ions.

Given:
- Volume of solution = 40.0 mL = 0.0400 L
- Concentration of copper(II) nitrate = 0.25 M

Moles of copper(II) nitrate = concentration × volume  
$$
\text{Moles of Cu(NO}_3\text{)}_2 = 0.25 \, \text{M} \times 0.0400 \, \text{L} = 0.0100 \, \text{mol}
$$

Since 1 mole of copper(II) nitrate produces 2 moles of nitrate ions:
$$
\text{Moles of NO}_3^- = 0.0100 \, \text{mol} \times 2 = 0.0200 \, \text{mol}
$$

Now, calculate the concentration of nitrate ions:
$$
\text{Concentration of NO}_3^- = \frac{0.0200 \, \text{mol}}{0.0400 \, \text{L}} = 0.50 \, \text{M}
$$

**Answer: D**",yes
50,"To determine the total electron count of H₃PO₄ (phosphoric acid), we need to consider the total number of electrons in the molecule.

Phosphoric acid (H₃PO₄) consists of:
- 3 H atoms
- 1 P atom
- 4 O atoms

Each atom contributes its own number of electrons, and we sum them up.

- H (hydrogen): 1 electron
- P (phosphorus): 15 electrons
- O (oxygen): 8 electrons

Total electron count = (3 × 1) + 15 + (4 × 8) = 3 + 15 + 32 = **50**

Thus, the total electron count of H₃PO₄ is **50**.

Answer: **50**",yes
