Truth,Model,Critic,Subject
A,"The correct answer is: **(A) Good dissipation of the heat of reaction**

Solution polymerization occurs in a solvent, which allows for better heat transfer and dissipation of the heat of reaction compared to bulk (or substance) polymerization, where the reaction occurs in the absence of a solvent and heat dissipation is less efficient.

**Answer: A**",yes,materials_science
B,"To determine the molecular mass of a polymer, we use the formula:

$$
\text{Molecular mass} = \text{Degree of polymerization} \times \text{Molar mass of the monomer}
$$

For **polystyrene**, the monomer is **styrene**.

- The molecular formula of **styrene** is **C₈H₈**.
- Its molar mass is:

$$
(8 \times 12.01) + (8 \times 1.008) = 96.08 + 8.064 = \pu{104.144 g mol^{-1}}
$$

Now, the **degree of polymerization (DP)** is given as **10,000**.

So,

$$
\text{Molecular mass} = 10,000 \times 104.144 = \pu{1.04144 \times 10^6 g mol^{-1}}
$$

This is approximately **1 × 10⁶ g mol⁻¹**.

### ✅ Correct Answer: **B**",yes,materials_science
A,"The **lever rule** is a method used in phase diagrams to determine the relative amounts (fractions) of phases present in a system at equilibrium. It applies **only when the system is at equilibrium**, and it uses the **compositions of the phases** and the **overall composition of the alloy** to calculate the fractions of each phase.

Let's evaluate the options:

---

**(A) The fraction of the liquid phase is proportional to the distance between $C_0$ and $C_S$.**

- **Incorrect.**  
The **fraction of the liquid phase** is proportional to the **distance between $C_0$ and $C_S$ divided by the total distance between $C_L$ and $C_S$**.  
So this statement is **not entirely correct**.

---

**(B) The fraction of the solid phase is proportional to the distance between $C_0$ and $C_L$.**

- **Incorrect.**  
Similarly, the **fraction of the solid phase** is proportional to the **distance between $C_0$ and $C_L$ divided by the total distance between $C_L$ and $C_S$**.  
So this is **not entirely correct**.

---

**(C) The lever rule can only be applied if the system is at equilibrium.**

- **Correct.**  
The lever rule is **only applicable at equilibrium**, where the system has reached a stable state with defined phase compositions.  
This statement is **true**.

---

**(D) The lever rule is used to determine the compositions of the phases at a given temperature.**

- **Incorrect.**  
The lever rule is **not used to determine the compositions of the phases**, but rather to **determine the relative amounts (fractions)** of phases at a given temperature and composition.

---

### ✅ **Correct Answer: (C)**",yes,materials_science
C,"We are given:

- Two cubic crystals, X and Y, with lattice parameters $ a $ and $ b $ respectively.
- X-ray diffraction using **Cu K<sub>α</sub>** radiation (λ = 1.54 Å).
- Crystal **X** shows **10 peaks** in the 2θ range.
- Crystal **Y** shows **6 peaks** in the same 2θ range.
- Atomic number order: **Cr < Fe < Cu < Mo**.

We are to determine which of the given statements is **most likely true**.

---

### Step 1: Understand the number of diffraction peaks

In X-ray diffraction (XRD), the number of peaks depends on:

- The **crystal structure** (here both are cubic, so same structure)
- The **lattice parameter** (a and b)
- The **wavelength** of the X-ray used
- The **number of crystallographic planes** that satisfy Bragg’s Law:
  $$
  n\lambda = 2d\sin\theta
  $$
  where $ d = \frac{a}{\sqrt{h^2 + k^2 + l^2}} $

So, the number of diffraction peaks is related to the number of **allowed Miller indices** $ (hkl) $ for which Bragg’s Law is satisfied for a given wavelength and 2θ range.

---

### Step 2: Compare the number of peaks

- Crystal **X** shows **10 peaks**
- Crystal **Y** shows **6 peaks**

This implies that **X has more diffraction planes** that satisfy Bragg’s Law in the given 2θ range. Since both are cubic, the number of planes is related to the **lattice parameter** and the **wavelength**.

Let’s define the condition for diffraction:

$$
\sin\theta = \frac{n\lambda}{2d} = \frac{n\lambda}{2a/\sqrt{h^2 + k^2 + l^2}} = \frac{n\lambda\sqrt{h^2 + k^2 + l^2}}{2a}
$$

So, for a given $ \lambda $, the number of diffraction peaks is **inversely proportional** to the lattice parameter $ a $.

Thus, **smaller lattice parameter means more diffraction peaks**.

So:

- **Crystal X** has more peaks → **a < b**
- **Crystal Y** has fewer peaks → **b > a**

So, **a < b** is correct.

---

### Step 3: Effect of changing the X-ray source (wavelength)

We are told:

- **Cr < Fe < Cu < Mo** → so **λ increases from Cr to Mo** (since wavelength is inversely proportional to atomic number for K<sub>α</sub> radiation)

- **Cu K<sub>α</sub>** has λ = 1.54 Å

- **Cr K<sub>α</sub>** has shorter λ → more peaks (since shorter λ gives more diffraction planes in the same 2θ range)

- **Mo K<sub>α</sub>** has longer λ → fewer peaks (since longer λ gives fewer diffraction planes in the same 2θ range)

---

### Step 4: Evaluate the options

#### (A) **a < b**, and using **Cr K<sub>α</sub>** radiation would **increase** the number of peaks for both crystals.

- **a < b** ✅ (as we found)
- **Cr K<sub>α</sub>** has shorter λ → more peaks ✅

✅ **This is likely correct**

#### (B) **a < b**, and using **Fe K<sub>α</sub>** radiation would **decrease** the number of peaks for both crystals.

- **a < b** ✅
- **Fe K<sub>α</sub>** has longer λ than Cu → fewer peaks ❌ (should decrease peaks, but this would be less than Cr, not necessarily decrease for both)

❌ **Not the best choice**

#### (C) **a < b**, and using **Mo K<sub>α</sub>** radiation would **increase** the number of peaks for both crystals.

- **a < b** ✅
- **Mo K<sub>α</sub>** has longer λ → fewer peaks ❌

❌ **Incorrect**

#### (D) **a > b**, and using **Cr K<sub>α</sub>** radiation would **decrease** the number of peaks for both crystals.

- **a > b** ❌ (we found a < b)
- **Cr K<sub>α</sub>** has shorter λ → more peaks ❌

❌ **Incorrect**

#### (E) **a",yes,materials_science
8,"To determine the **average number of monomer units** in each polymer chain of the PLA sample, we can use **end-group analysis** and the given data.

---

### **Given:**

- **Mass of PLA** = 0.1619 g  
- **Volume of benzyl alcohol** = 25 cm³ (not directly needed for calculation)  
- **Concentration of KOH** = 0.0400 mol dm⁻³  
- **Volume of KOH used** = 6.81 cm³ = 0.00681 dm³  
- **Molar mass of PLA** = 595 g/mol  
- **Molar mass of lactic acid monomer** = 90.08 g/mol

---

### **Step 1: Calculate moles of KOH used**

$$
\text{Moles of KOH} = \text{Concentration} \times \text{Volume} = 0.0400 \, \text{mol/dm}^3 \times 0.00681 \, \text{dm}^3 = 0.0002724 \, \text{mol}
$$

---

### **Step 2: Use stoichiometry to find moles of PLA**

Since each PLA molecule has **2 end groups** (carboxylic acid groups), and the titration neutralizes these end groups:

$$
\text{Moles of PLA} = \frac{\text{Moles of KOH}}{2} = \frac{0.0002724}{2} = 0.0001362 \, \text{mol}
$$

---

### **Step 3: Calculate molar mass of PLA from experimental data**

$$
\text{Molar mass of PLA} = \frac{\text{Mass of PLA}}{\text{Moles of PLA}} = \frac{0.1619 \, \text{g}}{0.0001362 \, \text{mol}} \approx 1189 \, \text{g/mol}
$$

---

### **Step 4: Calculate average number of monomer units per chain**

$$
\text{Number of monomer units} = \frac{\text{Molar mass of PLA}}{\text{Molar mass of monomer}} = \frac{1189}{90.08} \approx 13.19
$$

---

### ✅ Final Answer: **13.2**

So, the **average number of monomer units in each polymer chain** is:

$$
\boxed{13.2}
$$

---

### ✅ **Answer: 13.2** (or **C**, if you're to select from multiple-choice letters)",No.,materials_science
C,"The correct answer is: **(C) elastic deformation**

**Explanation:**

- **(A) Anelastic deformation** – This is a type of time-dependent deformation that occurs under stress and recovers with a delay. It is not fully reversible immediately upon removal of stress.
- **(B) Creep deformation** – This is a time-dependent deformation that occurs under constant stress over a long period, typically at elevated temperatures.
- **(C) Elastic deformation** – This is **time-independent** and fully reversible. The material returns to its original shape immediately upon removal of the stress.
- **(D) Viscoelastic deformation** – This combines both elastic and viscous (time-dependent) behavior. It is not purely time-independent.

**Answer: (C)**",yes,materials_science
D,"The **triple point** of a substance is the unique temperature and pressure at which all three phases (solid, liquid, and gas) of that substance can coexist in equilibrium.

For ethyne (C₂H₂), the triple point is given as **192.4 K and 1.2 atm**. This means:

- At **192.4 K** and **1.2 atm**, **solid, liquid, and gas** can all exist in equilibrium.
- **Above or below** the triple point temperature, or **above or below** the triple point pressure, the substance will exist in only one or two phases, depending on the conditions.

Now, let's analyze the choices:

---

**(A) A sample of ethyne at 192.4 K must have a pressure of 1.2 atm**  
→ **Incorrect.** The triple point is a **specific point**, not a rule that every sample at that temperature must have that pressure. It means that at **192.4 K**, if the pressure is **1.2 atm**, then all three phases can coexist. But a sample at that temperature **could** have other pressures, depending on the phase (solid, liquid, or gas).

---

**(B) Solid ethyne is less dense than liquid ethyne**  
→ **Cannot be inferred.** Density is not directly related to the triple point. The triple point does not provide information about the relative densities of the solid and liquid phases.

---

**(C) Solid ethyne is not thermodynamically stable at 193.0 K**  
→ **Correct.**  
At **193.0 K**, which is **above** the triple point temperature (192.4 K), the **solid phase** of ethyne is **not thermodynamically stable** at **any pressure**, including standard atmospheric pressure (1 atm). This is because above the triple point temperature, the solid cannot exist in equilibrium with the liquid or gas unless the pressure is **exactly** at the triple point pressure (1.2 atm). At higher temperatures, the solid would **melt** or **sublimate**, depending on the pressure.

---

**(D) Solid ethyne sublimes rather than melting at 1 atm pressure**  
→ **Correct.**  
At **1 atm**, which is **less than** the triple point pressure (1.2 atm), and at **temperatures above** the triple point temperature (192.4 K), solid ethyne would **sublimate** (go directly from solid to gas) rather than melt, because the triple point pressure is the **minimum pressure** at which liquid can exist. At **1 atm**, liquid ethyne cannot exist at temperatures above the triple point.

So, **both (C) and (D)** seem correct, but only **one** answer is to be selected.

Let’s compare:

- **(C)** is a **general statement** about thermodynamic stability.
- **(D)** is a **specific statement** about phase change at 1 atm.

Since the question asks for what **can be inferred** from the **triple point**, and the triple point **defines the boundary** between solid, liquid, and gas, **(C)** is the **most directly supported** by the triple point information.

---

### ✅ Final Answer: **C**","no

The response is **incorrect**. The **correct answer** is **(D)**, as stated in the original question. The reasoning in the response mistakenly concludes that **(C)** is the correct answer, but **(D)** is the one that **can be directly inferred** from the triple point data.

Let’s clarify why:

- **(D)** is **directly supported** by the triple point: At 1 atm, which is **less than** the triple point pressure (1.2 atm), and **above** the triple point temperature (192.4 K), the **solid cannot exist in equilibrium with a liquid**. Therefore, at 1 atm and above 192.4 K, solid ethyne **sublimes** rather than melts. This is a **direct inference** from the triple point.

- **(C)** is **not fully supported**. While it's true that solid ethyne is not stable at 193.0 K **under most pressures**, the statement is **too general** and doesn't directly follow from the triple point data alone. The triple point only defines the **unique** condition where all three phases coexist, not the stability of the solid at all pressures above the triple point temperature.

Thus, **(D)** is the **best and most directly supported** inference, and the final answer should be **D**, **not C**.

### ✅ Final Answer: **D**.",materials_science
A,"The correct answer is: **(A) Epoxy resins**

Epoxy resins are polymers made from epoxides, which are cyclic ethers. They are widely used in adhesives, coatings, and composites.

**Answer: A**",yes,materials_science
B,"The correct answer is: **B, E**

### Explanation:

**(A) False**  
In a binary phase diagram, the composition of the liquid phase is **not always** richer in the higher melting point component than the solid phase. In fact, depending on the alloy composition and the region of the diagram, the liquid can be richer in the lower melting point component. This is due to the lever rule and the behavior of phase boundaries.

**(B) True**  
The **eutectic point** is where a **liquid phase** transforms **directly into two solid phases**. This is a key feature of binary phase diagrams and represents the lowest temperature at which the alloy can exist as a liquid.

**(C) False**  
The **liquidus line** represents the **upper boundary** of the liquid region. Above the liquidus line, the material is **completely liquid**. So the statement is **partially correct**, but the wording is misleading.

**(D) False**  
The **solidus line** represents the **lower boundary** of the solid region. Below the solidus line, the material is **completely solid**. So the statement is **partially correct**, but the wording is misleading.

**(E) True**  
**Tie lines** are used in **two-phase regions** to determine the compositions of **coexisting phases**. They connect the compositions of the two phases in equilibrium at a given temperature.

### ✅ Correct Answers: **B, E**

If you are to select **only one** letter (as per the instruction), the **best single choice** is: **E** (since it is a more general and accurate statement about phase diagrams). However, **B and E are both correct**.

But if only **one** choice is allowed, and the question is asking for **all true statements**, then the answer should be: **B and E**.

However, the question says:  
> ""Reply with the single letter corresponding to the correct answer (e.g., A, B, C, D or a numerical value).""

So, the correct answer is: **E** ✅

**Answer: E**",yes,materials_science
A,"The correct answer is: **(B) Coupling of living AB chains**

### Explanation:

To synthesize **A-B-A block copolymers with the same end groups**, the most suitable technique is **(B) Coupling of living AB chains**.

#### Why:

- **Living polymerization** allows for controlled chain growth, meaning that the polymer chains remain ""alive"" and can be extended or coupled.
- If you have **living AB chains**, you can **couple** them together to form **A-B-A** block copolymers.
- This technique ensures that the **end groups remain the same** (typically the same functional group from the initiator or chain transfer agent).
- Other techniques like **free radical polymerization (C)** do not offer control over the end groups and are not suitable for this purpose.
- **Sequential monomer addition (D)** can be used for block copolymer synthesis, but it does not guarantee the same end groups on both ends of the A-B-A structure.
- **Bifunctional initiator (A)** may help in forming block copolymers, but it does not necessarily result in **A-B-A** with the same end groups.

### ✅ Final Answer: **B**",no,materials_science
0.0097,"To find the number of moles of acid in the sample, we can use the information from the titration.

### Given:
- Volume of NaOH used = 19.40 cm³ = 0.01940 dm³  
- Concentration of NaOH = 0.100 mol dm⁻³  
- NaOH reacts with acid in a 1:1 molar ratio (since it's a neutralization reaction)

### Step 1: Calculate moles of NaOH used

$$
\text{Moles of NaOH} = \text{Concentration} \times \text{Volume} = 0.100 \, \text{mol dm}^{-3} \times 0.01940 \, \text{dm}^3 = 0.00194 \, \text{mol}
$$

### Step 2: Since NaOH reacts with acid in a 1:1 ratio, the moles of acid = moles of NaOH

$$
\text{Moles of acid} = 0.00194 \, \text{mol}
$$

### ✅ Final Answer: **0.00194**

So, the correct answer is: **0.00194**  
(You can reply with **0.00194** or the letter corresponding to that value if options are given.)",No.,materials_science
B,"To determine the correct answer, we need to analyze the **X-ray diffraction (XRD)** pattern data and understand how it relates to **crystal structures**.

### Given:
- **X-ray source:** Cu Kα, with wavelength λ = **1.54 Å**
- **2θ values (in degrees):**
  31.7, 36.8, 45.5, 54.7, 65.9, 73.7, 77.2, 82.3, 85.7, 94.1

We are told that the sample is **a mixture of two phases**, and we are to determine the most likely identity of those phases.

---

### Step 1: Convert 2θ to θ
We use the relation:

$$
\theta = \frac{2\theta}{2} = \frac{2\theta}{2}
$$

So:

- 31.7 → 15.85°
- 36.8 → 18.4°
- 45.5 → 22.75°
- 54.7 → 27.35°
- 65.9 → 32.95°
- 73.7 → 36.85°
- 77.2 → 38.6°
- 82.3 → 41.15°
- 85.7 → 42.85°
- 94.1 → 47.05°

---

### Step 2: Use Bragg's Law to calculate d-spacing
$$
n\lambda = 2d\sin\theta
$$

Assuming $ n = 1 $ (since we are dealing with first-order diffraction), we can calculate $ d $ for each peak:

$$
d = \frac{\lambda}{2\sin\theta}
$$

Using $ \lambda = 1.54 $ Å, and computing $ \sin\theta $ for each angle:

| 2θ (°) | θ (°) | sinθ | d (Å) |
|--------|-------|------|--------|
| 31.7   | 15.85 | 0.272 | 2.81   |
| 36.8   | 18.4  | 0.316 | 2.42   |
| 45.5   | 22.75 | 0.387 | 1.99   |
| 54.7   | 27.35 | 0.460 | 1.63   |
| 65.9   | 32.95 | 0.542 | 1.39   |
| 73.7   | 36.85 | 0.600 | 1.27   |
| 77.2   | 38.6  | 0.625 | 1.21   |
| 82.3   | 41.15 | 0.658 | 1.14   |
| 85.7   | 42.85 | 0.682 | 1.08   |
| 94.1   | 47.05 | 0.731 | 1.01   |

---

### Step 3: Compare with standard d-spacings for common crystal structures

We now compare these d-spacings to standard values for **FCC**, **BCC**, and **simple cubic (SC)** structures.

#### **FCC (Face-Centered Cubic)**

The allowed Miller indices for FCC are those where $ h + k + l $ is even. The first few d-spacings are:

- (111): $ d = \frac{a}{\sqrt{3}} $
- (200): $ d = \frac{a}{2} $
- (220): $ d = \frac{a}{\sqrt{8}} $
- (311): $ d = \frac{a}{\sqrt{11}} $
- (222): $ d = \frac{a}{\sqrt{12}} $

#### **BCC (Body-Centered Cubic)**

Allowed Miller indices for BCC are those where $ h + k + l $ is even. The first few d-spacings are:

- (110): $ d = \frac{a}{\sqrt{2}} $
- (2",yes,materials_science
A,"The sudden drop in temperature during the hot injection method in quantum dot synthesis **initiates nucleation** but **does not end nanocrystal growth**. The growth continues until the system reaches a metastable state or the growth is quenched by other means (e.g., cooling, solvent evaporation, or surface passivation).

Thus, the correct answer is:  
**(A) No**  

**Answer: A**",yes,materials_science
C,"The correct answer is: **(C) Linear HDPE, because it has a higher degree of crystallinity and better packing of chains**

### Explanation:
Polyethylene can be classified into different types based on its molecular structure:

- **Low-Density Polyethylene (LDPE)** is branched, which prevents the polymer chains from packing closely together. This results in **lower density** and **lower melting point** due to less crystallinity and weaker intermolecular forces (e.g., van der Waals forces).
  
- **High-Density Polyethylene (HDPE)** is **linear** with fewer branches. This allows the polymer chains to pack more efficiently, leading to **higher density** and **higher melting point** due to **increased crystallinity** and **stronger intermolecular interactions**.

### Why not the others?
- **(A)** is incorrect because LDPE and HDPE have **different** densities and melting points, not similar.
- **(B)** is incorrect because branched LDPE has **less** interaction between chains, not more.
- **(D)** is incorrect because HDPE has **less** branching, not more.

### ✅ Final Answer: **C**",yes,materials_science
A,"To determine which monomer can undergo **both radical and polyinsertion (also known as ionic or cationic) polymerization**, we need to consider the structure and reactivity of each monomer.

Let's analyze each option:

---

### (A) **1,3-Butadiene**

- **Structure**: CH₂=CH–CH₂–CH₂  
- **Type**: Diene (contains two double bonds)
- **Polymerization**:
  - **Radical polymerization**: Yes, it can undergo **free radical polymerization**.
  - **Polyinsertion (ionic polymerization)**: Yes, it can undergo **cationic or anionic polymerization** (especially in the case of 1,3-butadiene, which is known for its ability to undergo **1,4- and 3,4-polymerization**).
- ✅ **Can undergo both radical and polyinsertion polymerization**

---

### (B) **Ethylene**

- **Structure**: CH₂=CH₂  
- **Type**: Monounsaturated hydrocarbon
- **Polymerization**:
  - **Radical polymerization**: Yes, it is the basis of **polyethylene**.
  - **Polyinsertion (ionic polymerization)**: **No**, ethylene is not a good candidate for ionic polymerization due to its low reactivity in ionic conditions.
- ❌ **Only undergoes radical polymerization**

---

### (C) **Isobutylene**

- **Structure**: (CH₃)₂C=CH₂  
- **Type**: Monounsaturated hydrocarbon
- **Polymerization**:
  - **Radical polymerization**: Yes, it can undergo free radical polymerization to form **polyisobutylene**.
  - **Polyinsertion (ionic polymerization)**: Yes, it can undergo **cationic polymerization** (especially in the presence of Lewis acids).
- ✅ **Can undergo both radical and polyinsertion polymerization**

---

### (D) **Isoprene**

- **Structure**: CH₂=C(CH₃)–CH₂–CH₂  
- **Type**: Diene (contains one double bond)
- **Polymerization**:
  - **Radical polymerization**: Yes, it can undergo **free radical polymerization**.
  - **Polyinsertion (ionic polymerization)**: Yes, it can undergo **cationic or anionic polymerization** (e.g., in the formation of **natural rubber**).
- ✅ **Can undergo both radical and polyinsertion polymerization**

---

### (E) **Propylene**

- **Structure**: CH₂=CHCH₃  
- **Type**: Monounsaturated hydrocarbon
- **Polymerization**:
  - **Radical polymerization**: Yes, it can undergo free radical polymerization.
  - **Polyinsertion (ionic polymerization)**: **No**, propylene is not typically polymerized via ionic mechanisms.
- ❌ **Only undergoes radical polymerization**

---

### ✅ **Correct Answer: (A) 1,3-butadiene**

It is the **only** monomer among the options that **can undergo both radical and polyinsertion polymerization**.

**Answer: A**",yes,materials_science
A,"The correct answer is: **(D) X-ray diffraction can be used to distinguish a crystalline solid, which shows distinct diffraction patterns, while an amorphous solid only shows scattering.**

### Explanation:

- **(A)**: While it's true that amorphous solids like glass soften gradually and crystalline solids have a specific melting point, this is more of a physical property and not a **definitive analytical technique** to distinguish them. It can be misleading, especially for substances that have similar thermal behavior.

- **(B)**: This is incorrect. **Crystalline solids** typically deform plastically under tensile stress due to their ordered structure, while **amorphous solids** tend to **fracture** more readily due to the lack of a regular structure. However, this is a **mechanical property** and not a standard analytical technique.

- **(C)**: **UV-Vis spectroscopy** is not typically used to distinguish between amorphous and crystalline solids. It is more useful for determining electronic transitions and molecular structure, not crystallinity.

- **(D)**: **X-ray diffraction (XRD)** is the **gold standard** for determining crystallinity. Crystalline solids produce **distinct, sharp diffraction patterns** due to their long-range order, while **amorphous solids** show **broad, diffuse scattering** due to the lack of long-range order.

### ✅ Correct Answer: **D**",yes,materials_science
B,"The correct answer is: **(D)**

### Explanation:

Let's analyze each statement:

---

**(A) Carrier freeze-out occurs at a higher temperature compared to an uncompensated semiconductor**

- **Incorrect.** In a **compensated** semiconductor, the number of ionized donors and acceptors is nearly equal. This reduces the free carrier concentration, and **carrier freeze-out** (where most carriers become frozen in their lattice positions and do not contribute to conduction) occurs **at a lower temperature** compared to an uncompensated semiconductor.

---

**(B) The Fermi level lies between the donor level and the acceptor level**

- **Incorrect.** In a **compensated n-type semiconductor**, the donor and acceptor concentrations are nearly equal. The Fermi level **lies close to the intrinsic level**, not necessarily between the donor and acceptor levels. In an uncompensated n-type semiconductor, the Fermi level lies close to the donor level.

---

**(C) The activation energy for conduction is equal to the energy difference between the donor level and the conduction band minimum**

- **Incorrect.** In a compensated semiconductor, the **activation energy** is **not** the energy difference between the donor level and the conduction band. The activation energy is more closely related to the **energy gap** between the conduction band and the Fermi level. In a compensated semiconductor, the Fermi level is near the intrinsic level, and the activation energy is approximately equal to the band gap.

---

**(D) The concentration of free electrons is approximately equal to the difference between donor and acceptor concentrations**

- **Correct.** In a **compensated semiconductor**, the number of ionized donors and acceptors is nearly equal. Therefore, the **free electron concentration** is approximately equal to the **difference** between the donor and acceptor concentrations.

---

### ✅ Final Answer: **(D)**",no,materials_science
C,"To determine in which solvent the **cationic polymerization of styrene** is fastest, we need to consider the **solvent's ability to stabilize the propagating cation** (i.e., the carbocation intermediate) that forms during the polymerization process.

### Key Concept:
- **Cationic polymerization** proceeds through the formation of a **carbocation**.
- The solvent must **stabilize the carbocation** to make the reaction faster.
- **Polar solvents** (especially those with **electronegative atoms**) are generally better at stabilizing carbocations.

---

### Analysis of the Options:

**(A) 2-Dichloroethane**  
- This is a **polar aprotic solvent**.
- It contains **two chlorine atoms**, which are **electronegative** and can stabilize a carbocation through **inductive effects**.
- It is a **good solvent for cationic polymerization**.

**(B) Pentane**  
- This is a **nonpolar solvent**.
- It **does not stabilize** carbocations well.
- Cationic polymerization is **very slow or not favored** in nonpolar solvents.

**(C) Water**  
- Water is a **polar protic solvent**.
- While it is polar, it is **not a good solvent for cationic polymerization** because:
  - It can **hydrolyze** the carbocation intermediate.
  - It is not a **good stabilizer** for cations in the same way as polar aprotic solvents.

---

### Conclusion:
Among the options, **2-dichloroethane (A)** is the **best solvent** for cationic polymerization of styrene due to its **polarity** and **electronegative atoms** that stabilize the carbocation.

### ✅ Final Answer: **A**",No.,materials_science
A,"The sequence **ABABABABABABABAB** represents a **regular, repeating pattern** of two monomers, A and B, alternating in a fixed order.

This type of copolymer is known as an **alternating copolymer**, where the monomers alternate in a regular, periodic fashion.

### Correct answer: **(A) alternating copolymer**

**Answer: A**",yes,materials_science
D,"To determine the molar ratio between the two monomers in the copolymerization of **1,3-butadiene** and **styrene**, we are given the amounts of **water** and **carbon dioxide** produced upon burning the copolymer.

---

### Step 1: Determine the moles of water and carbon dioxide

#### Given:
- Mass of water (H₂O) = 0.504 g  
- Mass of carbon dioxide (CO₂) = 1.971 g

#### Molar masses:
- H₂O: 18.02 g/mol  
- CO₂: 44.01 g/mol

#### Moles of H₂O:
$$
n_{\text{H}_2\text{O}} = \frac{0.504}{18.02} \approx 0.028 \text{ mol}
$$

#### Moles of CO₂:
$$
n_{\text{CO}_2} = \frac{1.971}{44.01} \approx 0.0448 \text{ mol}
$$

---

### Step 2: Write the combustion reactions for each monomer

#### 1,3-Butadiene: C₄H₆

$$
\ce{C4H6 + \frac{11}{2} O2 -> 4 CO2 + 3 H2O}
$$

So, 1 mole of butadiene produces:
- 4 moles of CO₂
- 3 moles of H₂O

#### Styrene: C₈H₈

$$
\ce{C8H8 + 9 O2 -> 8 CO2 + 4 H2O}
$$

So, 1 mole of styrene produces:
- 8 moles of CO₂
- 4 moles of H₂O

---

### Step 3: Let the number of moles of butadiene = x  
Let the number of moles of styrene = y

Then, the total moles of CO₂ from both monomers is:

$$
4x + 8y = 0.0448 \text{ mol}
$$

The total moles of H₂O from both monomers is:

$$
3x + 4y = 0.028 \text{ mol}
$$

---

### Step 4: Solve the system of equations

We have:

1. $ 4x + 8y = 0.0448 $  
2. $ 3x + 4y = 0.028 $

Let’s simplify the second equation:

Multiply the second equation by 2:

$$
6x + 8y = 0.056
$$

Now subtract the first equation from this:

$$
(6x + 8y) - (4x + 8y) = 0.056 - 0.0448
$$
$$
2x = 0.0112
\Rightarrow x = 0.0056 \text{ mol}
$$

Now plug back into equation 2:

$$
3(0.0056) + 4y = 0.028
\Rightarrow 0.0168 + 4y = 0.028
\Rightarrow 4y = 0.0112
\Rightarrow y = 0.0028 \text{ mol}
$$

---

### Step 5: Find the molar ratio

$$
\text{Ratio} = \frac{x}{y} = \frac{0.0056}{0.0028} = 2
$$

So, the molar ratio of **butadiene to styrene** is **2:1**

---

### ✅ Final Answer: **(D) 2:1**",yes,materials_science
A,"The correct answer is: **(A) it controls solubility properties**

**Explanation:**

The organic ligand shell in quantum dots serves several important functions:

- **(A) Controls solubility properties:** The ligands are typically hydrocarbon chains or other organic molecules that help solubilize the quantum dots in various solvents. This is crucial for their use in different applications (e.g., biological imaging, optoelectronics).

- **(B) Impacts electronic properties like luminescence:** While ligands can have some influence on the electronic properties of quantum dots (e.g., through energy transfer or passivation), their primary role is not to directly control luminescence. This is more influenced by the quantum dot core and surface passivation.

- **(C) Provides colloidal instability:** This is incorrect. Ligands actually help stabilize quantum dots in colloidal solutions by preventing aggregation.

- **(D) Provides surface binding functionalities:** While ligands can provide some surface functionality, this is not their primary role. Their main function is solubility control and stabilization.

Thus, the best answer is: **A**.",yes,materials_science
A,"To determine the difference between the two linkers based on the X-ray diffraction (XRD) data, we need to consider how the **two-theta angle** relates to the **crystal lattice parameters**.

### Key Concept:
In X-ray diffraction, the **two-theta (2θ)** angle is related to the **interplanar spacing (d-spacing)** of the crystal lattice by Bragg's Law:

$$
n\lambda = 2d\sin(\theta)
$$

Where:
- $ n $ is an integer (order of diffraction),
- $ \lambda $ is the wavelength of X-rays,
- $ d $ is the interplanar spacing,
- $ \theta $ is the Bragg angle.

From this, we can see that:
- A **smaller 2θ angle** corresponds to a **larger d-spacing**.
- A **larger 2θ angle** corresponds to a **smaller d-spacing**.

### Given:
- System A has its first reflex at **5°** 2θ.
- System B has its first reflex at **7°** 2θ.

So:
- System A has a **smaller 2θ**, which means it has a **larger d-spacing**.
- System B has a **larger 2θ**, which means it has a **smaller d-spacing**.

### Interpretation:
The **first reflex** in XRD corresponds to the **largest interplanar spacing** in the crystal lattice, which is typically due to the **unit cell dimensions**.

In MOFs, the **linker length** directly affects the **unit cell size**. A **longer linker** leads to a **larger unit cell**, which increases the **d-spacing**.

### Conclusion:
- System A has a **larger d-spacing** → **longer linker**.
- System B has a **smaller d-spacing** → **shorter linker**.

### Correct Answer:
**(C) The linker in system B is longer than in system A**

**Answer: C**",no,materials_science
A,"The correct answer is: **(C) The rate constant for propagation is independent of the size of the radical**

### Explanation:

In **radical chain polymerization**, the overall rate depends on the **initiation**, **propagation**, and **termination** steps. To derive a **kinetic expression**, the following assumptions are typically made:

- **(A)**: Initially, the radical concentration increases and very fast reaches a value close to being constant — **This is a common assumption** in radical polymerization. It is based on the idea that initiation is slow compared to propagation, so the radical concentration quickly reaches a steady-state value.

- **(B)**: The rate constant for initiation is independent of the size of the radical — **This is not a standard assumption** in deriving the kinetic expression for radical polymerization. The initiation rate constant is generally considered to be a property of the initiator and the monomer, not the radical size.

- **(C)**: The rate constant for propagation is independent of the size of the radical — **This is a key assumption**. The propagation step involves the addition of monomer to the growing polymer chain. It is assumed that the rate constant for propagation depends only on the monomer and the radical, not on the size of the polymer chain (i.e., the size of the radical). This simplifies the kinetic model.

- **(D)**: The rate constant for termination is independent of the size of the radical — **This is not a standard assumption**. Termination typically involves the combination of two radicals, and the rate constant is often assumed to depend on the concentration of radicals, not their size.

### Correct Answer: **(C)**",no,materials_science
A,"The molecular structure of elastomers is typically **closely cross-linked**.

**Answer: A**",yes,materials_science
B,"To determine the correct order of interplanar distances (d-spacings) for BCC crystal planes in **decreasing** order, we need to recall the formula for the **interplanar spacing** in a cubic crystal:

$$
d_{hkl} = \frac{a}{\sqrt{h^2 + k^2 + l^2}}
$$

Where:
- $ a $ is the lattice parameter (same for all planes in a cubic crystal),
- $ h, k, l $ are Miller indices of the plane.

In **BCC**, only **certain planes** will produce **Bragg reflections**, specifically those for which the sum $ h + k + l $ is **even**. This is due to the **Bragg condition** and the **structure factor** in BCC crystals.

---

### Step 1: List the planes from the options and check which are allowed (i.e., $ h + k + l $ is even):

#### Option A: (100), (110), (111), (200)
- (100): 1+0+0 = 1 → **odd** → **not allowed**
- (110): 1+1+0 = 2 → **even** → **allowed**
- (111): 1+1+1 = 3 → **odd** → **not allowed**
- (200): 2+0+0 = 2 → **even** → **allowed**

So, only (110) and (200) are allowed → **Option A is invalid**.

---

#### Option B: (110), (200), (211), (220)
- (110): 1+1+0 = 2 → **even** → allowed
- (200): 2+0+0 = 2 → **even** → allowed
- (211): 2+1+1 = 4 → **even** → allowed
- (220): 2+2+0 = 4 → **even** → allowed

All are allowed → **Option B is valid**

---

#### Option C: (110), (200), (221), (310)
- (110): 1+1+0 = 2 → **even** → allowed
- (200): 2+0+0 = 2 → **even** → allowed
- (221): 2+2+1 = 5 → **odd** → **not allowed**
- (310): 3+1+0 = 4 → **even** → allowed

So, (221) is **not allowed** → **Option C is invalid**

---

#### Option D: (110), (211), (310), (222)
- (110): 1+1+0 = 2 → **even** → allowed
- (211): 2+1+1 = 4 → **even** → allowed
- (310): 3+1+0 = 4 → **even** → allowed
- (222): 2+2+2 = 6 → **even** → allowed

All are allowed → **Option D is valid**

---

### Step 2: Now compute the d-spacings for the valid planes in **Option B** and **Option D**:

Let’s assume $ a = 1 $ for simplicity.

#### Option B:
- (110): $ d = \frac{1}{\sqrt{1^2 + 1^2 + 0^2}} = \frac{1}{\sqrt{2}} \approx 0.707 $
- (200): $ d = \frac{1}{\sqrt{2^2 + 0^2 + 0^2}} = \frac{1}{2} = 0.5 $
- (211): $ d = \frac{1}{\sqrt{2^2 + 1^2 + 1^2}} = \frac{1}{\sqrt{6}} \approx 0.408 $
- (220): $ d = \frac{1}{\sqrt{2^2 + 2^2 + 0^2}} = \frac{1}{\sqrt{8}} = \frac{1}{2\sqrt{2}} \approx 0.354 $

**Order in decreasing d-spacing (from largest to smallest):**
- (110) > (200) > (211) > (220)

So, **Option B** has the correct",yes,materials_science
C,"The correct answer is: **(C) Ethylene glycol**

Polyurethanes are formed by the reaction of **isocyanates** with **polyols**, such as **ethylene glycol**. This reaction is a key step in the synthesis of polyurethane polymers.

**Answer: C**",yes,materials_science
C,"To determine which monomer can be polymerized using **anionic polymerization**, we need to consider the **electrophilic nature** of the monomer and whether it can undergo **initiation by a nucleophilic anion**.

Anionic polymerization typically involves **electrophilic monomers** that can be attacked by a nucleophilic initiator (e.g., a strong base like n-butyllithium). The monomer must be able to form a stable anionic intermediate during the initiation step.

Let's analyze each option:

---

### (A) **Isobutene**
- Isobutene is **not** an electrophilic monomer that can be polymerized by anionic polymerization.
- It is more commonly polymerized by **cationic** or **radical** mechanisms.
- **Not suitable for anionic polymerization.**

---

### (B) **Methyl vinyl ether**
- Methyl vinyl ether is a **vinyl ether**.
- It can undergo **anionic polymerization** because the **vinyl ether group is electron-rich and can be attacked by a nucleophilic anion**.
- **Suitable for anionic polymerization.**

---

### (C) **n-Vinylcarbazole**
- n-Vinylcarbazole is a **vinyl aromatic compound**.
- It can be polymerized by **anionic polymerization** due to the **aromatic ring** and the **vinyl group**, which can be attacked by an anion.
- **Suitable for anionic polymerization.**

---

### (D) **Propiolactone**
- Propiolactone is a **lactone**.
- Lactones typically undergo **ring-opening polymerization**, but not **anionic**.
- **Not suitable for anionic polymerization.**

---

### (E) **Propylene sulfide**
- Propylene sulfide is a **sulfide** compound.
- Sulfides can sometimes undergo **anionic polymerization**, especially in certain conditions.
- However, it is **less commonly** used in anionic polymerization compared to vinyl ethers or aromatic vinyl compounds.
- **Possibly suitable, but not the most typical.**

---

### ✅ **Best Answer: (B) methyl vinyl ether**

It is a classic example of a monomer that undergoes **anionic polymerization** due to its **electrophilic nature** and ability to form a stable anionic intermediate.

---

**Answer: B**",no,materials_science
B,"The correct answer is: **(B) The polymer experiences depolymerization, leading to the formation of monomers**

**Explanation:**

Nitroxide-Mediated Polymerization (NMP) produces polymers with controlled molecular weight and narrow polydispersity. The polymerization is initiated by a nitroxide radical (e.g., TEMPO) and proceeds via a living/controlled mechanism. The resulting polymer has a stable radical at the end of the chain, which makes it relatively stable under normal conditions.

However, **when the polymer is heated above 150°C**, the nitroxide end groups can undergo **thermal decomposition**. This leads to **depolymerization** of the polymer chain, breaking it down into the original monomers. This is a characteristic behavior of NMP polymers and is often used in the **thermal reversal** of polymerization.

**Answer:** **B**",yes,materials_science
C,"The correct answer is: **(C)**

**Explanation:**

Polyethylene (PE) is a **thermoplastic polymer**, which means it can be **melted and reshaped** when heated. It has **no cross-links** between its polymer chains, so it can be easily recycled by melting and reforming into new products.

Automobile tires, on the other hand, are typically made of **cross-linked rubber**, which is a **thermoset**. Cross-linking creates a **network structure** that is very stable and **cannot be melted** like thermoplastics. This makes recycling tires difficult because breaking down the cross-links requires **extremely high temperatures**, and the resulting material may not be suitable for reuse in many applications.

So, **(C)** correctly explains the difference between recyclability of PE milk jugs and automobile tires. 

**Answer: C**",yes,materials_science
A,"To determine the correct ordering of linkers in increasing pore size of the resulting MOFs, we need to analyze the molecular structures of the linkers provided in the SMILES notation.

Each linker is a **carboxylic acid derivative**, and the **pore size of MOFs** is generally determined by the **size of the linker**. Larger linkers tend to create **larger pores** in the MOF structure, assuming all other factors (such as metal nodes) are similar.

Let’s break down the three linkers:

---

### **Linker 1**:
```
[START_SMILES]CC1=C(C(O)=O)C=CC(C(O)=O)=C1[END_SMILES]
```

This corresponds to **salicylic acid** (2-hydroxybenzoic acid), which has **two carboxylic acid groups** (one at the para position and one at the meta position relative to the hydroxyl group). It is a **bidentate linker** with a **smaller overall size** due to the hydroxyl group and the arrangement of functional groups.

---

### **Linker 2**:
```
[START_SMILES]CC1=CC(C(O)=O)=CC=C1C2=CC=C(C(O)=O)C=C2[END_SMILES]
```

This corresponds to **terephthalic acid** (1,4-benzenedicarboxylic acid), which has **two carboxylic acid groups** at the **para positions** of a benzene ring. This is a **bidentate linker**, and the **symmetrical arrangement** of the carboxylic acid groups leads to a **larger overall size** compared to salicylic acid.

---

### **Linker 3**:
```
[START_SMILES]CC1=CC(C2=CC=C(C(O)=O)C=C2)=CC=C1C3=CC=C(C(O)=O)C=C3[END_SMILES]
```

This corresponds to **naphthalene-1,4,5,8-tetracarboxylic acid**, which has **four carboxylic acid groups** on a **naphthalene ring**. This is a **tetradentate linker**, and due to the **larger aromatic ring** and **more functional groups**, it is the **largest linker** among the three.

---

### **Ordering by Increasing Pore Size**:

- **Smallest linker**: **Salicylic acid** → **Linker 1**
- **Middle linker**: **Terephthalic acid** → **Linker 2**
- **Largest linker**: **Naphthalene-1,4,5,8-tetracarboxylic acid** → **Linker 3**

### **Correct Order (increasing pore size)**:
**Linker 1 < Linker 2 < Linker 3**

---

### **Correct Answer**:
**(A)**  
$$
[START_SMILES]CC1=C(C(O)=O)C=CC(C(O)=O)=C1[END_SMILES] < [START_SMILES]CC1=CC(C2=CC=C(C(O)=O)C=C2)=CC=C1C3=CC=C(C(O)=O)C=C3[END_SMILES] < [START_SMILES]CC1=CC(C(O)=O)=CC=C1C2=CC=C(C(O)=O)C=C2[END_SMILES]
$$

✅ **Answer: A**",yes,materials_science
A,"To determine which pair of crystal systems share the same type of unit cell dimensions but differ in their axial angles, we need to compare the **unit cell parameters** (edge lengths and angles) for each crystal system.

Here are the unit cell parameters for each crystal system:

### 1. **Cubic**  
- Edge lengths: $ a = b = c $  
- Angles: $ \alpha = \beta = \gamma = 90^\circ $

### 2. **Rhombohedral**  
- Edge lengths: $ a = b = c $  
- Angles: $ \alpha = \beta = \gamma \neq 90^\circ $

### 3. **Hexagonal**  
- Edge lengths: $ a = b \neq c $  
- Angles: $ \alpha = \beta = 90^\circ $, $ \gamma = 120^\circ $

### 4. **Monoclinic**  
- Edge lengths: $ a \neq b \neq c $  
- Angles: $ \alpha = \gamma = 90^\circ $, $ \beta \neq 90^\circ $

### 5. **Tetragonal**  
- Edge lengths: $ a = b \neq c $  
- Angles: $ \alpha = \beta = \gamma = 90^\circ $

### 6. **Orthorhombic**  
- Edge lengths: $ a \neq b \neq c $  
- Angles: $ \alpha = \beta = \gamma = 90^\circ $

---

### Let's analyze the options:

**(A) Cubic and Rhombohedral**  
- Both have $ a = b = c $  
- Cubic: all angles = 90°  
- Rhombohedral: all angles ≠ 90°  
✅ **Same edge lengths, different angles** → **Correct**

**(B) Hexagonal and Cubic**  
- Hexagonal: $ a = b \neq c $, angles: $ \alpha = \beta = 90^\circ $, $ \gamma = 120^\circ $  
- Cubic: $ a = b = c $, all angles = 90°  
❌ Different edge lengths and angles → **Incorrect**

**(C) Monoclinic and Tetragonal**  
- Monoclinic: $ a \neq b \neq c $, angles: $ \alpha = \gamma = 90^\circ $, $ \beta \neq 90^\circ $  
- Tetragonal: $ a = b \neq c $, all angles = 90°  
❌ Different edge lengths and angles → **Incorrect**

**(D) Rhombohedral and Hexagonal**  
- Rhombohedral: $ a = b = c $, all angles ≠ 90°  
- Hexagonal: $ a = b \neq c $, angles: $ \alpha = \beta = 90^\circ $, $ \gamma = 120^\circ $  
❌ Different edge lengths and angles → **Incorrect**

**(E) Tetragonal and Orthorhombic**  
- Tetragonal: $ a = b \neq c $, all angles = 90°  
- Orthorhombic: $ a \neq b \neq c $, all angles = 90°  
❌ Different edge lengths, same angles → **Incorrect**

---

### ✅ Correct Answer: **(A) Cubic and Rhombohedral**

**Answer: A**",yes,materials_science
D,"To determine the correct ordering of the linkers in increasing **density of the resulting MOFs after activation**, we need to analyze the **molecular structure and size** of the linkers.

The linkers are provided in SMILES format. Let's interpret them:

---

### **Linker A:**
```
[START_SMILES]CC1=C(C(O)=O)C=CC(C(O)=O)=C1[END_SMILES]
```
This is **benzoic acid** (or a derivative), with **two carboxylic acid groups** attached to a benzene ring. The molecule is **small**, has **two functional groups**, and is **flexible**.

---

### **Linker B:**
```
[START_SMILES]CC1=CC(C(O)=O)=CC=C1C2=CC=C(C(O)=O)C=C2[END_SMILES]
```
This is **terephthalic acid**, which is **two carboxylic acid groups** on a **para-disubstituted benzene ring**. It is **more rigid** than benzoic acid due to the para-substitution, and **has a larger molecular size**.

---

### **Linker C:**
```
[START_SMILES]CC1=CC(C2=CC=C(C(O)=O)C=C2)=CC=C1C3=CC=C(C(O)=O)C=C3[END_SMILES]
```
This is **naphthalene-1,4,5,8-tetracarboxylic acid** (or a similar molecule), with **four carboxylic acid groups** on a **naphthalene ring**. It is **larger** in size and has **more functional groups**, making it **more rigid** and **more bulky**.

---

### **Key Consideration:**
- **Smaller linkers** lead to **more densely packed MOFs**, as the framework can be built with **more linkers per unit volume**.
- **Larger linkers** occupy more space, leading to **lower MOF density**.

---

### **Ordering by increasing density** (i.e., from smallest to largest linker):
1. **Linker A (benzoic acid)** – smallest and most flexible
2. **Linker B (terephthalic acid)** – more rigid and larger than A
3. **Linker C (naphthalene-1,4,5,8-tetracarboxylic acid)** – largest and most rigid

---

### **Correct Answer:**
**(A)**  
$$
\text{[A] < [B] < [C]}
$$

✅ **Answer: A**",no,materials_science
B,"To determine the functionality of allyl alcohol in relation to condensation reactions with terephthalic acid, we need to consider:

1. **Allyl alcohol** has the chemical formula **C₃H₆O** and the structure **CH₂=CH–CH₂–OH**.
2. It contains **one hydroxyl group (–OH)**, which is a reactive site.
3. **Terephthalic acid** has two carboxylic acid groups (–COOH), which are also reactive in condensation reactions.

In a condensation reaction between allyl alcohol and terephthalic acid, the **–OH** group of allyl alcohol can react with one of the **–COOH** groups of terephthalic acid (via esterification or amide formation, depending on the reaction conditions).

Since **allyl alcohol has only one reactive –OH group**, it has **functionality = 1** in this context.

### ✅ Correct Answer: **(B) 1**",yes,materials_science
B,"The correct answer is: **(B) Polycondensation**

Poly(lactic acid) (PLA) is typically synthesized via **polycondensation**, a polymerization technique in which monomers with functional groups (such as carboxylic acid and hydroxyl groups) react to form a polymer and a byproduct (such as water). This process is commonly used for the synthesis of polyester-based polymers like PLA.

**Answer: B**",yes,materials_science
A,"To determine the correct statement regarding the formation of vacancy defects ($V_A$) and interstitial defects ($B_i$) in a semiconductor $\ce{AB}$, let's analyze each option carefully.

---

### **Option (A):**  
**""Both the temperature during synthesis condition and Fermi level within the bandgap can play a role.""**

- **Temperature** affects the equilibrium between defect formation and defect annihilation, as higher temperatures increase the probability of atoms moving and forming defects.
- **Fermi level** (or chemical potential) influences the relative stability of defect states and the concentration of defects, especially in doped semiconductors.
- **True.** Both temperature and Fermi level (chemical potential) can influence defect formation.

✅ **This is a correct statement.**

---

### **Option (B):**  
**""If the chemical potential of atom $\ce{A}$ during synthesis is high, more $V_A$'s are formed.""**

- A **high chemical potential** of $\ce{A}$ means that $\ce{A}$ atoms are more abundant or more favorable to be present in the system.
- Therefore, **fewer vacancies** ($V_A$) would be formed, because vacancies are **deficiencies** of atoms.
- **False.** A high chemical potential of $\ce{A}$ would lead to **fewer** $V_A$ defects, not more.

❌ **This is incorrect.**

---

### **Option (C):**  
**""One cannot control the defect concentration during synthesis, but can be controlled later.""**

- This is **generally not true**. Defect concentration **can be controlled during synthesis** by adjusting parameters like temperature, pressure, and chemical potential.
- Defect concentration **can also be controlled later** (e.g., through annealing or ion implantation), but it's not **true** that one **cannot** control it during synthesis.

❌ **This is incorrect.**

---

### **Option (D):**  
**""The chemical potential of $B_i$ does not affect the concentration of $V_A$ defects.""**

- The chemical potential of $\ce{B_i}$ (interstitial defects of $\ce{B}$) is related to the **chemical potential of $\ce{B}$**, which in turn affects the **equilibrium** of the system.
- Since $\ce{A}$ and $\ce{B}$ are different atoms, the chemical potential of $\ce{B}$ (and thus $B_i$) **can influence** the concentration of $V_A$ defects.
- **False.** The chemical potential of $B_i$ **does** affect the concentration of $V_A$.

❌ **This is incorrect.**

---

### ✅ **Correct Answer: (A)**

**Answer: A**",yes,materials_science
A,"The rate of radical polymerization is proportional to the square root of the initiator concentration. This is because the rate depends on the concentration of radicals, which in turn depends on the square root of the initiator concentration.

$$
\text{Rate} \propto \sqrt{[I]}
$$

To double the rate, we need:

$$
2 \times \text{Rate} \propto \sqrt{[I]_{\text{new}}}
$$

$$
\sqrt{[I]_{\text{new}}} = 2 \sqrt{[I]}
$$

Squaring both sides:

$$
[I]_{\text{new}} = 4[I]
$$

So, the initiator concentration must be **quadrupled**.

### Answer: **B**",No.,materials_science
C,"The correct answer is: **C** (Polyethylene plastics)

Acetylene (C₂H₂) is used in the production of polyethylene plastics through a process called polymerization. 

- **Ethane (A)** and **Methane (B)** are simpler hydrocarbons and are not typically made from acetylene.
- **Propene (D)** is a different hydrocarbon and is not directly produced from acetylene in this context.

The answer is: **C**",yes,materials_science
D,"To determine which of the given systems can be used for **free radical polymerization at 5°C**, we need to consider the **thermal decomposition behavior** of the initiators. Free radical polymerization typically requires the initiator to **decompose at the polymerization temperature**, producing free radicals that initiate the polymerization.

Let’s analyze each option:

---

### (A) **Azobisisobutyronitrile (AIBN)**

- AIBN is a common organic initiator used for free radical polymerization.
- It **decomposes thermally** and is **active at low temperatures**, including around **5°C**.
- It is **suitable for polymerization at low temperatures**.
- ✅ **Can be used at 5°C**.

---

### (B) **Benzoyl peroxide**

- Benzoyl peroxide is also a thermal initiator.
- It **decomposes at higher temperatures** (typically above 50–60°C).
- At **5°C**, it **does not decompose significantly**.
- ❌ **Not suitable for 5°C**.

---

### (C) **Potassium persulfate**

- Potassium persulfate is a **thermal initiator**, but it **requires a co-initiator** (e.g., **sodium metabisulfite** or **sulfite**) to function effectively.
- Even if it decomposes at **5°C**, it may **not be efficient** without a co-initiator.
- ❌ **Not ideal for 5°C** without a co-initiator.

---

### (D) **FeSO₄ + t-butyl hydroperoxide**

- This is a **redox-initiation system**.
- FeSO₄ (ferrous sulfate) is a **reducing agent**, and t-butyl hydroperoxide is an **oxidizing agent**.
- This system **requires a redox reaction** to generate free radicals.
- It is **not thermally activated** and **does not decompose at 5°C**.
- ❌ **Not suitable for 5°C**.

---

### ✅ **Correct Answer: (A) Azobisisobutyronitrile**

**Answer: A**",no,materials_science
A,"The correct answer is: **(A) \ce{F-} forms a stable bonds to the metal ions**

### Explanation:

In the context of NMR analysis of metal-organic frameworks (MOFs), the goal is to **digest** the MOF and **remove the organic linker**, while **preserving the metal clusters**.

- **Hydrofluoric acid (HF)** is often used for this purpose because **fluoride ions (\ce{F^-})** can **coordinate strongly to metal ions**, which helps **stabilize the metal clusters** during the digestion process.
- This **coordination** prevents the metal from dissolving or being lost, allowing for the **intact recovery of the metal cluster**, which is essential for accurate NMR analysis.

### Why the other options are incorrect:

- **(B)**: \ce{HF} is **not more soluble in water** than \ce{HCl}. In fact, \ce{HF} is **highly soluble in water**, but so is \ce{HCl}.
- **(C)**: \ce{HF} has a **much higher boiling point** than \ce{HCl}, but this is **not relevant** to the purpose of digesting MOFs.
- **(D)**: \ce{HF} is a **stronger acid** than \ce{HCl}, not weaker. This is a **common misconception**.

### Final Answer:
**A**",yes,materials_science
B,"The correct answer is: **(C) they have size dependent properties**

### Explanation:
- **(A) they are always made up of inorganic shell** – Incorrect. Not all colloidal semiconductor nanostructures have an inorganic shell; some may have organic coatings or be bare.
- **(B) they are dispersible in solvent** – Incorrect. Colloidal nanostructures are generally dispersible in solvents, but this is not always true (e.g., if they are not properly functionalized or if the solvent is not compatible).
- **(C) they have size dependent properties** – **Correct**. One of the defining features of nanostructures is that their optical, electronic, and magnetic properties depend on their size due to quantum confinement effects.
- **(D) they range from 2 nm–20 nm in size** – Incorrect. While many colloidal semiconductor nanostructures fall in this size range, the size can vary widely depending on the material and synthesis method (e.g., quantum dots can be smaller, and some nanostructures can be larger).

### Final Answer: **C**",no,materials_science
A,"The correct answer is: **B, C**

### Explanation:

**(A) An alloy with a eutectic composition will always solidify at a single temperature.**  
✅ **True**. A eutectic alloy solidifies at a single, well-defined temperature (the eutectic temperature), which is lower than the melting points of the individual components. This is a characteristic of the eutectic reaction.

**(B) The Gibbs free energy of an alloy must be minimized for the alloy to be in a stable phase.**  
✅ **True**. According to thermodynamics, the system will always move toward the state of minimum Gibbs free energy, which corresponds to the most stable phase.

**(C) The presence of intermetallic compounds in an alloy can lead to the formation of multiple phases.**  
✅ **True**. Intermetallic compounds are often formed in alloys and can result in multiple phases, especially when the alloy is near the boundaries of phase regions in a phase diagram.

**(D) The solubility limit in an alloy system is independent of temperature.**  
❌ **False**. The solubility limit of one component in another typically **depends on temperature**. For example, in the Cu-Zn system, solubility increases with temperature, and phase separation can occur upon cooling.

---

### Final Answer: **B, C**  
However, since the question asks for **a single letter** corresponding to the correct answer, and **B and C are both correct**, the best interpretation is that the question expects **multiple correct answers** to be selected.

If only one letter is allowed (as is typical in some multiple-choice formats), and if we must choose the **most correct** or **best** answer, then **B** is the **most universally correct** and **fundamental** statement.

### Final Answer: **B** ✅",yes,materials_science
B,"The correct answer is: **(C) At pH > pKa, the polymer is partially charged and forms a random coil**

### Explanation:

Polyanion/polyacid polymers are typically **carboxylic acid groups** (e.g., poly(acrylic acid)) that can lose protons (H⁺) depending on the pH of the solution.

- **pKa** is the pH at which **half** of the acidic groups are dissociated (i.e., deprotonated).
- At **pH < pKa**, the solution is more acidic than the pKa of the polymer. This means that most of the acidic groups are **protonated** (uncharged), and the polymer tends to be **collapsed** due to the lack of electrostatic repulsion.
- At **pH = pKa**, about **half** of the acidic groups are deprotonated, so the polymer is **partially charged**, and it may adopt a **random coil** conformation.
- At **pH > pKa**, the solution is more basic than the pKa of the polymer. This means that most of the acidic groups are **deprotonated** (charged), leading to **electrostatic repulsion** between the negatively charged groups. This repulsion tends to **stretch** the polymer chain, forming a **stretched chain** conformation.

### Let's evaluate the options:

- **(A)** At pH < pKa, the polymer is uncharged and collapsed – **Incorrect**. It is mostly protonated (partially charged), not uncharged.
- **(B)** At pH > pKa, the polymer is fully charged and forms a stretched chain – **Incorrect**. It is **partially** charged, and while it tends to stretch, it may not be **fully** charged.
- **(C)** At pH > pKa, the polymer is partially charged and forms a random coil – **Incorrect**. At pH > pKa, the polymer is mostly deprotonated and tends to **stretch**, not form a random coil.
- **(D)** At pH ~ pKa, the polymer is charged and collapsed – **Incorrect**. At pH ~ pKa, the polymer is **partially** charged and tends to form a **random coil**, not collapsed.

### Correct statement:

**(C)** is **not** correct. The correct statement would be:

- At **pH > pKa**, the polymer is **mostly deprotonated** (charged) and tends to form a **stretched chain** (not random coil).

### Final Answer: **(B)** is **not** correct.

### Correct answer: **(C)** is **incorrect**.

Actually, the **correct statement** is:

> **At pH > pKa**, the polymer is **fully charged** and forms a **stretched chain**.

So the **correct** answer is:

**(B)**

### ✅ Final Answer: **B**",no,materials_science
A,"To determine which linker might exhibit **photoswitchable gas uptake behavior**, we need to identify whether any of the provided linkers contain **photoswitchable functional groups**.

A **photoswitchable** molecule can change its structure or properties in response to light, typically through **photoisomerization** or **photochemical reactions**. Common photoswitchable groups include:

- **Azobenzene** (–N=N–)
- **Spiropyran** (a photochromic compound)
- **Benzene rings with substituents that change upon light exposure**
- **Other light-sensitive moieties**

Let’s examine each option:

---

### **Option A**  
**[START_SMILES]CC(C=CC=C1)=C1/N=N/C2=C(C(O)=O)C=CC(C(O)=O)=C2[END_SMILES]**

This contains an **azobenzene** group (–N=N–), which is a classic **photoswitchable** group. Azobenzene can undergo **trans-to-cis isomerization** upon exposure to light, which can significantly alter the **pore size**, **gas adsorption capacity**, and **gas uptake behavior** in MOFs.

✅ **This linker is photoswitchable.**

---

### **Option B**  
**[START_SMILES]CC1=C(C2=C(C(C=C(C(O)=O)C=C3)=C3C4=C2C=C(C(O)=O)C=C4)C)C=C(C)S1[END_SMILES]**

This contains several **carboxylic acid groups** (–COOH) and **sulfur atoms** (–S–), but no obvious photoswitchable groups like azobenzene or spiropyran. It may be **acidic or polar**, but no light-sensitive functionality is evident.

❌ **Not photoswitchable.**

---

### **Option C**  
**[START_SMILES]CC1=C(C2=C(C(C=C(C(O)=O)C=C3)=C3C4=C2C=C(C(O)=O)C=C4)C5=C(C)SC(C)=C5)C=C(C)S1[END_SMILES]**

This is more complex and contains **multiple carboxylic acid groups** and **sulfur atoms**. Again, no photoswitchable groups like azobenzene or spiropyran are present.

❌ **Not photoswitchable.**

---

### **Option D**  
**[START_SMILES]CC1=CC(C(O)=O)=CC=C1C2=CC=C(C(O)=O)C=C2[END_SMILES]**

This contains **carboxylic acid groups** (–COOH) and **benzene rings**, but no photoswitchable functional groups.

❌ **Not photoswitchable.**

---

### ✅ **Correct Answer: A**

**Answer: A**",yes,materials_science
A,"The correct answer is: **(C) it is a liquid-phase method**

### Explanation:
- **(A) it involves the separation of the growth and nucleation stages during quantum dots synthesis**  
  ❌ **False.** In the hot injection method, nucleation and growth typically occur simultaneously or in a closely coupled manner, not separated.

- **(B) it is a gas-phase method**  
  ❌ **False.** The hot injection method is a **liquid-phase** synthesis method. Precursors are dissolved in a solvent and injected into a hot solution.

- **(C) it is a liquid-phase method**  
  ✅ **True.** This is the defining characteristic of the hot injection method.

- **(D) it is suitable for synthesizing quantum dots with a wide size distribution**  
  ❌ **False.** The hot injection method is known for producing **monodisperse** (narrow size distribution) quantum dots due to precise control over nucleation and growth.

### Final Answer: **C**",yes,materials_science
B,"We are given a titration problem involving the hydrolysis of **compound B**, which is a **dimer of lactic acid**.

### Step-by-step Breakdown:

---

### **1. Understand the reaction:**

Lactic acid is a weak acid, and it can dimerize to form **compound B**, which is a dimer of lactic acid.

When compound B is **hydrolyzed**, it reverts back to two molecules of lactic acid.

So:
$$
\ce{B -> 2 CH3CH(OH)COOH}
$$

---

### **2. Reaction with NaOH:**

Lactic acid reacts with **NaOH** in a 1:1 molar ratio:
$$
\ce{CH3CH(OH)COOH + NaOH -> CH3CH(OH)COO^-Na^+ + H2O}
$$

So, for **each mole of lactic acid**, one mole of NaOH is consumed.

Since compound B is a **dimer**, it will react with **2 moles of NaOH** per mole of compound B.

---

### **3. Titration with HCl:**

After hydrolysis, compound B is converted back into **two moles of lactic acid**.

So, the **total moles of NaOH** added initially will be:

- **Moles of NaOH added** = $0.100 \, \text{mol/dm}^3 \times 0.04000 \, \text{dm}^3 = 0.004000 \, \text{mol}$
- **Moles of NaOH remaining** = $0.100 \, \text{mol/dm}^3 \times 0.01850 \, \text{dm}^3 = 0.001850 \, \text{mol}$

So, **moles of NaOH consumed** = $0.004000 - 0.001850 = 0.002150 \, \text{mol}$

Since **each mole of compound B consumes 2 moles of NaOH**, the moles of compound B is:

$$
\text{Moles of B} = \frac{0.002150}{2} = 0.001075 \, \text{mol}
$$

---

### **4. Calculate the mass of compound B:**

We need to know the **molar mass** of compound B, which is a **dimer of lactic acid**.

#### Molar mass of lactic acid:
$$
\ce{C3H6O3} \Rightarrow 3(12.01) + 6(1.01) + 3(16.00) = 36.03 + 6.06 + 48.00 = 90.09 \, \text{g/mol}
$$

So, the molar mass of **compound B** (dimer) is:
$$
2 \times 90.09 = 180.18 \, \text{g/mol}
$$

---

### **5. Final Calculation:**

$$
\text{Mass of B} = 0.001075 \, \text{mol} \times 180.18 \, \text{g/mol} = 0.1935 \, \text{g}
$$

---

### **Answer:**

The closest option is:

**(C) 0.1905**

---

### ✅ Final Answer: **C**","no

---

### **Reason:**

The final calculated mass of compound B is **0.1935 g**, which is **not** equal to **0.1905 g**. The correct answer should be **0.1935 g**, and none of the given options exactly match this value.

However, **option (C) 0.1905 g** is the **closest** value to the calculated mass, so it might be considered the best choice if the question allows for some rounding or experimental error.

But strictly speaking, the **calculated value** is **not** exactly one of the options, so the **answer is not correct**.

---

### ✅ Final Answer: **No**.",materials_science
A,"To solve this, we need to recall the rate law for **radical polymerization**.

The **rate of polymerization** in radical polymerization is typically given by:

$$
R_p = k_p [M][I]^{1/2}
$$

Where:
- $ R_p $ = polymerization rate
- $ k_p $ = rate constant
- $ [M] $ = monomer concentration
- $ [I] $ = initiator concentration

We are told:
- The **initiator concentration is reduced to 25%** of its original value.
- The **gross reaction rate** (i.e., $ R_p $) must **remain the same**.
- We are to find by what **factor the monomer concentration must be increased**.

---

### Step 1: Let the original values be:
- $ [I]_0 $
- $ [M]_0 $

Then:
- New $ [I] = 0.25[I]_0 $
- New $ [M] = x[M]_0 $, where $ x $ is the factor by which the monomer concentration must be increased.

We want the **rate to remain the same**, so:

$$
k_p [M]_0 [I]_0^{1/2} = k_p x[M]_0 (0.25[I]_0)^{1/2}
$$

Cancel $ k_p [M]_0 $ from both sides:

$$
[I]_0^{1/2} = x (0.25)^{1/2} [I]_0^{1/2}
$$

Divide both sides by $ [I]_0^{1/2} $:

$$
1 = x (0.25)^{1/2}
$$

$$
x = \frac{1}{(0.25)^{1/2}} = \frac{1}{\sqrt{0.25}} = \frac{1}{0.5} = 2
$$

---

### ✅ Final Answer: **A** (2)",yes,materials_science
B,"The correct answer is: **(A) Anionic polymerization**

### Explanation:

Tetrahydrofuran (THF) is a cyclic ether, and it undergoes **anionic polymerization** under certain conditions, typically in the presence of strong bases or initiators such as lithium or sodium alkyls. This process is well-known and widely used in polymer chemistry.

### Why not the others?

- **(B) Cationic polymerization**: THF is not typically polymerized via cationic mechanisms. It is not an electrophilic compound and does not readily undergo cationic initiation.

- **(C) Polyinsertion**: This term is not commonly used for THF polymerization. It is more often associated with coordination polymerization of olefins (e.g., Ziegler-Natta polymerization), not THF.

- **(D) Radical polymerization**: THF does not polymerize via radical mechanisms under normal conditions. It is not a readily radicalizable compound and has a relatively high activation energy for radical initiation.

### Final Answer:
**A**",no,materials_science
B,"To solve this, we need to match each defect (A, B, C, D) to its type based on the given descriptions.

---

### Let's analyze each statement:

#### **Statement A**:  
> *Defect A increases the material's electrical conductivity but does not significantly affect its mechanical strength.*

- **Interstitital defect** (1): This occurs when an atom is inserted into a lattice site that is not normally occupied. This can increase electrical conductivity (e.g., in semiconductors), but it generally has little effect on mechanical strength.  
✅ **Match: A-1**

---

#### **Statement B**:  
> *Defect B creates slip planes and can propagate through the crystal under stress.*

- **Screw dislocation** (2): This type of dislocation allows for plastic deformation by enabling atoms to slide along a plane. It can propagate under stress.  
✅ **Match: B-2**

---

#### **Statement C**:  
> *Defect C forms when two crystal grains meet at an angle, creating a region of mismatch.*

- **Tilt boundary defect** (3): This is a type of grain boundary where two grains meet at an angle. It causes a mismatch in the crystal lattice.  
✅ **Match: C-3**

---

#### **Statement D**:  
> *Defect D can move through the crystal in a direction perpendicular to the applied stress.*

- **Edge dislocation** (4): This type of dislocation moves in a direction perpendicular to the applied stress.  
✅ **Match: D-4**

---

### Final Matching:
- A-1 (Interstitial)
- B-2 (Screw dislocation)
- C-3 (Tilt boundary)
- D-4 (Edge dislocation)

### Correct Option:
**(B) A-1, B-2, C-3, D-4**

---

**Answer: (B)**",yes,materials_science
B,"The correct answer is: **(B) Polymerization and depolymerization are in equilibrium**

### Explanation:
The **ceiling temperature** of a polymer refers to the temperature above which the polymerization process becomes thermodynamically unfavorable. At this temperature, the **polymerization and depolymerization rates are in equilibrium**. 

- **(A)** is incorrect because growth is not necessarily diffusion-limited at the ceiling temperature.
- **(C)** is incorrect because the polymerization rate is not solely determined by entropy; it also depends on enthalpy and kinetics.

### Final Answer: **B**",yes,materials_science
B,"The correct answer is: **(B) as coiled molecules**

Linear macromolecules with a high degree of polymerization (like 50,000) are typically found in a **coiled** or **random coil** conformation in solution or melt due to the entropy-driven tendency of the polymer chain to maximize its conformational freedom.

**Answer: B**",yes,materials_science
B,"The correct answer is: **(B) HDPE is opaque because it is partially crystalline, which scatters visible light**

### Explanation:
- **High-Density Polyethylene (HDPE)** has a **more ordered, crystalline structure** due to its tightly packed polymer chains. This crystallinity causes **light scattering**, making HDPE appear **opaque**.
- **Low-Density Polyethylene (LDPE)** has a **more amorphous structure** with less crystallinity, allowing **light to pass through**, which makes it **transparent**.

### Why other options are incorrect:
- **(A)**: Both HDPE and LDPE are not inherently opaque. LDPE is transparent, so this is false.
- **(C)**: Molecular weight alone does not determine transparency. It's the **structure** (crystallinity vs. amorphous) that matters.
- **(D)**: While LDPE is more amorphous, the statement is **not fully accurate**—it's the **crystallinity of HDPE** that causes opacity, not just its amorphous structure.

### Final Answer: **B**",yes,materials_science
595,"To determine the **average molar mass** of polymer chains in a sample of **poly(lactic acid)** (PLA) using **end-group analysis**, we use the **titration method** to find the number of **carboxylic acid end groups** in the polymer.

---

### **Key Concepts:**

- PLA is a **polylactic acid**, which is a **polyester**.
- The **end groups** of PLA are **carboxylic acid groups** (–COOH) on the ends of the polymer chains.
- In **end-group analysis**, we:
  1. Dissolve the polymer in a suitable solvent (here: **benzyl alcohol**).
  2. Titrate the solution with a known concentration of **KOH** to neutralize the **carboxylic acid end groups**.
  3. From the volume of **KOH** used, we can calculate the number of **–COOH groups**.
  4. From the number of end groups and the **mass of the polymer sample**, we can compute the **average molar mass** of the polymer chains.

---

### **Given:**

- Mass of PLA sample: $ m = \pu{0.1619 g} $
- Volume of KOH used: $ V = \pu{6.81 cm^3} = \pu{0.00681 dm^3} $
- Molarity of KOH: $ c = \pu{0.0400 mol dm^{-3}} $
- Molar mass of lactic acid monomer: $ M_{\text{monomer}} = \pu{90.08 g mol^{-1}} $
- Each PLA chain has **two end groups** (one at each end), so the number of chains = number of end groups / 2

---

### **Step 1: Calculate moles of KOH used:**

$$
n_{\text{KOH}} = c \times V = 0.0400 \, \text{mol/dm}^3 \times 0.00681 \, \text{dm}^3 = 0.0002724 \, \text{mol}
$$

---

### **Step 2: Moles of carboxylic acid end groups = moles of KOH used**

$$
n_{\text{end groups}} = n_{\text{KOH}} = \pu{0.0002724 mol}
$$

---

### **Step 3: Number of polymer chains = moles of end groups / 2**

$$
n_{\text{chains}} = \frac{0.0002724}{2} = \pu{0.0001362 mol}
$$

---

### **Step 4: Molar mass of polymer chains = mass of sample / number of chains**

$$
M = \frac{0.1619 \, \text{g}}{0.0001362 \, \text{mol}} = \pu{1189 g mol^{-1}}
$$

---

### ✅ **Answer:**
$$
\boxed{1189}
$$",No.,materials_science
C,"The molecular structure of elastomers is typically characterized by being **closely cross-linked**. This cross-linking allows elastomers to return to their original shape after deformation, which is a key property of elasticity.

The correct answer is: **A**.",no,materials_science
B,"To determine the correct order of reactivity in **cationic polymerization**, we need to consider the **electrophilic character** of the monomers and how **electron-donating groups (EDGs)** or **electron-withdrawing groups (EWGs)** affect the ability of the monomer to undergo cationic addition.

### Key Concepts for Cationic Polymerization:
- **Cationic polymerization** proceeds via the formation of a **carbocation**.
- **Electron-donating groups (EDGs)** stabilize the developing cation, making the monomer **more reactive**.
- **Electron-withdrawing groups (EWGs)** destabilize the cation, making the monomer **less reactive**.

### Monomer Analysis:

#### 1. **1,4-pentadiene**
- This is a **diene**, and in cationic polymerization, **conjugated dienes** can undergo **1,2- or 1,4-addition**.
- However, **1,4-pentadiene** is **not very reactive** in cationic polymerization because it is **less conjugated** and **less stabilized**.
- It tends to be **less reactive** than other monomers listed.

#### 2. **2-methyl-2-butene**
- This is a **tertiary allylic** alkene. The **tertiary carbon** stabilizes the cation, so this is **highly reactive** in cationic polymerization.
- It is **more reactive** than 1,4-pentadiene.

#### 3. **Phenylacetylene**
- This is a **terminal alkyne**, which is **less reactive** in cationic polymerization compared to alkenes.
- Alkynes are generally **less reactive** than alkenes in cationic polymerization because they are **less polarizable** and **less able to stabilize** a developing cation.
- However, the **phenyl group** is an **electron-donating group (EDG)**, which **increases reactivity**.

#### 4. **4-methoxyphenylacetylene**
- This has a **methoxy group** on the phenyl ring.
- The **methoxy group** is a **strong EDG**, which **significantly stabilizes the cation** and **increases reactivity**.
- Therefore, this is **more reactive** than phenylacetylene.

#### 5. **2-methoxypropene**
- This is an **allylic ether**.
- The **methoxy group** is an **EDG**, and it stabilizes the cation.
- This is **very reactive** in cationic polymerization.

### Summary of Reactivity (most reactive to least reactive):
1. **4-methoxyphenylacetylene** (strong EDG on phenyl ring)
2. **2-methoxypropene** (allylic ether, EDG stabilizes cation)
3. **Phenylacetylene** (EDG on phenyl ring, but less reactive than 2-methoxypropene)
4. **2-methyl-2-butene** (tertiary allylic, highly reactive)
5. **1,4-pentadiene** (least reactive among the five)

### Correct Order:
**4-methoxyphenylacetylene > 2-methoxypropene > phenylacetylene > 2-methyl-2-butene > 1,4-pentadiene**

### Correct Answer:
**(D)**

✅ **Answer: D**",no,materials_science
A,"The correct answer is: **A and D**

### Explanation:

**(A) Dislocations can move under applied stress, which contributes to plastic deformation in crystalline materials**  
✅ **Correct.** Dislocations are the primary mechanism for plastic deformation in crystalline materials. When a stress is applied, dislocations can glide through the crystal lattice, allowing the material to deform plastically without breaking.

---

**(B) Edge dislocations involve an extra half-plane of atoms inserted in a crystal structure, and the dislocation line is parallel to the Burgers vector**  
❌ **Incorrect.**  
- An edge dislocation does involve an extra half-plane of atoms.  
- However, **the dislocation line is perpendicular to the Burgers vector**, not parallel.  
- The Burgers vector is perpendicular to the dislocation line in an edge dislocation.

---

**(C) Mixed dislocations have components of both edge and screw dislocations, and the dislocation line is always perpendicular to the Burgers vector**  
❌ **Incorrect.**  
- A mixed dislocation is a combination of edge and screw components.  
- However, the **dislocation line is not always perpendicular to the Burgers vector**. In mixed dislocations, the Burgers vector makes an angle with the dislocation line.

---

**(D) Screw dislocations involve a helical ramp resulting from shear deformation, and the dislocation line is parallel to the Burgers vector**  
✅ **Correct.**  
- A screw dislocation results from a shear deformation and can be visualized as a helical ramp.  
- The **dislocation line is parallel to the Burgers vector**, which is a defining characteristic of screw dislocations.

---

**(E) The presence of dislocations typically increases the electrical conductivity of metals due to the increased number of charge carriers**  
❌ **Incorrect.**  
- Dislocations can act as **scattering centers** for electrons, which **decrease** electrical conductivity in metals.  
- They do not significantly increase the number of charge carriers.

---

### ✅ Final Answer: **AD**  
But since the question asks to **reply with the single letter corresponding to the correct answer**, and **AD** is not a single letter, it seems the question may have intended a multiple-choice format where **multiple letters** are correct. However, if only one letter is to be selected (e.g., from A to E), then the **best single correct answer** is:

### ✅ **A**

But if multiple answers are allowed, then:

### ✅ **AD** (or **A and D**)

However, since the format asks to reply with the **single letter**, and **A and D** are both correct, and the question may have intended **multiple correct answers**, but the user may have expected a single choice.

If the system allows multiple letters, then the correct answer is:

### ✅ **AD**

But if only one letter is allowed, the **best single correct answer** is:

### ✅ **A** (since it is the most fundamental and universally correct statement about dislocations)

However, the **most accurate and complete answer** is:

### ✅ **AD**

But if the system only accepts **one letter**, then:

### ✅ **A**","**Yes**

The response is correct. It accurately identifies that **statements A and D are correct**, and provides a clear and detailed explanation of why each statement is correct or incorrect. The final conclusion also appropriately addresses the format ambiguity (whether to select one letter or multiple), and gives both the full correct answer (**AD**) and the best single-letter answer (**A**), depending on the context.",materials_science
A,"The correct answer is: **(A) bottom-up method**

**Explanation:**

- **Bottom-up methods** (such as colloidal synthesis) allow for **precise control over the size and size distribution of quantum dots** by controlling parameters like reaction temperature, precursor concentration, and reaction time. These methods typically involve the controlled nucleation and growth of nanocrystals in solution.

- **Top-down methods** (such as lithography or etching) generally result in less control over size distribution and are more suitable for creating nanostructures from larger materials.

- **Solid-state methods** and **vapor-phase methods** are also used for quantum dot synthesis, but they are not typically known for offering the same level of size control as bottom-up methods.

**Answer: A**",yes,materials_science
A,"The correct answer is: **(A)**

**Explanation:**

Plane wave basis sets are commonly used in DFT calculations, especially in **plane wave DFT (PW-DFT)** implementations like those in **VASP** or **Quantum ESPRESSO**. However, they are **inefficient for modeling metal-organic frameworks (MOFs)** due to the **large and open nature of MOFs**.

MOFs are **porous materials** with **large unit cells** and **significant empty space**. Plane wave methods require the use of a **basis set that spans the entire simulation box**, including the empty regions. This means that the same level of numerical precision is applied to both **occupied regions (where atoms and electrons are)** and **empty space**, which is **computationally inefficient**.

In contrast, **localized basis functions** (like those used in Gaussian basis sets or pseudopotentials with plane waves in some implementations) can be more efficient for systems with large unit cells and sparse electron density, such as MOFs.

---

**Answer:** **A**",yes,materials_science
A,"To determine the correct order of thermodynamic tendency towards **ring-opening polymerization (ROP)** of **cyclic ethers**, we need to consider the **ring strain** and **stability** of the ring.

### Key Concept:
- **Smaller rings** (like 3-membered rings) have **higher ring strain** due to the **angle strain** and **steric strain**, making them **more reactive** in ring-opening polymerization.
- **Larger rings** (like 8-membered rings) have **less ring strain** and are **less reactive**.
- The **thermodynamic tendency** for ring-opening polymerization increases with **increasing ring strain**.

### Order of Reactivity (from most to least reactive):
**3 > 4 > 5 > 6 > 7 > 8**

### Let's analyze the options:

**(A) 3 > 4 > 8 > 7 > 5 > 6**  
→ Incorrect: 8 and 7 are placed before 5 and 6, which is wrong.

**(B) 5 > 7 > 6 > 4 > 3 > 8**  
→ Incorrect: 5 is more reactive than 3, which is wrong.

**(C) 6 > 4 > 3 > 7 > 5 > 8**  
→ Incorrect: 6 is less reactive than 3, which is wrong.

**(D) 8 > 4 > 5 > 3 > 7 > 6**  
→ Incorrect: 8 is the least reactive, so it should be last.

### Correct order (from most to least reactive):
**3 > 4 > 5 > 6 > 7 > 8**

None of the given options exactly match this order. However, **option (A)** is the **closest**, even though it places **8** before **7** and **6**, which is not ideal.

But if we must choose the **best answer**, the correct order is not listed. However, if we must choose from the given options, the **best** one is:

### ✅ **(A) 3 > 4 > 8 > 7 > 5 > 6**

It starts with the most reactive ring (3), then 4, and continues in a reasonable order, even though it's not perfect.

### Final Answer: **A**",no,materials_science
C,"The correct answer is: **(D) By observing a non-linear increase in molecular weight with increasing monomer conversion**

### Explanation:

In **RAFT (Reversible Addition-Fragmentation Chain Transfer)** polymerization, the molecular weight evolution is not linear with monomer conversion. Instead, it typically follows a **non-linear** trend due to the **controlled nature** of the polymerization process.

- **RAFT polymerization** is a **living/controlled** polymerization technique, which means that the polymer chains grow in a controlled manner, and the molecular weight increases with monomer conversion, but **not linearly**.
- The molecular weight increases **more rapidly** as the polymerization proceeds because the chain growth is not terminated by simple termination reactions, but rather by reversible chain transfer.
- As a result, the **molecular weight typically increases non-linearly** with monomer conversion.

### Why the other options are incorrect:

- **(A)**: A constant molecular weight would indicate no polymerization, which is not the case.
- **(B)**: A decrease in molecular weight with increasing conversion is not typical in controlled polymerization.
- **(C)**: A linear increase would suggest a simple chain growth mechanism, not a controlled one like RAFT.

### Final Answer:
**(D)**",no,materials_science
C,"The correct answer is: **(D) There are defects (missing node or missing linker) in the MOF structure**

### Explanation:
When comparing pore volumes from geometric analysis (based on a structural model from XRD) with those obtained from gas adsorption isotherms, a **larger geometric pore volume** than experimental value can indicate structural imperfections in the MOF.

- **Option (A)** is incorrect because gas adsorption isotherms **can** be used to estimate pore volumes via methods like the **BJH method** or **density functional theory (DFT)**.
- **Option (B)** is incorrect because molecular simulations are **not always necessary**—gas adsorption isotherms are commonly used for this purpose.
- **Option (C)** is less likely unless the MOF was not fully dried, which is not typically the main reason for such a large discrepancy.
- **Option (D)** is correct because **defects** (e.g., missing nodes or linkers) in the MOF structure can lead to an **overestimation** of pore volume from geometric models, while the actual accessible pore volume (from adsorption) is smaller due to these structural imperfections.

### Final Answer: **D**",yes,materials_science
A,"To determine the correct order of the planes in **decreasing order of interplanar distance (d-spacing)** for a **face-centered cubic (FCC)** crystal, we need to use the formula for the interplanar spacing:

$$
d_{hkl} = \frac{a}{\sqrt{h^2 + k^2 + l^2 + 2(hk + kl + lh)}}
$$

But for **FCC**, a simpler formula applies:

$$
d_{hkl} = \frac{a}{\sqrt{h^2 + k^2 + l^2 + 2(hk + kl + lh)}}
$$

However, for **FCC**, only **equivalent planes** (i.e., planes with the same **Miller indices** up to permutation and sign) are allowed in the **Bragg diffraction** condition. So, we must consider the **Miller indices** of the planes and their **reduced form** (i.e., **primitive** planes) and check which planes are allowed in FCC.

### Step 1: Determine which planes are allowed in FCC
In FCC, a plane with Miller indices **(hkl)** is allowed **only if h, k, l are all even or all odd**.

Let’s check each set of planes:

#### Option (A): (111), (200), (220), (311)

- (111): all odd → allowed
- (200): all even → allowed
- (220): all even → allowed
- (311): all odd → allowed

All planes are allowed.

#### Option (B): (111), (200), (311), (222)

- (111): allowed
- (200): allowed
- (311): allowed
- (222): all even → allowed

All planes are allowed.

#### Option (C): (111), (220), (210), (321)

- (111): allowed
- (220): allowed
- (210): h and k even, l odd → not all even or all odd → **not allowed**
- (321): all odd → allowed

→ (210) is **not allowed** → **invalid**

#### Option (D): (200), (220), (311), (111)

- (200): allowed
- (220): allowed
- (311): allowed
- (111): allowed

All planes are allowed.

So, only **Option (C)** is **invalid** due to (210) being disallowed.

Now, we move to **d-spacing**:

We can use the formula for d-spacing in **FCC**:

$$
d_{hkl} = \frac{a}{\sqrt{h^2 + k^2 + l^2 + 2(hk + kl + lh)}}
$$

But for **FCC**, a simpler way to compute d-spacing is:

$$
d_{hkl} = \frac{a}{\sqrt{h^2 + k^2 + l^2 + 2(hk + kl + lh)}}
$$

However, for the **interplanar spacing** in **FCC**, a more useful formula is:

$$
d_{hkl} = \frac{a}{\sqrt{h^2 + k^2 + l^2 + 2(hk + kl + lh)}}
$$

Let’s compute the denominator for each plane:

---

### Option (A): (111), (200), (220), (311)

- (111): $ \sqrt{1^2 + 1^2 + 1^2 + 2(1\cdot1 + 1\cdot1 + 1\cdot1)} = \sqrt{3 + 6} = \sqrt{9} = 3 $
- (200): $ \sqrt{4 + 0 + 0 + 0} = \sqrt{4} = 2 $
- (220): $ \sqrt{4 + 4 + 0 + 2(4 + 0 + 0)} = \sqrt{8 + 8} = \sqrt{16} = 4 $
- (311): $ \sqrt{9 + 1 + 1 + 2(3 + 3 + 1)} = \sqrt{11 + 14} = \sqrt{25} = 5 $

So, d-spacings are inversely proportional to these values:

- (111): $ \frac{1}{3","no

**Explanation:**  
The response contains a critical error in the calculation of the d-spacing for the (220) plane in Option (A). The formula used is incorrect for FCC crystals.

### Correct Formula for d-spacing in FCC:
The correct formula for the interplanar spacing $ d_{hkl} $ in a **face-centered cubic (FCC)** crystal is:

$$
d_{hkl} = \frac{a}{\sqrt{h^2 + k^2 + l^2 + 2(hk + kl + lh)}}
$$

However, for **FCC**, a more commonly used and simplified approach is:

$$
d_{hkl} = \frac{a}{\sqrt{(h^2 + k^2 + l^2) + 2(hk + kl + lh)}}
$$

But this is **not** the standard formula. A more accurate and commonly accepted formula for d-spacing in FCC is:

$$
d_{hkl} = \frac{a}{\sqrt{h^2 + k^2 + l^2}} \quad \text{(for primitive planes)}
$$

However, this formula is **only valid for planes that are ""primitive""**, meaning they are not equivalent to other planes due to the FCC structure. In reality, the correct formula for FCC is:

$$
d_{hkl} = \frac{a}{\sqrt{h^2 + k^2 + l^2 + 2(hk + kl + lh)}}
$$

But this is not correct either. The correct formula is:

$$
d_{hkl} = \frac{a}{\sqrt{h^2 + k^2 + l^2}} \quad \text{(for FCC, only if the Miller indices are all even or all odd)}
$$

So, the **correct d-spacing for (220)** in FCC is:

$$
d_{220} = \frac{a}{\sqrt{2^2 + 2^2 + 0^2}} = \frac{a}{\sqrt{8}} = \frac{a}{2\sqrt{2}}
$$

But the **response incorrectly calculated** this as:

$$
\sqrt{4 + 4 + 0 + 2(4 + 0 + 0)} = \sqrt{8 + 8} = \sqrt{16} = 4
$$

This is **not** the correct denominator for the d-spacing formula in FCC. The correct denominator is $ \sqrt{h^2 + k^2 + l^2} $, not the more complex expression used in the response.

Thus, the **response is incorrect**, and the correct answer is **Option (A)**, but the reasoning is flawed. Therefore, the correct reply is:

**no**.",materials_science
C,"To determine the correct conclusion, let's analyze the given information step by step.

---

### **1. X-ray Diffraction (XRD) Observations**

#### **(a) Cu Kα radiation (λ = 1.54 Å):**
- **8 distinct peaks** in the **2θ range of 20° to 80°**
- **Ratio of sin²θ for the first two peaks is 4:3**

#### **(b) Mo Kα radiation (λ = 0.71 Å):**
- **14 distinct peaks** in the **same 2θ range**
- **Intensities do not follow systematic absences typical of BCC**

---

### **2. Interpretation of the Data**

#### **(a) Number of Peaks:**
- The number of peaks observed depends on the **lattice type** and the **number of crystallographic planes** that satisfy the Bragg condition.
- **FCC** has 14 possible reflection planes (excluding systematic absences), so **14 peaks** are expected with Mo Kα (which has a shorter wavelength).
- **BCC** has 12 possible reflections (excluding systematic absences), so **12 peaks** would be expected.
- **Simple cubic** has 6 reflections (excluding systematic absences), so **6 peaks** would be expected.

From this, we can infer that **14 peaks** are consistent with **FCC**.

#### **(b) Ratio of sin²θ for the first two peaks:**
- The **Bragg equation** is:  
  $$
  n\lambda = 2d\sin\theta
  $$
- For a given crystal, the **interplanar spacing** $d$ is related to the Miller indices $(hkl)$ by:
  $$
  d = \frac{a}{\sqrt{h^2 + k^2 + l^2}}
  $$
- Therefore, the **sin²θ values** are proportional to the **reciprocal of the Miller indices squared**, i.e.:
  $$
  \sin^2\theta \propto \frac{1}{h^2 + k^2 + l^2}
  $$
- For the **first two peaks**, the Miller indices would be the **lowest possible** that satisfy the Bragg condition.
- In **FCC**, the first few reflections are:
  - (111)
  - (200)
  - (220)
  - (311)
  - (222)
  - etc.
- The **first two peaks** would correspond to **(111)** and **(200)**.
  - $ \sin^2\theta \propto \frac{1}{1^2 + 1^2 + 1^2} = \frac{1}{3} $
  - $ \sin^2\theta \propto \frac{1}{2^2 + 0^2 + 0^2} = \frac{1}{4} $
- So the ratio is $ \frac{1/3}{1/4} = \frac{4}{3} $, which matches the given ratio of **4:3**.

This confirms the **FCC structure**.

#### **(c) Intensities and Systematic Absences:**
- **BCC** exhibits **systematic absences** due to the **centred lattice**.
- The given data says **intensities do not follow systematic absences**, which **rules out BCC**.
- This is consistent with **FCC**, which does **not** have systematic absences.

---

### **3. Conclusion**

- The sample has **14 peaks**, which is consistent with **FCC**.
- The **ratio of sin²θ** is consistent with **(111)** and **(200)**, which are the first two peaks in FCC.
- The **absence of systematic absences** confirms it is **not BCC**.

---

### ✅ **Correct Answer: (C) The sample is a pure FCC metal with a large unit cell.**

**Answer: C**",yes,materials_science
0.74,"To determine the fraction of the volume of the unit cell occupied by gold atoms, we need to analyze the **face-centered cubic (FCC)** structure, which is what the question describes: gold atoms occupy all the corners and the centers of the faces of a cube.

---

### Step 1: Understand the structure
- **Corners**: Each corner atom contributes **1/8** of an atom to the unit cell.
- **Faces**: Each face-centered atom contributes **1/2** of an atom to the unit cell.

---

### Step 2: Count the number of atoms per unit cell
- **Corners**: 8 corners × (1/8 atom per corner) = **1 atom**
- **Faces**: 6 faces × (1/2 atom per face) = **3 atoms**

**Total atoms per unit cell = 1 + 3 = 4 atoms**

---

### Step 3: Volume of the unit cell
Let the edge length of the cube be **a**.

- Volume of the unit cell = **a³**

---

### Step 4: Volume of one atom
Assume the atomic radius is **r**.

In an FCC structure:
- The atoms touch along the face diagonal.
- Face diagonal = **4r**
- Face diagonal = **a√2**

So:  
$$
a\sqrt{2} = 4r \Rightarrow a = \frac{4r}{\sqrt{2}} = 2\sqrt{2}r
$$

Now compute the volume of one atom (assuming it's a sphere):

- Volume of one atom = **(4/3)πr³**

---

### Step 5: Total volume of atoms in the unit cell
There are **4 atoms** per unit cell:

$$
\text{Total atom volume} = 4 \times \frac{4}{3}\pi r^3 = \frac{16}{3}\pi r^3
$$

---

### Step 6: Volume of the unit cell
From above, **a = 2√2r**, so:

$$
a^3 = (2\sqrt{2}r)^3 = 8 \cdot 2\sqrt{2} \cdot r^3 = 16\sqrt{2}r^3
$$

---

### Step 7: Fraction of volume occupied
$$
\text{Fraction} = \frac{\text{Volume of atoms}}{\text{Volume of unit cell}} = \frac{\frac{16}{3}\pi r^3}{16\sqrt{2}r^3} = \frac{\pi}{3\sqrt{2}}
$$

Simplify:

$$
\frac{\pi}{3\sqrt{2}} \approx \frac{3.1416}{4.2426} \approx 0.7405
$$

---

### Final Answer:
The fraction of the volume of the unit cell occupied by gold atoms is approximately **0.74**.

So the correct answer is:

> **C. 0.74** (if this is one of the options)  
> or  
> **0.74** (if a numerical value is expected)

If the options are A, B, C, D, and one of them is 0.74, the correct answer is **C**.

✅ **Answer: C**",yes,materials_science
A,"To find the glass transition temperature ($T_g$) of a **random copolymer** using the **Fox equation**, we use the following formula:

$$
\frac{1}{T_g} = \frac{w_A}{T_{gA}} + \frac{w_B}{T_{gB}}
$$

Where:
- $w_A$ and $w_B$ are the **weight fractions** of polymer A and B in the copolymer
- $T_{gA}$ and $T_{gB}$ are the glass transition temperatures of polymer A and B, respectively

---

### Given:
- $T_{gA} = 150^\circ C$
- $T_{gB} = 100^\circ C$
- $w_A = 20\% = 0.2$
- $w_B = 80\% = 0.8$

---

### Step 1: Plug into the Fox equation:

$$
\frac{1}{T_g} = \frac{0.2}{150} + \frac{0.8}{100}
$$

$$
\frac{1}{T_g} = \frac{0.2}{150} + \frac{0.8}{100} = \frac{0.2}{150} + \frac{0.8}{100}
$$

$$
\frac{1}{T_g} = \frac{0.2}{150} + \frac{0.8}{100} = \frac{0.2}{150} + \frac{0.8}{100} = \frac{0.2}{150} + \frac{0.8}{100}
$$

$$
\frac{1}{T_g} = 0.001333 + 0.008 = 0.009333
$$

$$
T_g = \frac{1}{0.009333} \approx 107.14^\circ C
$$

---

### ✅ Final Answer:
**(A) 107.14**

So, the correct answer is: **A**.",yes,materials_science
A,"The correct answer is: **C**

### Explanation:

**(A) The Gibbs phase rule helps determine the number of degrees of freedom in a phase diagram.**  
✅ **True.** The Gibbs phase rule is given by:  
$$ F = C - P + 2 $$  
where $ F $ is the number of degrees of freedom, $ C $ is the number of components, and $ P $ is the number of phases. It helps determine the number of independent variables (e.g., temperature, pressure, composition) that can be changed without disturbing the equilibrium.

**(B) The activity of a component in a solution can be used to describe deviations from ideal behavior.**  
✅ **True.** Activity is a measure of effective concentration, and for non-ideal solutions, activity accounts for deviations from ideal behavior. In an ideal solution, activity equals concentration, but in non-ideal solutions, activity differs.

**(C) The chemical potential of each component must be equal in all phases at equilibrium.**  
✅ **True.** This is a fundamental condition for phase equilibrium. For a system to be in equilibrium, the chemical potential (or fugacity) of each component must be the same in all coexisting phases.

**(D) The enthalpy of mixing always increases with temperature.**  
❌ **False.** The enthalpy of mixing can either increase or decrease with temperature, depending on the nature of the components and the type of interaction between them. For example, in endothermic mixing, the enthalpy of mixing increases with temperature, but in exothermic mixing, it decreases with temperature.

### ✅ Final Answer: **C**",no,materials_science
C,"To find the **density** of aluminum, we use the formula for the density of a crystal:

$$
\text{Density} = \frac{Z \cdot M}{N_A \cdot a^3}
$$

Where:

- $ Z $ = number of atoms per unit cell (for face-centered cubic, $ Z = 4 $)
- $ M $ = molar mass of aluminum = $ \pu{26.98 g/mol} $
- $ N_A $ = Avogadro's number = $ 6.022 \times 10^{23} \, \text{mol}^{-1} $
- $ a $ = edge length of the unit cell = $ \pu{405 pm} = 405 \times 10^{-10} \, \text{cm} $

---

### Step 1: Compute $ a^3 $

$$
a^3 = (405 \times 10^{-10} \, \text{cm})^3 = (4.05 \times 10^{-8} \, \text{cm})^3 = 6.643 \times 10^{-23} \, \text{cm}^3
$$

---

### Step 2: Plug into the density formula

$$
\text{Density} = \frac{4 \cdot 26.98}{6.022 \times 10^{23} \cdot 6.643 \times 10^{-23}}
$$

$$
= \frac{107.92}{4.003} \approx 2.696 \, \text{g/cm}^3
$$

---

### Final Answer:

**(C) 2.70**

✅ **Answer: C**",yes,materials_science
B,"The molecular structure of thermoplastics is characterized by **not cross-linked** chains.

**Answer: B**",yes,materials_science
A,"To determine when polymerization is possible under given thermodynamic conditions, we use the **Gibbs free energy** equation:

$$
\Delta G = \Delta H - T\Delta S
$$

For a process to be **spontaneous**, the Gibbs free energy change must be **negative**:

$$
\Delta G < 0
$$

Given:
- $\Delta H \geq 0$ (positive or zero)
- $\Delta S < 0$ (negative)

Substitute into the equation:

$$
\Delta G = \Delta H - T\Delta S
$$

Since both $\Delta H$ and $-\Delta S$ are **positive**, the **total** $\Delta G$ is **positive** at **low temperatures**, and becomes **less positive** as temperature increases.

Eventually, at some **critical temperature** $T$, the term $T\Delta S$ becomes large enough to make $\Delta G < 0$.

This critical temperature is called the **ceiling temperature**.

### Conclusion:
- **Below** the ceiling temperature, $T\Delta S < \Delta H$, so $\Delta G > 0$ → **not spontaneous**
- **Above** the ceiling temperature, $T\Delta S > \Delta H$, so $\Delta G < 0$ → **spontaneous**

### Answer:
**(B) Polymerization possible above the ceiling temperature**

✅ **Answer: B**",No.,materials_science
A,"The correct answer is: **(D) size exclusion chromatography**

**Explanation:**

- **(A) MALDI-TOF-MS** (Matrix-Assisted Laser Desorption/Ionization Time-of-Flight Mass Spectrometry):  
  This technique is excellent for determining **molecular weight distribution** and can provide **accurate molecular weights** for individual polymer chains, especially for smaller to medium-sized polymers. It is good for measuring **number average molecular weight** ($M_n$) and can also provide some information about $M_w$, but it is not typically used for routine determination of both $M_n$ and $M_w$ in a single experiment.

- **(B) End group analysis**:  
  This is a **chemical method** that allows the determination of **number average molecular weight** ($M_n$) by analyzing the end groups of a polymer. It is not suitable for determining $M_w$.

- **(C) Membrane osmometry**:  
  This technique is used to measure **number average molecular weight** ($M_n$) based on the osmotic pressure of a polymer solution. It is not suitable for measuring $M_w$.

- **(D) Size exclusion chromatography (SEC)**:  
  This is the **most preferred method** for determining **both the number average molecular weight ($M_n$) and the weight average molecular weight ($M_w$)**. SEC separates polymer chains based on their hydrodynamic volume, and by using appropriate detectors (e.g., refractive index, light scattering, viscometry), it provides a complete molecular weight distribution, including $M_n$, $M_w$, and polydispersity index ($PDI = M_w/M_n$).

### ✅ Final Answer: **D**",yes,materials_science
C,"The correct answer is: **(C) Removing the transition metal catalyst used in the polymerization process**

**Explanation:**  
In Atom Transfer Radical Polymerization (ATRP), transition metal catalysts (typically copper-based) are essential for controlling the polymerization process. However, these catalysts can be toxic and may remain in the final polymer product, potentially affecting the safety, purity, and biological activity of the pharmaceutical product. Therefore, **removing the transition metal catalyst** is a critical step to ensure the **safety and purity** of the final pharmaceutical product.

**Answer:** **C**",yes,materials_science
B,"The correct answer is: **(D) The free energy of the system is minimized when all donors are ionized**

### Explanation:

**(A) The chemical potential of electrons is always equal to the Fermi energy**  
✅ **True** in general, but **not always** accurate in the context of a heavily doped semiconductor. In equilibrium, the chemical potential (which is the same as the Fermi level) is equal to the electrochemical potential. However, in the presence of doping and charge neutrality, the Fermi level can shift, and the chemical potential may not always be exactly equal to the Fermi energy in all contexts. So **this is not always accurate**.

**(B) The entropy of the system increases due to the increased number of free carriers**  
✅ **True** in general. As temperature increases, more carriers are thermally excited, which increases the number of free electrons and thus increases the entropy of the system. However, this statement is **not specific to heavily doped semiconductors** and is a general thermodynamic principle. Still, it **can be accurate** in this context.

**(C) The formation energy of donor defects decreases as the doping concentration increases**  
❌ **False**. The formation energy of donor defects is a property of the defect itself and is **not directly affected by the doping concentration**. It is more dependent on the material and the defect type.

**(D) The free energy of the system is minimized when all donors are ionized**  
✅ **True**. In a heavily doped semiconductor, the system tends to minimize its free energy. When all donors are ionized, the system reaches a state of minimum free energy, which is consistent with the principle of minimum free energy in thermodynamics.

### Final Answer: **D**",yes,materials_science
A,"The **simple cubic crystal structure** has **cube-shaped unit cells**, and its faces are aligned with the coordinate axes.

The **Miller indices** for the faces of a simple cubic unit cell are:

- **(100)**: This corresponds to the face perpendicular to the x-axis.
- **(010)**: This corresponds to the face perpendicular to the y-axis.
- **(001)**: This corresponds to the face perpendicular to the z-axis.

These are the **three primary crystallographic planes** of the simple cubic structure.

Among the choices:

- (A) **1,0,0** → corresponds to the (100) plane
- (B) **1,0,1** → not a face of the unit cell
- (C) **1,1,1** → corresponds to a diagonal plane, not a face
- (D) **2,0,0** → corresponds to a plane parallel to the (100) plane, but not a face of the unit cell

### ✅ Correct answer: **(A) 1,0,0**

**Answer: A**",yes,materials_science
C,"The tacticity of polyethylene is:

**(C) Polyethylene has no tacticity at all**

**Answer: C**",yes,materials_science
B,"The degree of polymerization (DP) is a measure of the number of monomer units in a polymer chain.

In polymerization reactions, the degree of polymerization is influenced by:

- **Monomer concentration**: Higher monomer concentration leads to a higher degree of polymerization, because more monomers are available for chain growth.
- **Initiator concentration**: Higher initiator concentration leads to more initiation events, which results in more polymer chains, but shorter chains (lower DP), because the chain growth is limited by the number of active sites.

So, the correct relationship is:

- **Degree of polymerization increases with increasing monomer concentration**
- **Degree of polymerization decreases with increasing initiator concentration**

Therefore, the correct statement is:

**(B) increases with increasing monomer concentration and decreases with increasing initiator concentration**

**Answer: B**",yes,materials_science
A,"The correct answer is: **B**

### Explanation:

**(A) In indirect bandgap semiconductors, the effective mass of carriers is typically larger than in direct bandgap semiconductors**  
- **Incorrect.** The effective mass depends on the curvature of the energy bands, not directly on whether the semiconductor is indirect or direct. There is no universal rule that indirect bandgap semiconductors have larger effective mass than direct ones.

**(B) The curvature of the energy bands near the band edges is inversely proportional to the effective mass**  
- **Correct.** The effective mass is defined as $ m^* = \hbar^2 / (d^2E/dk^2) $, so the effective mass is inversely proportional to the curvature of the energy bands. This is a fundamental relation in solid-state physics.

**(C) The effective mass of carriers in quantum wells is always less than in bulk semiconductors**  
- **Incorrect.** The effective mass in quantum wells can be smaller or larger depending on the confinement and the material. It's not always less.

**(D) The effective mass of holes is always greater than that of electrons in all semiconductors**  
- **Incorrect.** This is not universally true. For example, in GaAs, the effective mass of holes is smaller than that of electrons in certain bands. The effective mass depends on the band structure and can vary between materials and bands.

### ✅ Correct answer: **B**",yes,materials_science
A,"The correct answer is: **(A)**

### Explanation:

We are considering the effects of **temperature** on **carrier concentration** in a semiconductor with a **shallow donor level** (e.g., like phosphorus in silicon).

Let's analyze each option:

**(A) The Fermi level moves from near the conduction band towards the middle of the bandgap**  
✅ **Correct**  
At low temperatures, the Fermi level is close to the conduction band because most donors are ionized, and electrons are easily excited into the conduction band. As temperature increases, more electrons are thermally excited into the conduction band, and the **donor ionization decreases** (since some electrons are now in the conduction band, not bound to donors). This causes the **Fermi level to move up** (towards the middle of the bandgap), not down.

**(B) The concentration of ionized donors increases**  
❌ **Incorrect**  
As temperature increases, the **ionization of donors decreases**. At higher temperatures, more electrons are thermally excited into the conduction band, which reduces the number of ionized donors.

**(C) The electron concentration in the conduction band decreases**  
❌ **Incorrect**  
As temperature increases, more electrons are thermally excited into the conduction band, so the **electron concentration increases**, not decreases.

**(D) The semiconductor becomes more p-type**  
❌ **Incorrect**  
This would happen only if the number of holes increases significantly compared to electrons. In the case of a **shallow donor**, increasing temperature leads to more **electrons**, not holes. So the semiconductor becomes **more n-type**, not p-type.

### ✅ Final Answer: **A**",yes,materials_science
A,"The correct answer is: **(D) Narrow molecular weight distribution**

### Explanation:

**Reversible-Deactivation Radical Polymerization (RDRP)** includes techniques such as **Reversible Addition-Fragmentation Chain Transfer (RAFT)** and **Atom Transfer Radical Polymerization (ATRP)**. These methods are characterized by:

- **Controlled polymerization** (also called living polymerization in some cases).
- **Well-defined molecular weights**.
- **Narrow molecular weight distribution** (typically around 1.1–1.3).
- **Control over polymer architecture**.
- **Reversible deactivation** of radicals, allowing for precise control of chain growth.

### Evaluation of the options:

**(A) First order kinetics with respect to monomer**  
- Incorrect. RDRP typically shows **pseudo-first-order kinetics** (due to the presence of chain transfer agents), not true first-order.

**(B) Formation of dead polymer chains more than active polymer chains**  
- Incorrect. In RDRP, the **ratio of dead to active chains is controlled**, and it is not necessarily more dead than active chains.

**(C) Linear increase of the degree of polymerization ($X_n$) with conversion**  
- Incorrect. In RDRP, the degree of polymerization typically increases **non-linearly** with conversion due to the controlled nature of the polymerization.

**(D) Narrow molecular weight distribution**  
- **Correct.** This is a hallmark of RDRP, as the reversible deactivation allows for precise control over chain length and molecular weight.

### ✅ Final Answer: **(D)**",yes,materials_science
B,"To determine the correct order of glass transition temperatures (T₉) for the polymers **polycarbonate (PC)**, **polyethylene (PE)**, **polypropylene (PP)**, and **poly(ethylene terephthalate) (PET)**, we need to consider the structure and molecular characteristics of each polymer.

### Glass Transition Temperature (Tg) Overview:
- **Tg** is the temperature at which a polymer transitions from a hard, glassy state to a rubbery, flexible state.
- **Tg** increases with:
  - **Increased chain rigidity** (e.g., more aromatic rings, ester groups, or bulky side groups).
  - **Stronger intermolecular forces** (e.g., hydrogen bonding, polar groups).
  - **Lower chain flexibility** (e.g., fewer side groups, more crosslinking).

---

### Polymer Tg Values (approximate):

| Polymer          | Tg (°C) |
|------------------|---------|
| **Polycarbonate (PC)** | ~148    |
| **Poly(ethylene terephthalate) (PET)** | ~70–80 |
| **Polypropylene (PP)** | ~160    |
| **Polyethylene (PE)** | ~-120 to -100 (for HDPE) |

Wait — this is a **critical point**. The above values **do not match** the expected order. Let's clarify:

### Correct Tg Values (more accurate):

| Polymer          | Tg (°C) |
|------------------|---------|
| **Polycarbonate (PC)** | ~148    |
| **Poly(ethylene terephthalate) (PET)** | ~70–80 |
| **Polypropylene (PP)** | ~160    |
| **Polyethylene (PE)** | ~-120 to -100 (for HDPE) |

Now, arranging them from **highest to lowest Tg**:

- **PP > PC > PET > PE**

So the correct order is:

**(D) PET > PC > PP > PE** → **This is incorrect**.

Wait! Let's re-check.

From the above table:

- **PP > PC > PET > PE**

So the correct order from **highest to lowest** is:

**(D) PET > PC > PP > PE** → **This is wrong**.

The **correct order** is:

**(B) PC > PET > PP > PE** → **This is also wrong**.

Wait — we have:

- **PP > PC > PET > PE**

So the **correct order from highest to lowest Tg** is:

**(D) PET > PC > PP > PE** → **This is not correct**.

Let’s **reorder the correct values**:

- **PP > PC > PET > PE**

So the **correct order from highest to lowest** is:

**(D) PET > PC > PP > PE** → **No**.

Wait — let's **sort** the values correctly:

- **PP = 160°C**
- **PC = 148°C**
- **PET = 70–80°C**
- **PE = -120 to -100°C**

So the **correct order from highest to lowest** is:

**PP > PC > PET > PE**

So the **correct answer** is:

**(D) PET > PC > PP > PE** → **No**

Wait — no, that’s **not** the correct order.

Let’s list them in the **correct order from highest to lowest**:

- **PP (160°C)**
- **PC (148°C)**
- **PET (70–80°C)**
- **PE (-120 to -100°C)**

So the correct order is:

**PP > PC > PET > PE**

This corresponds to:

**(B) PC > PET > PP > PE** → **No**

**(D) PET > PC > PP > PE** → **No**

**(C) PET > PC > PE > PP** → **No**

**(A) PC > PET > PE > PP** → **No**

Wait — none of these options match the correct order **PP > PC > PET > PE**.

So, which of the options **matches** this?

Let’s re-express the correct order as:

- **PP > PC > PET > PE**

Now, look at the options:

**(A) PC > PET > PE > PP** → No  
**(B) PC > PET > PP > PE** → No  
**(C) PET > PC > PE > PP** → No  
**(D) PET > PC > PP > PE** → **No**

Wait — the correct order is **PP > PC > PET > PE**, which is **not listed**",No.,materials_science
C,"The sequence **AABAAABBABABABBABAB** shows a pattern that is **not completely random** nor strictly **alternating**. However, it also does **not appear to be a graft copolymer**, which typically refers to a polymer where one segment is attached to another, often in a more irregular or branched structure.

Let’s analyze the options:

- **(A) Alternating copolymer**: This would have a strict ABABABABAB... pattern. The given sequence does **not** follow this pattern, so this is **not** correct.

- **(B) Graft copolymer**: This refers to a polymer with side chains of different monomers attached to a main chain. The given sequence is a **linear** sequence of A and B, not a branched structure, so this is **not** correct.

- **(C) Random copolymer**: This refers to a copolymer where the monomers are arranged in a **random** order. However, the given sequence has a **repeating pattern** and **not entirely random**. Therefore, this is **not** the best match.

The pattern in the sequence **AABAAABBABABABBABAB** is **not random**, nor strictly alternating, nor graft.

However, the **closest** and **most reasonable** classification among the options is:

**(C) Random copolymer** — although not perfectly random, it is the **best fit** among the given options.

### ✅ Final Answer: **C**",yes,materials_science
B,"To determine when the **formation of high-molecular polymers is not possible from a thermodynamic point of view**, we need to analyze the **Gibbs free energy change**, given by:

$$
\Delta G = \Delta H - T\Delta S
$$

For a process to be **spontaneous**, the Gibbs free energy change must be **negative**:

$$
\Delta G < 0
$$

### Let's analyze each option:

#### (A) ΔH negative and ΔS positive
- ΔH < 0 (exothermic)
- ΔS > 0 (increased entropy)
- Then, $\Delta G = \Delta H - T\Delta S$ is **negative** at all temperatures.
- **Spontaneous** → **Formation is possible**.

#### (B) ΔH positive and ΔS negative
- ΔH > 0 (endothermic)
- ΔS < 0 (decreased entropy)
- Then, $\Delta G = \Delta H - T\Delta S$ is **positive** at all temperatures.
- **Non-spontaneous** → **Formation is not possible**.

#### (C) ΔH positive and ΔS positive
- ΔH > 0 (endothermic)
- ΔS > 0 (increased entropy)
- Then, $\Delta G = \Delta H - T\Delta S$ is **negative at high temperatures**.
- **Spontaneous at high temperatures** → **Formation is possible under certain conditions**.

### ✅ Correct answer: **(B)**

**Answer: B**",yes,materials_science
D,"The correct answer is: **(D) The intrinsic carrier concentration increases exponentially**

### Explanation:

In an **intrinsic semiconductor**, the number of electrons in the conduction band equals the number of holes in the valence band. The **intrinsic carrier concentration (n_i)** is determined by the **bandgap energy (E_g)** and **temperature (T)**.

The intrinsic carrier concentration is given by the formula:

$$
n_i = B T^{3/2} e^{-E_g/(2kT)}
$$

Where:
- $ B $ is a material-dependent constant,
- $ T $ is the absolute temperature,
- $ k $ is Boltzmann's constant,
- $ E_g $ is the bandgap energy.

As temperature increases:
- The exponential term $ e^{-E_g/(2kT)} $ increases, because the denominator becomes smaller.
- The $ T^{3/2} $ term also increases with temperature.
- Therefore, **n_i increases exponentially** with temperature.

### Why the other options are incorrect:

**(A) The Fermi level moves closer to the conduction band**  
- In intrinsic semiconductors, the Fermi level is near the middle of the bandgap. As temperature increases, the Fermi level **moves slightly toward the middle of the bandgap**, not necessarily closer to the conduction band. This is more of a **doping** effect, not intrinsic behavior.

**(B) The bandgap energy decreases linearly**  
- Bandgap energy **does not decrease linearly** with temperature. It **decreases slightly** with increasing temperature (a non-linear, small decrease), but it is **not linear** and **not a direct effect** on carrier concentration.

**(C) The electron and hole concentrations become unequal**  
- In intrinsic semiconductors, **electron and hole concentrations are always equal** by definition. This only happens in **doped** semiconductors.

### ✅ Final Answer: **D**",yes,materials_science
C,"To determine which reaction conditions are preferred to predominantly produce **cis-1,4-isoprene** from isoprene, we must consider the **type of polymerization** and the **stereochemistry** of the resulting polymer.

---

### Key Concepts:

1. **Isoprene** is a **monomer** that can polymerize to form **natural rubber**, which is **cis-1,4-polyisoprene**.

2. **Anionic polymerization** is the **preferred method** to produce **cis-1,4-polyisoprene** because:
   - It allows for **controlled stereochemistry**.
   - The **cis-1,4** configuration is the **majority** in natural rubber.

3. **Counter-ions** play a role in the **stereochemistry** of the polymer:
   - **Li⁺** counter-ions are known to favor **cis-1,4** stereochemistry.
   - Other counter-ions (e.g., in cyclohexane) may lead to **less stereoregularity** or even **trans** configurations.

4. **Free radical polymerization** (option D) generally leads to **less stereoregularity** and **random stereochemistry**, so it's **not preferred** for cis-1,4-polyisoprene.

---

### Evaluating the Options:

- **(A)** *Anionic polymerization in THF with Li⁺ counter-ion at 30°C*  
  - THF is a good solvent for anionic polymerization.
  - Li⁺ counter-ion favors **cis-1,4** stereochemistry.
  - This is a **good candidate**.

- **(B)** *Anionic polymerization in cyclohexane with other counter-ions at 30°C*  
  - Cyclohexane is a **non-polar solvent**, which is **less favorable** for anionic polymerization.
  - Other counter-ions may not favor **cis-1,4** as much as Li⁺.
  - This is **not ideal** for producing cis-1,4-polyisoprene.

- **(C)** *Anionic polymerization in cyclohexane with Li⁺ counter-ion at 30°C*  
  - Li⁺ counter-ion is good for **cis-1,4**.
  - However, **cyclohexane** is a **poor solvent** for anionic polymerization.
  - This can lead to **poor control** over the polymerization.
  - **Not ideal** for high yield of cis-1,4-polyisoprene.

- **(D)** *Free radical polymerization at -20°C*  
  - Free radical polymerization is **not stereospecific**.
  - It leads to **random stereochemistry**.
  - **Not suitable** for cis-1,4-polyisoprene.

---

### Correct Answer:

**Option (A)** is the best choice, as it uses **anionic polymerization**, **Li⁺ counter-ion**, and **THF** (a good solvent), all of which favor the formation of **cis-1,4-polyisoprene**.

---

### ✅ Final Answer: **A**",no,materials_science
A,"The degree of crystallinity of a polymer refers to the proportion of the material that is in a crystalline state. The preferred characterization techniques for determining this are:

- **(A) Differential Scanning Calorimetry (DSC):** Measures the heat flow associated with transitions such as melting and crystallization. It can be used to estimate crystallinity by comparing the heat of fusion of the polymer to that of a fully crystalline reference.

- **(D) Wide Angle X-ray Diffraction (WAXD):** Provides information about the crystalline structure and can be used to determine the degree of crystallinity by analyzing the diffraction pattern and calculating the crystalline fraction.

**Scanning Electron Microscopy (B)** is used for surface morphology and microstructure, but not for quantifying crystallinity.

**Thermogravimetric Analysis (C)** is used to study thermal stability and decomposition behavior, not crystallinity.

### Correct answer: **A and D**

However, if only **one** option is to be selected, **(D) Wide Angle X-ray Diffraction** is often considered the most direct and accurate method for determining the degree of crystallinity.

### Final Answer: **D**",yes,materials_science
C,"To determine the **glancing angle** for the **second order diffraction** of X-rays by a **face-centered cubic (FCC)** crystal, we use **Bragg's Law**:

$$
n\lambda = 2d\sin\theta
$$

Where:
- $ n = 2 $ (second order diffraction),
- $ \lambda = 0.25 \, \text{nm} $ (wavelength),
- $ d $ is the interplanar spacing,
- $ \theta $ is the **Bragg angle** (the angle between the incident beam and the crystal plane).

We are given:
- Density $ \rho = 2 \, \text{g/cm}^3 $
- Molar mass $ M = 37.6375 \, \text{g/mol} $

We can calculate the **lattice constant $ a $** of the FCC crystal using the density formula:

$$
\rho = \frac{ZM}{N_A a^3}
$$

Where:
- $ Z = 4 $ (number of atoms per unit cell in FCC),
- $ N_A = 6.022 \times 10^{23} \, \text{mol}^{-1} $ (Avogadro's number),
- $ a $ is the lattice constant.

---

### Step 1: Solve for $ a $

$$
a^3 = \frac{ZM}{\rho N_A}
$$

$$
a^3 = \frac{4 \times 37.6375}{2 \times 6.022 \times 10^{23}} = \frac{150.55}{1.2044 \times 10^{24}} = 1.25 \times 10^{-22} \, \text{cm}^3
$$

$$
a = \sqrt[3]{1.25 \times 10^{-22}} \, \text{cm} = 2.32 \times 10^{-8} \, \text{cm} = 0.232 \, \text{nm}
$$

---

### Step 2: Determine interplanar spacing $ d $

For an FCC crystal, the interplanar spacing for a given Miller index $ (hkl) $ is:

$$
d = \frac{a}{\sqrt{h^2 + k^2 + l^2}}
$$

Let's assume the most likely diffraction plane, which is the $ (111) $ plane (common for FCC crystals):

$$
d = \frac{0.232}{\sqrt{1^2 + 1^2 + 1^2}} = \frac{0.232}{\sqrt{3}} \approx \frac{0.232}{1.732} \approx 0.134 \, \text{nm}
$$

---

### Step 3: Apply Bragg's Law

$$
n\lambda = 2d\sin\theta
$$

$$
2 \times 0.25 = 2 \times 0.134 \times \sin\theta
$$

$$
0.5 = 0.268 \times \sin\theta
$$

$$
\sin\theta = \frac{0.5}{0.268} \approx 1.865
$$

Wait — this is **greater than 1**, which is **not possible** for $ \sin\theta $. So, this suggests that the **(111) plane** is **not** the correct one for this diffraction.

Let's try the **(100) plane**, which is also common in FCC:

$$
d = \frac{a}{\sqrt{1^2 + 0^2 + 0^2}} = \frac{0.232}{1} = 0.232 \, \text{nm}
$$

Now apply Bragg's Law again:

$$
2 \times 0.25 = 2 \times 0.232 \times \sin\theta
$$

$$
0.5 = 0.464 \times \sin\theta
$$

$$
\sin\theta = \frac{0.5}{0.464} \approx 1.077
$$

Still greater than 1 — **not valid**.

Try the **(200) plane**:

$$
d = \frac{a}{\sqrt{2^2 + 0^2 + 0^2}} = \frac{0.232}{2} =",No.,materials_science
